url,status_code,accessible,error,last_checked
https://nrs.objectstore.gov.bc.ca/gdwuts/082/082e/2024/dem/bc_082e003_3_2_2_xli1m_utm11_20240721_20240726.tif,200,True,,2026-08-29T19:29:21.600033+00:00
https://nrs.objectstore.gov.bc.ca/gdwuts/082/082f/2024/dem/bc_082f009_2_2_2_xli1m_utm11_20241008_20241008.tif,200,True,,2026-08-29T19:29:21.621945+00:00
https://nrs.objectstore.gov.bc.ca/gdwuts/082/082f/2024/dem/bc_082f009_2_2_4_xli1m_utm11_20241008_20241008.tif,200,True,,2026-08-29T19:29:21.616580+00:00
https://nrs.objectstore.gov.bc.ca/gdwuts/082/082f/2024/dem/bc_082f009_2_4_2_xli1m_utm11_20241008_20241008.tif,200,True,,2026-08-29T19:29:21.640646+00:00
https://nrs.objectstore.gov.bc.ca/gdwuts/082/082f/2024/dem/bc_082f009_2_4_3_xli1m_utm11_20241008_20241008.tif,200,True,,2026-08-29T19:29:21.625413+00:00
https://nrs.objectstore.gov.bc.ca/gdwuts/082/082f/2024/dem/bc_082f009_2_4_4_xli1m_utm11_20241008_20241008.tif,200,True,,2026-08-29T19:29:21.627937+00:00
https://nrs.objectstore.gov.bc.ca/gdwuts/082/082f/2024/dem/bc_082f009_4_1_4_xli1m_utm11_20241008_20250813.tif,200,True,,2026-08-29T19:29:21.620215+00:00
https://nrs.objectstore.gov.bc.ca/gdwuts/082/082f/2024/dem/bc_082f009_4_2_1_xli1m_utm11_20241008_20241008.tif,200,True,,2026-08-29T19:29:21.623618+00:00
https://nrs.objectstore.gov.bc.ca/gdwuts/082/082f/2024/dem/bc_082f009_4_2_2_xli1m_utm11_20241008_20250813.tif,200,True,,2026-08-29T19:29:21.618385+00:00
https://nrs.objectstore.gov.bc.ca/gdwuts/082/082f/2024/dem/bc_082f009_4_2_3_xli1m_utm11_20241008_20250813.tif,200,True,,2026-08-29T19:29:21.553848+00:00
https://nrs.objectstore.gov.bc.ca/gdwuts/082/082f/2024/dem/bc_082f009_4_2_4_xli1m_utm11_20241008_20250813.tif,200,True,,2026-08-29T19:29:21.627556+00:00
https://nrs.objectstore.gov.bc.ca/gdwuts/082/082f/2024/dem/bc_082f009_4_3_2_xli1m_utm11_20241008_20250813.tif,200,True,,2026-08-29T19:29:21.565302+00:00
https://nrs.objectstore.gov.bc.ca/gdwuts/082/082f/2024/dem/bc_082f009_4_3_3_xli1m_utm11_20241008_20250813.tif,200,True,,2026-08-29T19:29:21.612690+00:00
https://nrs.objectstore.gov.bc.ca/gdwuts/082/082f/2024/dem/bc_082f009_4_3_4_xli1m_utm11_20241008_20250813.tif,200,True,,2026-08-29T19:29:21.614744+00:00
https://nrs.objectstore.gov.bc.ca/gdwuts/082/082f/2024/dem/bc_082f009_4_4_1_xli1m_utm11_20241008_20250813.tif,200,True,,2026-08-29T19:29:21.643387+00:00
https://nrs.objectstore.gov.bc.ca/gdwuts/082/082f/2024/dem/bc_082f009_4_4_2_xli1m_utm11_20241008_20250813.tif,200,True,,2026-08-29T19:29:21.602184+00:00
https://nrs.objectstore.gov.bc.ca/gdwuts/082/082f/2024/dem/bc_082f009_4_4_3_xli1m_utm11_20241008_20250813.tif,200,True,,2026-08-29T19:29:22.001601+00:00
https://nrs.objectstore.gov.bc.ca/gdwuts/082/082f/2024/dem/bc_082f009_4_4_4_xli1m_utm11_20241008_20250813.tif,200,True,,2026-08-29T19:29:22.001270+00:00
https://nrs.objectstore.gov.bc.ca/gdwuts/082/082f/2024/dem/bc_082f010_1_1_1_xli1m_utm11_20241008_20250813.tif,200,True,,2026-08-29T19:29:21.865172+00:00
https://nrs.objectstore.gov.bc.ca/gdwuts/082/082f/2024/dem/bc_082f010_1_1_2_xli1m_utm11_20241008_20250813.tif,200,True,,2026-08-29T19:29:21.927402+00:00
https://nrs.objectstore.gov.bc.ca/gdwuts/082/082f/2024/dem/bc_082f010_1_1_3_xli1m_utm11_20241008_20241008.tif,200,True,,2026-08-29T19:29:21.995145+00:00
https://nrs.objectstore.gov.bc.ca/gdwuts/082/082f/2024/dem/bc_082f010_1_1_4_xli1m_utm11_20241008_20250813.tif,200,True,,2026-08-29T19:29:21.974953+00:00
https://nrs.objectstore.gov.bc.ca/gdwuts/082/082f/2024/dem/bc_082f010_1_2_1_xli1m_utm11_20241008_20250813.tif,200,True,,2026-08-29T19:29:21.935619+00:00
https://nrs.objectstore.gov.bc.ca/gdwuts/082/082f/2024/dem/bc_082f010_1_2_2_xli1m_utm11_20241008_20250813.tif,200,True,,2026-08-29T19:29:21.953118+00:00
https://nrs.objectstore.gov.bc.ca/gdwuts/082/082f/2024/dem/bc_082f010_1_2_3_xli1m_utm11_20241008_20250813.tif,200,True,,2026-08-29T19:29:21.966142+00:00
https://nrs.objectstore.gov.bc.ca/gdwuts/082/082f/2024/dem/bc_082f010_1_2_4_xli1m_utm11_20241008_20250813.tif,200,True,,2026-08-29T19:29:21.993017+00:00
https://nrs.objectstore.gov.bc.ca/gdwuts/082/082f/2024/dem/bc_082f010_1_3_1_xli1m_utm11_20241008_20241008.tif,200,True,,2026-08-29T19:29:21.929250+00:00
https://nrs.objectstore.gov.bc.ca/gdwuts/082/082f/2024/dem/bc_082f010_1_3_2_xli1m_utm11_20241008_20250813.tif,200,True,,2026-08-29T19:29:21.991087+00:00
https://nrs.objectstore.gov.bc.ca/gdwuts/082/082f/2024/dem/bc_082f010_1_3_3_xli1m_utm11_20241008_20250813.tif,200,True,,2026-08-29T19:29:22.001980+00:00
https://nrs.objectstore.gov.bc.ca/gdwuts/082/082f/2024/dem/bc_082f010_1_3_4_xli1m_utm11_20241008_20241008.tif,200,True,,2026-08-29T19:29:21.995743+00:00
https://nrs.objectstore.gov.bc.ca/gdwuts/082/082f/2024/dem/bc_082f010_1_4_1_xli1m_utm11_20241008_20250813.tif,200,True,,2026-08-29T19:29:21.999488+00:00
https://nrs.objectstore.gov.bc.ca/gdwuts/082/082f/2024/dem/bc_082f010_1_4_2_xli1m_utm11_20241008_20250813.tif,200,True,,2026-08-29T19:29:21.938671+00:00
https://nrs.objectstore.gov.bc.ca/gdwuts/082/082f/2024/dem/bc_082f010_1_4_3_xli1m_utm11_20241008_20250813.tif,200,True,,2026-08-29T19:29:22.265065+00:00
https://nrs.objectstore.gov.bc.ca/gdwuts/082/082f/2024/dem/bc_082f010_1_4_4_xli1m_utm11_20241008_20250813.tif,200,True,,2026-08-29T19:29:22.226369+00:00
https://nrs.objectstore.gov.bc.ca/gdwuts/082/082f/2024/dem/bc_082f010_2_1_1_xli1m_utm11_20241008_20250813.tif,200,True,,2026-08-29T19:29:22.245739+00:00
https://nrs.objectstore.gov.bc.ca/gdwuts/082/082f/2024/dem/bc_082f010_2_1_2_xli1m_utm11_20241008_20250813.tif,200,True,,2026-08-29T19:29:22.202286+00:00
https://nrs.objectstore.gov.bc.ca/gdwuts/082/082f/2024/dem/bc_082f010_2_1_3_xli1m_utm11_20241008_20250813.tif,200,True,,2026-08-29T19:29:22.268835+00:00
https://nrs.objectstore.gov.bc.ca/gdwuts/082/082f/2024/dem/bc_082f010_2_1_4_xli1m_utm11_20241008_20250813.tif,200,True,,2026-08-29T19:29:22.238564+00:00
https://nrs.objectstore.gov.bc.ca/gdwuts/082/082f/2024/dem/bc_082f010_2_2_1_xli1m_utm11_20241008_20250813.tif,200,True,,2026-08-29T19:29:22.202697+00:00
https://nrs.objectstore.gov.bc.ca/gdwuts/082/082f/2024/dem/bc_082f010_2_2_2_xli1m_utm11_20241008_20250813.tif,200,True,,2026-08-29T19:29:22.243966+00:00
https://nrs.objectstore.gov.bc.ca/gdwuts/082/082f/2024/dem/bc_082f010_2_2_3_xli1m_utm11_20241008_20250813.tif,200,True,,2026-08-29T19:29:22.251079+00:00
https://nrs.objectstore.gov.bc.ca/gdwuts/082/082f/2024/dem/bc_082f010_2_2_4_xli1m_utm11_20241008_20250813.tif,200,True,,2026-08-29T19:29:22.206913+00:00
https://nrs.objectstore.gov.bc.ca/gdwuts/082/082f/2024/dem/bc_082f010_2_3_1_xli1m_utm11_20241008_20250813.tif,200,True,,2026-08-29T19:29:22.213216+00:00
https://nrs.objectstore.gov.bc.ca/gdwuts/082/082f/2024/dem/bc_082f010_2_3_2_xli1m_utm11_20241008_20250813.tif,200,True,,2026-08-29T19:29:22.295485+00:00
https://nrs.objectstore.gov.bc.ca/gdwuts/082/082f/2024/dem/bc_082f010_2_3_3_xli1m_utm11_20241008_20250813.tif,200,True,,2026-08-29T19:29:22.291842+00:00
https://nrs.objectstore.gov.bc.ca/gdwuts/082/082f/2024/dem/bc_082f010_2_3_4_xli1m_utm11_20241008_20250813.tif,200,True,,2026-08-29T19:29:22.267081+00:00
https://nrs.objectstore.gov.bc.ca/gdwuts/082/082f/2024/dem/bc_082f010_2_4_1_xli1m_utm11_20241008_20250813.tif,200,True,,2026-08-29T19:29:22.289859+00:00
https://nrs.objectstore.gov.bc.ca/gdwuts/082/082f/2024/dem/bc_082f010_2_4_2_xli1m_utm11_20241008_20241008.tif,200,True,,2026-08-29T19:29:22.297304+00:00
https://nrs.objectstore.gov.bc.ca/gdwuts/082/082f/2024/dem/bc_082f010_2_4_3_xli1m_utm11_20241008_20250813.tif,200,True,,2026-08-29T19:29:22.602829+00:00
https://nrs.objectstore.gov.bc.ca/gdwuts/082/082f/2024/dem/bc_082f010_2_4_4_xli1m_utm11_20241008_20241008.tif,200,True,,2026-08-29T19:29:22.615409+00:00
https://nrs.objectstore.gov.bc.ca/gdwuts/082/082f/2024/dem/bc_082f010_3_1_1_xli1m_utm11_20241008_20250813.tif,200,True,,2026-08-29T19:29:22.599961+00:00
https://nrs.objectstore.gov.bc.ca/gdwuts/082/082f/2024/dem/bc_082f010_3_1_2_xli1m_utm11_20241008_20250813.tif,200,True,,2026-08-29T19:29:22.589853+00:00
https://nrs.objectstore.gov.bc.ca/gdwuts/082/082f/2024/dem/bc_082f010_3_1_3_xli1m_utm11_20241008_20250813.tif,200,True,,2026-08-29T19:29:22.617238+00:00
https://nrs.objectstore.gov.bc.ca/gdwuts/082/082f/2024/dem/bc_082f010_3_1_4_xli1m_utm11_20241008_20250813.tif,200,True,,2026-08-29T19:29:22.596842+00:00
https://nrs.objectstore.gov.bc.ca/gdwuts/082/082f/2024/dem/bc_082f010_3_2_1_xli1m_utm11_20241008_20250813.tif,200,True,,2026-08-29T19:29:22.617990+00:00
https://nrs.objectstore.gov.bc.ca/gdwuts/082/082f/2024/dem/bc_082f010_3_2_2_xli1m_utm11_20241008_20250813.tif,200,True,,2026-08-29T19:29:22.609526+00:00
https://nrs.objectstore.gov.bc.ca/gdwuts/082/082f/2024/dem/bc_082f010_3_2_3_xli1m_utm11_20241008_20241008.tif,200,True,,2026-08-29T19:29:22.583524+00:00
https://nrs.objectstore.gov.bc.ca/gdwuts/082/082f/2024/dem/bc_082f010_3_2_4_xli1m_utm11_20241008_20241008.tif,200,True,,2026-08-29T19:29:22.622505+00:00
https://nrs.objectstore.gov.bc.ca/gdwuts/082/082f/2024/dem/bc_082f010_3_3_1_xli1m_utm11_20241008_20250813.tif,200,True,,2026-08-29T19:29:22.585679+00:00
https://nrs.objectstore.gov.bc.ca/gdwuts/082/082f/2024/dem/bc_082f010_3_3_2_xli1m_utm11_20241008_20250813.tif,200,True,,2026-08-29T19:29:22.613624+00:00
https://nrs.objectstore.gov.bc.ca/gdwuts/082/082f/2024/dem/bc_082f010_3_3_3_xli1m_utm11_20241008_20250813.tif,200,True,,2026-08-29T19:29:22.706136+00:00
https://nrs.objectstore.gov.bc.ca/gdwuts/082/082f/2024/dem/bc_082f010_3_3_4_xli1m_utm11_20241008_20241008.tif,200,True,,2026-08-29T19:29:22.607859+00:00
https://nrs.objectstore.gov.bc.ca/gdwuts/082/082f/2024/dem/bc_082f010_3_4_1_xli1m_utm11_20241008_20241008.tif,200,True,,2026-08-29T19:29:22.587836+00:00
https://nrs.objectstore.gov.bc.ca/gdwuts/082/082f/2024/dem/bc_082f010_3_4_2_xli1m_utm11_20241008_20241008.tif,200,True,,2026-08-29T19:29:22.581795+00:00
https://nrs.objectstore.gov.bc.ca/gdwuts/082/082f/2024/dem/bc_082f010_3_4_3_xli1m_utm11_20241008_20241008.tif,200,True,,2026-08-29T19:29:22.747209+00:00
https://nrs.objectstore.gov.bc.ca/gdwuts/082/082f/2024/dem/bc_082f010_3_4_4_xli1m_utm11_20241008_20241008.tif,200,True,,2026-08-29T19:29:22.740128+00:00
https://nrs.objectstore.gov.bc.ca/gdwuts/082/082f/2024/dem/bc_082f010_4_1_1_xli1m_utm11_20241008_20250813.tif,200,True,,2026-08-29T19:29:22.728516+00:00
https://nrs.objectstore.gov.bc.ca/gdwuts/082/082f/2024/dem/bc_082f010_4_1_2_xli1m_utm11_20241008_20250813.tif,200,True,,2026-08-29T19:29:23.030238+00:00
https://nrs.objectstore.gov.bc.ca/gdwuts/082/082f/2024/dem/bc_082f010_4_1_3_xli1m_utm11_20241008_20250813.tif,200,True,,2026-08-29T19:29:22.983960+00:00
https://nrs.objectstore.gov.bc.ca/gdwuts/082/082f/2024/dem/bc_082f010_4_1_4_xli1m_utm11_20241008_20241008.tif,200,True,,2026-08-29T19:29:22.976804+00:00
https://nrs.objectstore.gov.bc.ca/gdwuts/082/082f/2024/dem/bc_082f010_4_2_1_xli1m_utm11_20241008_20241008.tif,200,True,,2026-08-29T19:29:23.022394+00:00
https://nrs.objectstore.gov.bc.ca/gdwuts/082/082f/2024/dem/bc_082f010_4_2_2_xli1m_utm11_20241008_20250813.tif,200,True,,2026-08-29T19:29:22.909290+00:00
https://nrs.objectstore.gov.bc.ca/gdwuts/082/082f/2024/dem/bc_082f010_4_2_3_xli1m_utm11_20241008_20241008.tif,200,True,,2026-08-29T19:29:23.038822+00:00
https://nrs.objectstore.gov.bc.ca/gdwuts/082/082f/2024/dem/bc_082f010_4_2_4_xli1m_utm11_20241008_20250813.tif,200,True,,2026-08-29T19:29:23.032136+00:00
https://nrs.objectstore.gov.bc.ca/gdwuts/082/082f/2024/dem/bc_082f010_4_3_1_xli1m_utm11_20241008_20241008.tif,200,True,,2026-08-29T19:29:22.989656+00:00
https://nrs.objectstore.gov.bc.ca/gdwuts/082/082f/2024/dem/bc_082f010_4_3_2_xli1m_utm11_20241008_20241008.tif,200,True,,2026-08-29T19:29:23.044130+00:00
https://nrs.objectstore.gov.bc.ca/gdwuts/082/082f/2024/dem/bc_082f010_4_3_3_xli1m_utm11_20241008_20250813.tif,200,True,,2026-08-29T19:29:22.981939+00:00
https://nrs.objectstore.gov.bc.ca/gdwuts/082/082f/2024/dem/bc_082f010_4_3_4_xli1m_utm11_20241008_20241008.tif,200,True,,2026-08-29T19:29:22.987849+00:00
https://nrs.objectstore.gov.bc.ca/gdwuts/082/082f/2024/dem/bc_082f010_4_4_1_xli1m_utm11_20241008_20250813.tif,200,True,,2026-08-29T19:29:23.047621+00:00
https://nrs.objectstore.gov.bc.ca/gdwuts/082/082f/2024/dem/bc_082f010_4_4_2_xli1m_utm11_20241008_20250813.tif,200,True,,2026-08-29T19:29:23.020605+00:00
https://nrs.objectstore.gov.bc.ca/gdwuts/082/082f/2024/dem/bc_082f010_4_4_3_xli1m_utm11_20241008_20250813.tif,200,True,,2026-08-29T19:29:23.009285+00:00
https://nrs.objectstore.gov.bc.ca/gdwuts/082/082f/2024/dem/bc_082f010_4_4_4_xli1m_utm11_20241008_20250813.tif,200,True,,2026-08-29T19:29:23.022745+00:00
https://nrs.objectstore.gov.bc.ca/gdwuts/082/082f/2024/dem/bc_082f019_1_2_4_xli1m_utm11_20241008_20250813.tif,200,True,,2026-08-29T19:29:23.051303+00:00
https://nrs.objectstore.gov.bc.ca/gdwuts/082/082f/2024/dem/bc_082f019_1_4_2_xli1m_utm11_20241008_20250813.tif,200,True,,2026-08-29T19:29:23.062530+00:00
https://nrs.objectstore.gov.bc.ca/gdwuts/082/082f/2024/dem/bc_082f019_1_4_4_xli1m_utm11_20241008_20250813.tif,200,True,,2026-08-29T19:29:23.314816+00:00
https://nrs.objectstore.gov.bc.ca/gdwuts/082/082f/2024/dem/bc_082f019_2_1_1_xli1m_utm11_20241008_20250813.tif,200,True,,2026-08-29T19:29:23.386167+00:00
https://nrs.objectstore.gov.bc.ca/gdwuts/082/082f/2024/dem/bc_082f019_2_1_2_xli1m_utm11_20241008_20250813.tif,200,True,,2026-08-29T19:29:23.379637+00:00
https://nrs.objectstore.gov.bc.ca/gdwuts/082/082f/2024/dem/bc_082f019_2_1_3_xli1m_utm11_20241008_20250813.tif,200,True,,2026-08-29T19:29:23.410196+00:00
https://nrs.objectstore.gov.bc.ca/gdwuts/082/082f/2024/dem/bc_082f019_2_1_4_xli1m_utm11_20241008_20250813.tif,200,True,,2026-08-29T19:29:23.348228+00:00
https://nrs.objectstore.gov.bc.ca/gdwuts/082/082f/2024/dem/bc_082f019_2_2_1_xli1m_utm11_20241008_20250813.tif,200,True,,2026-08-29T19:29:23.377349+00:00
https://nrs.objectstore.gov.bc.ca/gdwuts/082/082f/2024/dem/bc_082f019_2_2_2_xli1m_utm11_20241008_20250813.tif,200,True,,2026-08-29T19:29:23.381513+00:00
https://nrs.objectstore.gov.bc.ca/gdwuts/082/082f/2024/dem/bc_082f019_2_2_3_xli1m_utm11_20241008_20241008.tif,200,True,,2026-08-29T19:29:23.389525+00:00
https://nrs.objectstore.gov.bc.ca/gdwuts/082/082f/2024/dem/bc_082f019_2_2_4_xli1m_utm11_20241008_20241008.tif,200,True,,2026-08-29T19:29:23.383903+00:00
https://nrs.objectstore.gov.bc.ca/gdwuts/082/082f/2024/dem/bc_082f019_2_3_1_xli1m_utm11_20241008_20250813.tif,200,True,,2026-08-29T19:29:23.384294+00:00
https://nrs.objectstore.gov.bc.ca/gdwuts/082/082f/2024/dem/bc_082f019_2_3_2_xli1m_utm11_20241008_20241008.tif,200,True,,2026-08-29T19:29:23.328842+00:00
https://nrs.objectstore.gov.bc.ca/gdwuts/082/082f/2024/dem/bc_082f019_2_3_3_xli1m_utm11_20241008_20241008.tif,200,True,,2026-08-29T19:29:23.357120+00:00
https://nrs.objectstore.gov.bc.ca/gdwuts/082/082f/2024/dem/bc_082f019_2_3_4_xli1m_utm11_20241008_20241008.tif,200,True,,2026-08-29T19:29:23.345178+00:00
https://nrs.objectstore.gov.bc.ca/gdwuts/082/082f/2024/dem/bc_082f019_2_4_1_xli1m_utm11_20241008_20241008.tif,200,True,,2026-08-29T19:29:23.359511+00:00
https://nrs.objectstore.gov.bc.ca/gdwuts/082/082f/2024/dem/bc_082f019_2_4_2_xli1m_utm11_20241008_20241008.tif,200,True,,2026-08-29T19:29:23.343345+00:00
https://nrs.objectstore.gov.bc.ca/gdwuts/082/082f/2024/dem/bc_082f019_2_4_3_xli1m_utm11_20241008_20241008.tif,200,True,,2026-08-29T19:29:23.355279+00:00
https://nrs.objectstore.gov.bc.ca/gdwuts/082/082f/2024/dem/bc_082f019_2_4_4_xli1m_utm11_20241008_20241008.tif,200,True,,2026-08-29T19:29:23.456710+00:00
https://nrs.objectstore.gov.bc.ca/gdwuts/082/082f/2024/dem/bc_082f019_3_2_1_xli1m_utm11_20241008_20241008.tif,200,True,,2026-08-29T19:29:23.469195+00:00
https://nrs.objectstore.gov.bc.ca/gdwuts/082/082f/2024/dem/bc_082f019_3_2_2_xli1m_utm11_20241008_20241008.tif,200,True,,2026-08-29T19:29:23.567095+00:00
https://nrs.objectstore.gov.bc.ca/gdwuts/082/082f/2024/dem/bc_082f019_3_2_3_xli1m_utm11_20241008_20241008.tif,200,True,,2026-08-29T19:29:23.613241+00:00
https://nrs.objectstore.gov.bc.ca/gdwuts/082/082f/2024/dem/bc_082f019_3_2_4_xli1m_utm11_20241008_20250813.tif,200,True,,2026-08-29T19:29:23.572119+00:00
https://nrs.objectstore.gov.bc.ca/gdwuts/082/082f/2024/dem/bc_082f019_3_3_2_xli1m_utm11_20241008_20250813.tif,200,True,,2026-08-29T19:29:23.542177+00:00
https://nrs.objectstore.gov.bc.ca/gdwuts/082/082f/2024/dem/bc_082f019_3_3_4_xli1m_utm11_20241008_20250813.tif,200,True,,2026-08-29T19:29:23.535259+00:00
https://nrs.objectstore.gov.bc.ca/gdwuts/082/082f/2024/dem/bc_082f019_3_4_1_xli1m_utm11_20241008_20250813.tif,200,True,,2026-08-29T19:29:23.558148+00:00
https://nrs.objectstore.gov.bc.ca/gdwuts/082/082f/2024/dem/bc_082f019_3_4_2_xli1m_utm11_20241008_20250813.tif,200,True,,2026-08-29T19:29:23.613673+00:00
https://nrs.objectstore.gov.bc.ca/gdwuts/082/082f/2024/dem/bc_082f019_3_4_3_xli1m_utm11_20241008_20250813.tif,200,True,,2026-08-29T19:29:23.765624+00:00
https://nrs.objectstore.gov.bc.ca/gdwuts/082/082f/2024/dem/bc_082f019_3_4_4_xli1m_utm11_20241008_20250813.tif,200,True,,2026-08-29T19:29:23.726756+00:00
https://nrs.objectstore.gov.bc.ca/gdwuts/082/082f/2024/dem/bc_082f019_4_1_1_xli1m_utm11_20241008_20241008.tif,200,True,,2026-08-29T19:29:23.756567+00:00
https://nrs.objectstore.gov.bc.ca/gdwuts/082/082f/2024/dem/bc_082f019_4_1_2_xli1m_utm11_20241008_20241008.tif,200,True,,2026-08-29T19:29:23.729870+00:00
https://nrs.objectstore.gov.bc.ca/gdwuts/082/082f/2024/dem/bc_082f019_4_1_3_xli1m_utm11_20241008_20250813.tif,200,True,,2026-08-29T19:29:23.711683+00:00
https://nrs.objectstore.gov.bc.ca/gdwuts/082/082f/2024/dem/bc_082f019_4_1_4_xli1m_utm11_20241008_20241008.tif,200,True,,2026-08-29T19:29:23.751887+00:00
https://nrs.objectstore.gov.bc.ca/gdwuts/082/082f/2024/dem/bc_082f019_4_2_1_xli1m_utm11_20241008_20241008.tif,200,True,,2026-08-29T19:29:23.706220+00:00
https://nrs.objectstore.gov.bc.ca/gdwuts/082/082f/2024/dem/bc_082f019_4_2_2_xli1m_utm11_20241008_20241008.tif,200,True,,2026-08-29T19:29:23.804453+00:00
https://nrs.objectstore.gov.bc.ca/gdwuts/082/082f/2024/dem/bc_082f019_4_2_3_xli1m_utm11_20241008_20241008.tif,200,True,,2026-08-29T19:29:23.808123+00:00
https://nrs.objectstore.gov.bc.ca/gdwuts/082/082f/2024/dem/bc_082f019_4_2_4_xli1m_utm11_20241008_20250814.tif,200,True,,2026-08-29T19:29:23.777825+00:00
https://nrs.objectstore.gov.bc.ca/gdwuts/082/082f/2024/dem/bc_082f019_4_3_1_xli1m_utm11_20241008_20250813.tif,200,True,,2026-08-29T19:29:23.773338+00:00
https://nrs.objectstore.gov.bc.ca/gdwuts/082/082f/2024/dem/bc_082f019_4_3_2_xli1m_utm11_20241008_20250813.tif,200,True,,2026-08-29T19:29:23.791405+00:00
https://nrs.objectstore.gov.bc.ca/gdwuts/082/082f/2024/dem/bc_082f019_4_3_3_xli1m_utm11_20241008_20250813.tif,200,True,,2026-08-29T19:29:23.783986+00:00
https://nrs.objectstore.gov.bc.ca/gdwuts/082/082f/2024/dem/bc_082f019_4_3_4_xli1m_utm11_20241008_20250813.tif,200,True,,2026-08-29T19:29:23.793510+00:00
https://nrs.objectstore.gov.bc.ca/gdwuts/082/082f/2024/dem/bc_082f019_4_4_1_xli1m_utm11_20241008_20241008.tif,200,True,,2026-08-29T19:29:23.806298+00:00
https://nrs.objectstore.gov.bc.ca/gdwuts/082/082f/2024/dem/bc_082f019_4_4_2_xli1m_utm11_20241008_20250814.tif,200,True,,2026-08-29T19:29:23.808491+00:00
https://nrs.objectstore.gov.bc.ca/gdwuts/082/082f/2024/dem/bc_082f019_4_4_3_xli1m_utm11_20241008_20241008.tif,200,True,,2026-08-29T19:29:23.844036+00:00
https://nrs.objectstore.gov.bc.ca/gdwuts/082/082f/2024/dem/bc_082f019_4_4_4_xli1m_utm11_20241008_20250814.tif,200,True,,2026-08-29T19:29:24.104056+00:00
https://nrs.objectstore.gov.bc.ca/gdwuts/082/082f/2024/dem/bc_082f020_1_1_1_xli1m_utm11_20241008_20241008.tif,200,True,,2026-08-29T19:29:24.124836+00:00
https://nrs.objectstore.gov.bc.ca/gdwuts/082/082f/2024/dem/bc_082f020_1_1_2_xli1m_utm11_20241008_20241008.tif,200,True,,2026-08-29T19:29:24.133379+00:00
https://nrs.objectstore.gov.bc.ca/gdwuts/082/082f/2024/dem/bc_082f020_1_1_3_xli1m_utm11_20241008_20241008.tif,200,True,,2026-08-29T19:29:24.050286+00:00
https://nrs.objectstore.gov.bc.ca/gdwuts/082/082f/2024/dem/bc_082f020_1_1_4_xli1m_utm11_20241008_20241008.tif,200,True,,2026-08-29T19:29:24.128941+00:00
https://nrs.objectstore.gov.bc.ca/gdwuts/082/082f/2024/dem/bc_082f020_1_2_1_xli1m_utm11_20241008_20241008.tif,200,True,,2026-08-29T19:29:24.135066+00:00
https://nrs.objectstore.gov.bc.ca/gdwuts/082/082f/2024/dem/bc_082f020_1_2_2_xli1m_utm11_20241008_20250813.tif,200,True,,2026-08-29T19:29:24.111190+00:00
https://nrs.objectstore.gov.bc.ca/gdwuts/082/082f/2024/dem/bc_082f020_1_2_3_xli1m_utm11_20241008_20250813.tif,200,True,,2026-08-29T19:29:24.137288+00:00
https://nrs.objectstore.gov.bc.ca/gdwuts/082/082f/2024/dem/bc_082f020_1_2_4_xli1m_utm11_20241008_20250813.tif,200,True,,2026-08-29T19:29:24.150728+00:00
https://nrs.objectstore.gov.bc.ca/gdwuts/082/082f/2024/dem/bc_082f020_1_3_1_xli1m_utm11_20241008_20241008.tif,200,True,,2026-08-29T19:29:24.107552+00:00
https://nrs.objectstore.gov.bc.ca/gdwuts/082/082f/2024/dem/bc_082f020_1_3_2_xli1m_utm11_20241008_20250814.tif,200,True,,2026-08-29T19:29:24.069278+00:00
https://nrs.objectstore.gov.bc.ca/gdwuts/082/082f/2024/dem/bc_082f020_1_3_3_xli1m_utm11_20241008_20241008.tif,200,True,,2026-08-29T19:29:24.111541+00:00
https://nrs.objectstore.gov.bc.ca/gdwuts/082/082f/2024/dem/bc_082f020_1_3_4_xli1m_utm11_20241008_20250814.tif,200,True,,2026-08-29T19:29:24.127253+00:00
https://nrs.objectstore.gov.bc.ca/gdwuts/082/082f/2024/dem/bc_082f020_1_4_1_xli1m_utm11_20241008_20250814.tif,200,True,,2026-08-29T19:29:24.080135+00:00
https://nrs.objectstore.gov.bc.ca/gdwuts/082/082f/2024/dem/bc_082f020_1_4_2_xli1m_utm11_20241008_20250813.tif,200,True,,2026-08-29T19:29:24.107149+00:00
https://nrs.objectstore.gov.bc.ca/gdwuts/082/082f/2024/dem/bc_082f020_1_4_3_xli1m_utm11_20241008_20250814.tif,200,True,,2026-08-29T19:29:24.115660+00:00
https://nrs.objectstore.gov.bc.ca/gdwuts/082/082f/2024/dem/bc_082f020_1_4_4_xli1m_utm11_20241008_20250814.tif,200,True,,2026-08-29T19:29:24.478093+00:00
https://nrs.objectstore.gov.bc.ca/gdwuts/082/082f/2024/dem/bc_082f020_2_1_1_xli1m_utm11_20241008_20250813.tif,200,True,,2026-08-29T19:29:24.488297+00:00
https://nrs.objectstore.gov.bc.ca/gdwuts/082/082f/2024/dem/bc_082f020_2_1_2_xli1m_utm11_20241008_20241008.tif,200,True,,2026-08-29T19:29:24.468290+00:00
https://nrs.objectstore.gov.bc.ca/gdwuts/082/082f/2024/dem/bc_082f020_2_1_3_xli1m_utm11_20241008_20250813.tif,200,True,,2026-08-29T19:29:24.493299+00:00
https://nrs.objectstore.gov.bc.ca/gdwuts/082/082f/2024/dem/bc_082f020_2_1_4_xli1m_utm11_20241008_20241008.tif,200,True,,2026-08-29T19:29:24.478439+00:00
https://nrs.objectstore.gov.bc.ca/gdwuts/082/082f/2024/dem/bc_082f020_2_2_1_xli1m_utm11_20241008_20250813.tif,200,True,,2026-08-29T19:29:24.500327+00:00
https://nrs.objectstore.gov.bc.ca/gdwuts/082/082f/2024/dem/bc_082f020_2_2_2_xli1m_utm11_20241008_20250813.tif,200,True,,2026-08-29T19:29:24.493600+00:00
https://nrs.objectstore.gov.bc.ca/gdwuts/082/082f/2024/dem/bc_082f020_2_2_3_xli1m_utm11_20241008_20250813.tif,200,True,,2026-08-29T19:29:24.505154+00:00
https://nrs.objectstore.gov.bc.ca/gdwuts/082/082f/2024/dem/bc_082f020_2_2_4_xli1m_utm11_20241008_20250813.tif,200,True,,2026-08-29T19:29:24.490989+00:00
https://nrs.objectstore.gov.bc.ca/gdwuts/082/082f/2024/dem/bc_082f020_2_3_1_xli1m_utm11_20241008_20250813.tif,200,True,,2026-08-29T19:29:24.480453+00:00
https://nrs.objectstore.gov.bc.ca/gdwuts/082/082f/2024/dem/bc_082f020_2_3_2_xli1m_utm11_20241008_20241008.tif,200,True,,2026-08-29T19:29:24.488694+00:00
https://nrs.objectstore.gov.bc.ca/gdwuts/082/082f/2024/dem/bc_082f020_2_3_3_xli1m_utm11_20241008_20250814.tif,200,True,,2026-08-29T19:29:24.492943+00:00
https://nrs.objectstore.gov.bc.ca/gdwuts/082/082f/2024/dem/bc_082f020_2_3_4_xli1m_utm11_20241008_20250813.tif,200,True,,2026-08-29T19:29:24.489085+00:00
https://nrs.objectstore.gov.bc.ca/gdwuts/082/082f/2024/dem/bc_082f020_2_4_1_xli1m_utm11_20241008_20241008.tif,200,True,,2026-08-29T19:29:24.486047+00:00
https://nrs.objectstore.gov.bc.ca/gdwuts/082/082f/2024/dem/bc_082f020_2_4_2_xli1m_utm11_20241008_20250813.tif,200,True,,2026-08-29T19:29:24.458720+00:00
https://nrs.objectstore.gov.bc.ca/gdwuts/082/082f/2024/dem/bc_082f020_2_4_3_xli1m_utm11_20241008_20241008.tif,200,True,,2026-08-29T19:29:24.484096+00:00
https://nrs.objectstore.gov.bc.ca/gdwuts/082/082f/2024/dem/bc_082f020_2_4_4_xli1m_utm11_20241008_20250813.tif,200,True,,2026-08-29T19:29:24.647284+00:00
https://nrs.objectstore.gov.bc.ca/gdwuts/082/082f/2024/dem/bc_082f020_3_1_1_xli1m_utm11_20241008_20250814.tif,200,True,,2026-08-29T19:29:24.695554+00:00
https://nrs.objectstore.gov.bc.ca/gdwuts/082/082f/2024/dem/bc_082f020_3_1_2_xli1m_utm11_20241008_20250814.tif,200,True,,2026-08-29T19:29:24.767443+00:00
https://nrs.objectstore.gov.bc.ca/gdwuts/082/082f/2024/dem/bc_082f020_3_1_3_xli1m_utm11_20241008_20250814.tif,200,True,,2026-08-29T19:29:24.749472+00:00
https://nrs.objectstore.gov.bc.ca/gdwuts/082/082f/2024/dem/bc_082f020_3_1_4_xli1m_utm11_20241008_20250814.tif,200,True,,2026-08-29T19:29:24.745163+00:00
https://nrs.objectstore.gov.bc.ca/gdwuts/082/082f/2024/dem/bc_082f020_3_2_1_xli1m_utm11_20241008_20250814.tif,200,True,,2026-08-29T19:29:24.758620+00:00
https://nrs.objectstore.gov.bc.ca/gdwuts/082/082f/2024/dem/bc_082f020_3_2_2_xli1m_utm11_20241008_20250814.tif,200,True,,2026-08-29T19:29:24.775460+00:00
https://nrs.objectstore.gov.bc.ca/gdwuts/082/082f/2024/dem/bc_082f020_3_2_3_xli1m_utm11_20241008_20250814.tif,200,True,,2026-08-29T19:29:24.762326+00:00
https://nrs.objectstore.gov.bc.ca/gdwuts/082/082f/2024/dem/bc_082f020_3_2_4_xli1m_utm11_20241008_20250814.tif,200,True,,2026-08-29T19:29:24.762003+00:00
https://nrs.objectstore.gov.bc.ca/gdwuts/082/082f/2024/dem/bc_082f020_3_3_1_xli1m_utm11_20241008_20250814.tif,200,True,,2026-08-29T19:29:24.826535+00:00
https://nrs.objectstore.gov.bc.ca/gdwuts/082/082f/2024/dem/bc_082f020_3_3_2_xli1m_utm11_20241008_20250814.tif,200,True,,2026-08-29T19:29:24.765177+00:00
https://nrs.objectstore.gov.bc.ca/gdwuts/082/082f/2024/dem/bc_082f020_3_3_3_xli1m_utm11_20241008_20250814.tif,200,True,,2026-08-29T19:29:24.752625+00:00
https://nrs.objectstore.gov.bc.ca/gdwuts/082/082f/2024/dem/bc_082f020_3_3_4_xli1m_utm11_20241008_20250814.tif,200,True,,2026-08-29T19:29:24.790697+00:00
https://nrs.objectstore.gov.bc.ca/gdwuts/082/082f/2024/dem/bc_082f020_3_4_1_xli1m_utm11_20241008_20250814.tif,200,True,,2026-08-29T19:29:24.754423+00:00
https://nrs.objectstore.gov.bc.ca/gdwuts/082/082f/2024/dem/bc_082f020_3_4_2_xli1m_utm11_20241008_20250814.tif,200,True,,2026-08-29T19:29:24.769252+00:00
https://nrs.objectstore.gov.bc.ca/gdwuts/082/082f/2024/dem/bc_082f020_3_4_3_xli1m_utm11_20241008_20250814.tif,200,True,,2026-08-29T19:29:24.788980+00:00
https://nrs.objectstore.gov.bc.ca/gdwuts/082/082f/2024/dem/bc_082f020_3_4_4_xli1m_utm11_20241008_20250814.tif,200,True,,2026-08-29T19:29:24.792467+00:00
https://nrs.objectstore.gov.bc.ca/gdwuts/082/082f/2024/dem/bc_082f020_4_1_1_xli1m_utm11_20241008_20250814.tif,200,True,,2026-08-29T19:29:25.142042+00:00
https://nrs.objectstore.gov.bc.ca/gdwuts/082/082f/2024/dem/bc_082f020_4_1_2_xli1m_utm11_20241008_20250814.tif,200,True,,2026-08-29T19:29:25.123036+00:00
https://nrs.objectstore.gov.bc.ca/gdwuts/082/082f/2024/dem/bc_082f020_4_1_3_xli1m_utm11_20241008_20250814.tif,200,True,,2026-08-29T19:29:25.126932+00:00
https://nrs.objectstore.gov.bc.ca/gdwuts/082/082f/2024/dem/bc_082f020_4_1_4_xli1m_utm11_20241008_20250814.tif,200,True,,2026-08-29T19:29:25.147249+00:00
https://nrs.objectstore.gov.bc.ca/gdwuts/082/082f/2024/dem/bc_082f020_4_2_1_xli1m_utm11_20241008_20250813.tif,200,True,,2026-08-29T19:29:25.134506+00:00
https://nrs.objectstore.gov.bc.ca/gdwuts/082/082f/2024/dem/bc_082f020_4_2_2_xli1m_utm11_20241008_20241008.tif,200,True,,2026-08-29T19:29:25.132181+00:00
https://nrs.objectstore.gov.bc.ca/gdwuts/082/082f/2024/dem/bc_082f020_4_2_3_xli1m_utm11_20241008_20250813.tif,200,True,,2026-08-29T19:29:25.106397+00:00
https://nrs.objectstore.gov.bc.ca/gdwuts/082/082f/2024/dem/bc_082f020_4_2_4_xli1m_utm11_20241008_20250813.tif,200,True,,2026-08-29T19:29:25.123428+00:00
https://nrs.objectstore.gov.bc.ca/gdwuts/082/082f/2024/dem/bc_082f020_4_3_1_xli1m_utm11_20241008_20250814.tif,200,True,,2026-08-29T19:29:25.142461+00:00
https://nrs.objectstore.gov.bc.ca/gdwuts/082/082f/2024/dem/bc_082f020_4_3_2_xli1m_utm11_20241008_20250814.tif,200,True,,2026-08-29T19:29:25.146827+00:00
https://nrs.objectstore.gov.bc.ca/gdwuts/082/082f/2024/dem/bc_082f020_4_3_3_xli1m_utm11_20241008_20250814.tif,200,True,,2026-08-29T19:29:25.152954+00:00
https://nrs.objectstore.gov.bc.ca/gdwuts/082/082f/2024/dem/bc_082f020_4_3_4_xli1m_utm11_20241008_20250814.tif,200,True,,2026-08-29T19:29:25.099183+00:00
https://nrs.objectstore.gov.bc.ca/gdwuts/082/082f/2024/dem/bc_082f020_4_4_1_xli1m_utm11_20241008_20250814.tif,200,True,,2026-08-29T19:29:25.139136+00:00
https://nrs.objectstore.gov.bc.ca/gdwuts/082/082f/2024/dem/bc_082f020_4_4_2_xli1m_utm11_20241008_20250813.tif,200,True,,2026-08-29T19:29:25.152480+00:00
https://nrs.objectstore.gov.bc.ca/gdwuts/082/082f/2024/dem/bc_082f020_4_4_3_xli1m_utm11_20241008_20250814.tif,200,True,,2026-08-29T19:29:25.134032+00:00
https://nrs.objectstore.gov.bc.ca/gdwuts/082/082f/2024/dem/bc_082f020_4_4_4_xli1m_utm11_20241008_20250730.tif,200,True,,2026-08-29T19:29:25.127335+00:00
https://nrs.objectstore.gov.bc.ca/gdwuts/082/082f/2024/dem/bc_082f028_2_2_4_xli1m_utm11_20241008_20250813.tif,200,True,,2026-08-29T19:29:25.246267+00:00
https://nrs.objectstore.gov.bc.ca/gdwuts/082/082f/2024/dem/bc_082f028_2_4_2_xli1m_utm11_20241008_20250813.tif,200,True,,2026-08-29T19:29:25.292060+00:00
https://nrs.objectstore.gov.bc.ca/gdwuts/082/082f/2024/dem/bc_082f028_2_4_4_xli1m_utm11_20241008_20250813.tif,200,True,,2026-08-29T19:29:25.366293+00:00
https://nrs.objectstore.gov.bc.ca/gdwuts/082/082f/2024/dem/bc_082f028_4_2_2_xli1m_utm11_20241008_20250813.tif,200,True,,2026-08-29T19:29:25.343168+00:00
https://nrs.objectstore.gov.bc.ca/gdwuts/082/082f/2024/dem/bc_082f028_4_2_4_xli1m_utm11_20241008_20250813.tif,200,True,,2026-08-29T19:29:25.321900+00:00
https://nrs.objectstore.gov.bc.ca/gdwuts/082/082f/2024/dem/bc_082f028_4_4_2_xli1m_utm11_20241008_20250813.tif,200,True,,2026-08-29T19:29:25.319278+00:00
https://nrs.objectstore.gov.bc.ca/gdwuts/082/082f/2024/dem/bc_082f028_4_4_4_xli1m_utm11_20241008_20250813.tif,200,True,,2026-08-29T19:29:25.348142+00:00
https://nrs.objectstore.gov.bc.ca/gdwuts/082/082f/2024/dem/bc_082f029_1_1_2_xli1m_utm11_20241008_20250813.tif,200,True,,2026-08-29T19:29:25.350924+00:00
https://nrs.objectstore.gov.bc.ca/gdwuts/082/082f/2024/dem/bc_082f029_1_1_3_xli1m_utm11_20241008_20250813.tif,200,True,,2026-08-29T19:29:25.334926+00:00
https://nrs.objectstore.gov.bc.ca/gdwuts/082/082f/2024/dem/bc_082f030_1_2_1_xli1m_utm11_20241008_20250814.tif,200,True,,2026-08-29T19:29:25.367752+00:00
https://nrs.objectstore.gov.bc.ca/gdwuts/082/082f/2024/dem/bc_082f030_1_2_2_xli1m_utm11_20241008_20250814.tif,200,True,,2026-08-29T19:29:25.355640+00:00
https://nrs.objectstore.gov.bc.ca/gdwuts/082/082f/2024/dem/bc_082f030_1_2_3_xli1m_utm11_20241008_20250814.tif,200,True,,2026-08-29T19:29:25.507376+00:00
https://nrs.objectstore.gov.bc.ca/gdwuts/082/082f/2024/dem/bc_082f030_1_2_4_xli1m_utm11_20241008_20250814.tif,200,True,,2026-08-29T19:29:25.469335+00:00
https://nrs.objectstore.gov.bc.ca/gdwuts/082/082f/2024/dem/bc_082f030_1_3_2_xli1m_utm11_20241008_20250814.tif,200,True,,2026-08-29T19:29:25.542210+00:00
https://nrs.objectstore.gov.bc.ca/gdwuts/082/082f/2024/dem/bc_082f030_1_4_1_xli1m_utm11_20241008_20250814.tif,200,True,,2026-08-29T19:29:25.502190+00:00
https://nrs.objectstore.gov.bc.ca/gdwuts/082/082f/2024/dem/bc_082f030_1_4_2_xli1m_utm11_20241008_20250814.tif,200,True,,2026-08-29T19:29:25.494475+00:00
https://nrs.objectstore.gov.bc.ca/gdwuts/082/082f/2024/dem/bc_082f030_1_4_3_xli1m_utm11_20241008_20250814.tif,200,True,,2026-08-29T19:29:25.471577+00:00
https://nrs.objectstore.gov.bc.ca/gdwuts/082/082f/2024/dem/bc_082f030_1_4_4_xli1m_utm11_20241008_20250814.tif,200,True,,2026-08-29T19:29:25.502662+00:00
https://nrs.objectstore.gov.bc.ca/gdwuts/082/082f/2024/dem/bc_082f030_2_1_1_xli1m_utm11_20241008_20250814.tif,200,True,,2026-08-29T19:29:25.620148+00:00
https://nrs.objectstore.gov.bc.ca/gdwuts/082/082f/2024/dem/bc_082f030_2_1_2_xli1m_utm11_20241008_20250814.tif,200,True,,2026-08-29T19:29:25.554633+00:00
https://nrs.objectstore.gov.bc.ca/gdwuts/082/082f/2024/dem/bc_082f030_2_1_3_xli1m_utm11_20241008_20250814.tif,200,True,,2026-08-29T19:29:25.545873+00:00
https://nrs.objectstore.gov.bc.ca/gdwuts/082/082f/2024/dem/bc_082f030_2_1_4_xli1m_utm11_20241008_20250814.tif,200,True,,2026-08-29T19:29:25.651865+00:00
https://nrs.objectstore.gov.bc.ca/gdwuts/082/082f/2024/dem/bc_082f030_2_2_1_xli1m_utm11_20241008_20241008.tif,200,True,,2026-08-29T19:29:25.595147+00:00
https://nrs.objectstore.gov.bc.ca/gdwuts/082/082f/2024/dem/bc_082f030_2_2_2_xli1m_utm11_20241008_20250928.tif,200,True,,2026-08-29T19:29:25.587435+00:00
https://nrs.objectstore.gov.bc.ca/gdwuts/082/082f/2024/dem/bc_082f030_2_2_3_xli1m_utm11_20241008_20250928.tif,200,True,,2026-08-29T19:29:25.579955+00:00
https://nrs.objectstore.gov.bc.ca/gdwuts/082/082f/2024/dem/bc_082f030_2_2_4_xli1m_utm11_20241008_20250928.tif,200,True,,2026-08-29T19:29:25.588495+00:00
https://nrs.objectstore.gov.bc.ca/gdwuts/082/082f/2024/dem/bc_082f030_2_3_1_xli1m_utm11_20241008_20250814.tif,200,True,,2026-08-29T19:29:25.575009+00:00
https://nrs.objectstore.gov.bc.ca/gdwuts/082/082f/2024/dem/bc_082f030_2_3_2_xli1m_utm11_20241008_20250814.tif,200,True,,2026-08-29T19:29:25.641307+00:00
https://nrs.objectstore.gov.bc.ca/gdwuts/082/082f/2024/dem/bc_082f030_2_3_3_xli1m_utm11_20241008_20250814.tif,200,True,,2026-08-29T19:29:25.636114+00:00
https://nrs.objectstore.gov.bc.ca/gdwuts/082/082f/2024/dem/bc_082f030_2_3_4_xli1m_utm11_20241008_20250814.tif,200,True,,2026-08-29T19:29:25.667153+00:00
https://nrs.objectstore.gov.bc.ca/gdwuts/082/082f/2024/dem/bc_082f030_2_4_1_xli1m_utm11_20241008_20250928.tif,200,True,,2026-08-29T19:29:25.676295+00:00
https://nrs.objectstore.gov.bc.ca/gdwuts/082/082f/2024/dem/bc_082f030_2_4_2_xli1m_utm11_20241008_20250928.tif,200,True,,2026-08-29T19:29:25.686947+00:00
https://nrs.objectstore.gov.bc.ca/gdwuts/082/082f/2024/dem/bc_082f030_2_4_3_xli1m_utm11_20241008_20250928.tif,200,True,,2026-08-29T19:29:25.684285+00:00
https://nrs.objectstore.gov.bc.ca/gdwuts/082/082f/2024/dem/bc_082f030_3_2_1_xli1m_utm11_20241008_20250814.tif,200,True,,2026-08-29T19:29:25.726147+00:00
https://nrs.objectstore.gov.bc.ca/gdwuts/082/082f/2024/dem/bc_082f030_3_2_2_xli1m_utm11_20241008_20250814.tif,200,True,,2026-08-29T19:29:25.710249+00:00
https://nrs.objectstore.gov.bc.ca/gdwuts/082/082f/2024/dem/bc_082f030_4_1_1_xli1m_utm11_20241008_20250814.tif,200,True,,2026-08-29T19:29:25.726576+00:00
https://nrs.objectstore.gov.bc.ca/gdwuts/082/082f/2024/dem/bc_082f030_4_1_2_xli1m_utm11_20241008_20250814.tif,200,True,,2026-08-29T19:29:25.782534+00:00
https://nrs.objectstore.gov.bc.ca/gdwuts/082/082f/2024/dem/bc_082f030_4_1_3_xli1m_utm11_20241008_20250814.tif,200,True,,2026-08-29T19:29:25.803143+00:00
https://nrs.objectstore.gov.bc.ca/gdwuts/082/082f/2024/dem/bc_082f030_4_1_4_xli1m_utm11_20241008_20250814.tif,200,True,,2026-08-29T19:29:25.796232+00:00
https://nrs.objectstore.gov.bc.ca/gdwuts/082/082f/2024/dem/bc_082f030_4_2_1_xli1m_utm11_20241008_20250928.tif,200,True,,2026-08-29T19:29:25.790623+00:00
https://nrs.objectstore.gov.bc.ca/gdwuts/082/082f/2024/dem/bc_082f030_4_3_1_xli1m_utm11_20241008_20250814.tif,200,True,,2026-08-29T19:29:25.788454+00:00
https://nrs.objectstore.gov.bc.ca/gdwuts/082/082f/2024/dem/bc_082f030_4_3_2_xli1m_utm11_20241008_20250814.tif,200,True,,2026-08-29T19:29:25.825289+00:00
https://nrs.objectstore.gov.bc.ca/gdwuts/082/082f/2024/dem/bc_082f030_4_3_3_xli1m_utm11_20241008_20250814.tif,200,True,,2026-08-29T19:29:25.844897+00:00
https://nrs.objectstore.gov.bc.ca/gdwuts/082/082f/2024/dem/bc_082f030_4_3_4_xli1m_utm11_20241008_20250814.tif,200,True,,2026-08-29T19:29:25.855333+00:00
https://nrs.objectstore.gov.bc.ca/gdwuts/082/082f/2024/dem/bc_082f038_2_2_2_xli1m_utm11_20241008_20250813.tif,200,True,,2026-08-29T19:29:25.848366+00:00
https://nrs.objectstore.gov.bc.ca/gdwuts/082/082f/2024/dem/bc_082f038_2_2_4_xli1m_utm11_20241008_20250813.tif,200,True,,2026-08-29T19:29:25.857914+00:00
https://nrs.objectstore.gov.bc.ca/gdwuts/082/082f/2024/dem/bc_082f039_1_1_1_xli1m_utm11_20241008_20250813.tif,200,True,,2026-08-29T19:29:25.880036+00:00
https://nrs.objectstore.gov.bc.ca/gdwuts/082/082f/2024/dem/bc_082f039_1_1_2_xli1m_utm11_20241008_20241008.tif,200,True,,2026-08-29T19:29:25.917050+00:00
https://nrs.objectstore.gov.bc.ca/gdwuts/082/082f/2024/dem/bc_082f039_1_1_3_xli1m_utm11_20241008_20250813.tif,200,True,,2026-08-29T19:29:25.918736+00:00
https://nrs.objectstore.gov.bc.ca/gdwuts/082/082f/2024/dem/bc_082f039_1_1_4_xli1m_utm11_20241008_20250813.tif,200,True,,2026-08-29T19:29:25.894397+00:00
https://nrs.objectstore.gov.bc.ca/gdwuts/082/082f/2024/dem/bc_082f039_1_3_1_xli1m_utm11_20241008_20250813.tif,200,True,,2026-08-29T19:29:25.931080+00:00
https://nrs.objectstore.gov.bc.ca/gdwuts/082/082f/2024/dem/bc_082f040_1_2_2_xli1m_utm11_20241008_20250814.tif,200,True,,2026-08-29T19:29:25.942155+00:00
https://nrs.objectstore.gov.bc.ca/gdwuts/082/082f/2024/dem/bc_082f040_1_2_4_xli1m_utm11_20241008_20250814.tif,200,True,,2026-08-29T19:29:25.985199+00:00
https://nrs.objectstore.gov.bc.ca/gdwuts/082/082f/2024/dem/bc_082f040_1_4_2_xli1m_utm11_20241008_20250814.tif,200,True,,2026-08-29T19:29:25.956177+00:00
https://nrs.objectstore.gov.bc.ca/gdwuts/082/082f/2024/dem/bc_082f040_1_4_4_xli1m_utm11_20241008_20250814.tif,200,True,,2026-08-29T19:29:25.993275+00:00
https://nrs.objectstore.gov.bc.ca/gdwuts/082/082f/2024/dem/bc_082f040_2_1_1_xli1m_utm11_20241008_20250814.tif,200,True,,2026-08-29T19:29:25.994826+00:00
https://nrs.objectstore.gov.bc.ca/gdwuts/082/082f/2024/dem/bc_082f040_2_1_3_xli1m_utm11_20241008_20250814.tif,200,True,,2026-08-29T19:29:25.989166+00:00
https://nrs.objectstore.gov.bc.ca/gdwuts/082/082f/2025/dem/bc_082f030_2_4_4_xli1m_utm11_20250730_20250928.tif,200,True,,2026-08-29T19:29:26.040148+00:00
https://nrs.objectstore.gov.bc.ca/gdwuts/082/082f/2025/dem/bc_082f030_4_2_2_xli1m_utm11_20250730_20250928.tif,200,True,,2026-08-29T19:29:26.030264+00:00
https://nrs.objectstore.gov.bc.ca/gdwuts/082/082f/2025/dem/bc_082f030_4_2_3_xli1m_utm11_20250730_20250928.tif,200,True,,2026-08-29T19:29:26.072205+00:00
https://nrs.objectstore.gov.bc.ca/gdwuts/082/082f/2025/dem/bc_082f030_4_2_4_xli1m_utm11_20250730_20250928.tif,200,True,,2026-08-29T19:29:26.106540+00:00
https://nrs.objectstore.gov.bc.ca/gdwuts/082/082f/2025/dem/bc_082f030_4_4_1_xli1m_utm11_20250730_20250814.tif,200,True,,2026-08-29T19:29:26.057503+00:00
https://nrs.objectstore.gov.bc.ca/gdwuts/082/082f/2025/dem/bc_082f030_4_4_2_xli1m_utm11_20250730_20250814.tif,200,True,,2026-08-29T19:29:26.098206+00:00
https://nrs.objectstore.gov.bc.ca/gdwuts/082/082f/2025/dem/bc_082f030_4_4_3_xli1m_utm11_20250730_20250814.tif,200,True,,2026-08-29T19:29:26.119252+00:00
https://nrs.objectstore.gov.bc.ca/gdwuts/082/082f/2025/dem/bc_082f030_4_4_4_xli1m_utm11_20250730_20250814.tif,200,True,,2026-08-29T19:29:26.111758+00:00
https://nrs.objectstore.gov.bc.ca/gdwuts/082/082f/2025/dem/bc_082f040_2_1_2_xli1m_utm11_20250730_20250814.tif,200,True,,2026-08-29T19:29:26.126993+00:00
https://nrs.objectstore.gov.bc.ca/gdwuts/082/082f/2025/dem/bc_082f040_2_1_4_xli1m_utm11_20250730_20250814.tif,200,True,,2026-08-29T19:29:26.112216+00:00
https://nrs.objectstore.gov.bc.ca/gdwuts/082/082f/2025/dem/bc_082f040_2_2_1_xli1m_utm11_20250730_20250814.tif,200,True,,2026-08-29T19:29:26.146344+00:00
https://nrs.objectstore.gov.bc.ca/gdwuts/082/082f/2025/dem/bc_082f040_2_2_2_xli1m_utm11_20250730_20250814.tif,200,True,,2026-08-29T19:29:26.177640+00:00
https://nrs.objectstore.gov.bc.ca/gdwuts/082/082f/2025/dem/bc_082f040_2_2_3_xli1m_utm11_20250730_20250814.tif,200,True,,2026-08-29T19:29:26.189847+00:00
https://nrs.objectstore.gov.bc.ca/gdwuts/082/082f/2025/dem/bc_082f040_2_3_1_xli1m_utm11_20250730_20250814.tif,200,True,,2026-08-29T19:29:26.175282+00:00
https://nrs.objectstore.gov.bc.ca/gdwuts/082/082f/2025/dem/bc_082f040_2_3_2_xli1m_utm11_20250730_20250814.tif,200,True,,2026-08-29T19:29:26.205155+00:00
https://nrs.objectstore.gov.bc.ca/gdwuts/082/082f/2025/dem/bc_082f040_2_3_3_xli1m_utm11_20250730_20250814.tif,200,True,,2026-08-29T19:29:26.257879+00:00
https://nrs.objectstore.gov.bc.ca/gdwuts/082/082f/2025/dem/bc_082f040_2_3_4_xli1m_utm11_20250730_20250814.tif,200,True,,2026-08-29T19:29:26.215159+00:00
https://nrs.objectstore.gov.bc.ca/gdwuts/082/082f/2025/dem/bc_082f040_2_4_1_xli1m_utm11_20250730_20250814.tif,200,True,,2026-08-29T19:29:26.212736+00:00
https://nrs.objectstore.gov.bc.ca/gdwuts/082/082f/2025/dem/bc_082f040_2_4_3_xli1m_utm11_20250730_20250814.tif,200,True,,2026-08-29T19:29:26.223160+00:00
https://nrs.objectstore.gov.bc.ca/gdwuts/082/082f/2025/dem/bc_082f040_2_4_4_xli1m_utm11_20250730_20250814.tif,200,True,,2026-08-29T19:29:26.250534+00:00
https://nrs.objectstore.gov.bc.ca/gdwuts/082/082f/2025/dem/bc_082f040_4_1_1_xli1m_utm11_20250730_20250814.tif,200,True,,2026-08-29T19:29:26.288763+00:00
https://nrs.objectstore.gov.bc.ca/gdwuts/082/082f/2025/dem/bc_082f040_4_1_2_xli1m_utm11_20250730_20250814.tif,200,True,,2026-08-29T19:29:26.304004+00:00
https://nrs.objectstore.gov.bc.ca/gdwuts/082/082f/2025/dem/bc_082f040_4_1_3_xli1m_utm11_20250730_20250730.tif,200,True,,2026-08-29T19:29:26.340569+00:00
https://nrs.objectstore.gov.bc.ca/gdwuts/082/082f/2025/dem/bc_082f040_4_1_4_xli1m_utm11_20250730_20250730.tif,200,True,,2026-08-29T19:29:26.330304+00:00
https://nrs.objectstore.gov.bc.ca/gdwuts/082/082f/2025/dem/bc_082f040_4_2_1_xli1m_utm11_20250730_20250814.tif,200,True,,2026-08-29T19:29:26.322177+00:00
https://nrs.objectstore.gov.bc.ca/gdwuts/082/082f/2025/dem/bc_082f040_4_2_2_xli1m_utm11_20250730_20250927.tif,200,True,,2026-08-29T19:29:26.350810+00:00
https://nrs.objectstore.gov.bc.ca/gdwuts/082/082f/2025/dem/bc_082f040_4_2_3_xli1m_utm11_20250730_20250814.tif,200,True,,2026-08-29T19:29:26.329596+00:00
https://nrs.objectstore.gov.bc.ca/gdwuts/082/082f/2025/dem/bc_082f040_4_2_4_xli1m_utm11_20250730_20250927.tif,200,True,,2026-08-29T19:29:26.413253+00:00
https://nrs.objectstore.gov.bc.ca/gdwuts/082/082f/2025/dem/bc_082f040_4_3_2_xli1m_utm11_20250730_20250927.tif,200,True,,2026-08-29T19:29:26.434215+00:00
https://nrs.objectstore.gov.bc.ca/gdwuts/082/082f/2025/dem/bc_082f040_4_4_1_xli1m_utm11_20250730_20250927.tif,200,True,,2026-08-29T19:29:26.429104+00:00
https://nrs.objectstore.gov.bc.ca/gdwuts/082/082f/2025/dem/bc_082f040_4_4_2_xli1m_utm11_20250730_20250927.tif,200,True,,2026-08-29T19:29:26.401147+00:00
https://nrs.objectstore.gov.bc.ca/gdwuts/082/082f/2025/dem/bc_082f040_4_4_3_xli1m_utm11_20250730_20250927.tif,200,True,,2026-08-29T19:29:26.398276+00:00
https://nrs.objectstore.gov.bc.ca/gdwuts/082/082f/2025/dem/bc_082f040_4_4_4_xli1m_utm11_20250730_20250927.tif,200,True,,2026-08-29T19:29:26.409197+00:00
https://nrs.objectstore.gov.bc.ca/gdwuts/082/082f/2025/dem/bc_082f050_2_2_1_xli1m_utm11_20250730_20250927.tif,200,True,,2026-08-29T19:29:26.441359+00:00
https://nrs.objectstore.gov.bc.ca/gdwuts/082/082f/2025/dem/bc_082f050_2_2_2_xli1m_utm11_20250730_20250927.tif,200,True,,2026-08-29T19:29:26.448550+00:00
https://nrs.objectstore.gov.bc.ca/gdwuts/082/082f/2025/dem/bc_082f050_2_2_4_xli1m_utm11_20250730_20250927.tif,200,True,,2026-08-29T19:29:26.446153+00:00
https://nrs.objectstore.gov.bc.ca/gdwuts/082/082f/2025/dem/bc_082f050_2_4_2_xli1m_utm11_20250730_20250927.tif,200,True,,2026-08-29T19:29:26.475642+00:00
https://nrs.objectstore.gov.bc.ca/gdwuts/082/082g/2024/dem/bc_082g004_1_2_4_xli1m_utm11_20241009_20250729.tif,200,True,,2026-08-29T19:29:26.486187+00:00
https://nrs.objectstore.gov.bc.ca/gdwuts/082/082g/2024/dem/bc_082g004_1_4_2_xli1m_utm11_20241009_20250729.tif,200,True,,2026-08-29T19:29:26.523140+00:00
https://nrs.objectstore.gov.bc.ca/gdwuts/082/082g/2024/dem/bc_082g004_1_4_3_xli1m_utm11_20241009_20250729.tif,200,True,,2026-08-29T19:29:26.515795+00:00
https://nrs.objectstore.gov.bc.ca/gdwuts/082/082g/2024/dem/bc_082g004_1_4_4_xli1m_utm11_20240922_20250729.tif,200,True,,2026-08-29T19:29:26.530286+00:00
https://nrs.objectstore.gov.bc.ca/gdwuts/082/082g/2024/dem/bc_082g004_2_1_1_xli1m_utm11_20240922_20250729.tif,200,True,,2026-08-29T19:29:26.508064+00:00
https://nrs.objectstore.gov.bc.ca/gdwuts/082/082g/2024/dem/bc_082g004_2_1_2_xli1m_utm11_20240922_20241009.tif,200,True,,2026-08-29T19:29:26.537126+00:00
https://nrs.objectstore.gov.bc.ca/gdwuts/082/082g/2024/dem/bc_082g004_2_1_3_xli1m_utm11_20240922_20250729.tif,200,True,,2026-08-29T19:29:26.593016+00:00
https://nrs.objectstore.gov.bc.ca/gdwuts/082/082g/2024/dem/bc_082g004_2_1_4_xli1m_utm11_20240922_20241009.tif,200,True,,2026-08-29T19:29:26.601164+00:00
https://nrs.objectstore.gov.bc.ca/gdwuts/082/082g/2024/dem/bc_082g004_2_2_1_xli1m_utm11_20240922_20241007.tif,200,True,,2026-08-29T19:29:26.590478+00:00
https://nrs.objectstore.gov.bc.ca/gdwuts/082/082g/2024/dem/bc_082g004_2_2_2_xli1m_utm11_20240924_20241007.tif,200,True,,2026-08-29T19:29:26.630259+00:00
https://nrs.objectstore.gov.bc.ca/gdwuts/082/082g/2024/dem/bc_082g004_2_2_3_xli1m_utm11_20241007_20241007.tif,200,True,,2026-08-29T19:29:26.656324+00:00
https://nrs.objectstore.gov.bc.ca/gdwuts/082/082g/2024/dem/bc_082g004_2_2_4_xli1m_utm11_20240924_20241007.tif,200,True,,2026-08-29T19:29:26.639393+00:00
https://nrs.objectstore.gov.bc.ca/gdwuts/082/082g/2024/dem/bc_082g004_2_3_1_xli1m_utm11_20240922_20250729.tif,200,True,,2026-08-29T19:29:26.687114+00:00
https://nrs.objectstore.gov.bc.ca/gdwuts/082/082g/2024/dem/bc_082g004_2_3_2_xli1m_utm11_20240922_20241009.tif,200,True,,2026-08-29T19:29:26.661551+00:00
https://nrs.objectstore.gov.bc.ca/gdwuts/082/082g/2024/dem/bc_082g004_2_3_3_xli1m_utm11_20240922_20241009.tif,200,True,,2026-08-29T19:29:26.646360+00:00
https://nrs.objectstore.gov.bc.ca/gdwuts/082/082g/2024/dem/bc_082g004_2_3_4_xli1m_utm11_20241007_20241007.tif,200,True,,2026-08-29T19:29:26.825367+00:00
https://nrs.objectstore.gov.bc.ca/gdwuts/082/082g/2024/dem/bc_082g004_2_4_1_xli1m_utm11_20241007_20241007.tif,200,True,,2026-08-29T19:29:26.721521+00:00
https://nrs.objectstore.gov.bc.ca/gdwuts/082/082g/2024/dem/bc_082g004_2_4_2_xli1m_utm11_20240924_20241007.tif,200,True,,2026-08-29T19:29:26.728007+00:00
https://nrs.objectstore.gov.bc.ca/gdwuts/082/082g/2024/dem/bc_082g004_2_4_3_xli1m_utm11_20240924_20241007.tif,200,True,,2026-08-29T19:29:26.702259+00:00
https://nrs.objectstore.gov.bc.ca/gdwuts/082/082g/2024/dem/bc_082g004_2_4_4_xli1m_utm11_20240924_20241007.tif,200,True,,2026-08-29T19:29:26.751322+00:00
https://nrs.objectstore.gov.bc.ca/gdwuts/082/082g/2024/dem/bc_082g004_3_2_1_xli1m_utm11_20241009_20250729.tif,200,True,,2026-08-29T19:29:26.714262+00:00
https://nrs.objectstore.gov.bc.ca/gdwuts/082/082g/2024/dem/bc_082g004_3_2_2_xli1m_utm11_20240922_20250729.tif,200,True,,2026-08-29T19:29:26.731098+00:00
https://nrs.objectstore.gov.bc.ca/gdwuts/082/082g/2024/dem/bc_082g004_3_2_3_xli1m_utm11_20240922_20250815.tif,200,True,,2026-08-29T19:29:26.762831+00:00
https://nrs.objectstore.gov.bc.ca/gdwuts/082/082g/2024/dem/bc_082g004_3_2_4_xli1m_utm11_20240922_20241009.tif,200,True,,2026-08-29T19:29:26.783067+00:00
https://nrs.objectstore.gov.bc.ca/gdwuts/082/082g/2024/dem/bc_082g004_3_3_2_xli1m_utm11_20241009_20250815.tif,200,True,,2026-08-29T19:29:26.835407+00:00
https://nrs.objectstore.gov.bc.ca/gdwuts/082/082g/2024/dem/bc_082g004_3_3_4_xli1m_utm11_20241009_20250815.tif,200,True,,2026-08-29T19:29:26.841412+00:00
https://nrs.objectstore.gov.bc.ca/gdwuts/082/082g/2024/dem/bc_082g004_3_4_1_xli1m_utm11_20240922_20250815.tif,200,True,,2026-08-29T19:29:26.811863+00:00
https://nrs.objectstore.gov.bc.ca/gdwuts/082/082g/2024/dem/bc_082g004_3_4_2_xli1m_utm11_20240922_20241009.tif,200,True,,2026-08-29T19:29:26.837531+00:00
https://nrs.objectstore.gov.bc.ca/gdwuts/082/082g/2024/dem/bc_082g004_3_4_3_xli1m_utm11_20240922_20250815.tif,200,True,,2026-08-29T19:29:26.829251+00:00
https://nrs.objectstore.gov.bc.ca/gdwuts/082/082g/2024/dem/bc_082g004_3_4_4_xli1m_utm11_20240922_20241007.tif,200,True,,2026-08-29T19:29:26.851268+00:00
https://nrs.objectstore.gov.bc.ca/gdwuts/082/082g/2024/dem/bc_082g004_4_1_1_xli1m_utm11_20240922_20241009.tif,200,True,,2026-08-29T19:29:26.860535+00:00
https://nrs.objectstore.gov.bc.ca/gdwuts/082/082g/2024/dem/bc_082g004_4_1_2_xli1m_utm11_20241007_20241007.tif,200,True,,2026-08-29T19:29:26.893436+00:00
https://nrs.objectstore.gov.bc.ca/gdwuts/082/082g/2024/dem/bc_082g004_4_1_3_xli1m_utm11_20240922_20241007.tif,200,True,,2026-08-29T19:29:26.900469+00:00
https://nrs.objectstore.gov.bc.ca/gdwuts/082/082g/2024/dem/bc_082g004_4_1_4_xli1m_utm11_20240924_20241007.tif,200,True,,2026-08-29T19:29:26.936271+00:00
https://nrs.objectstore.gov.bc.ca/gdwuts/082/082g/2024/dem/bc_082g004_4_2_1_xli1m_utm11_20240924_20241007.tif,200,True,,2026-08-29T19:29:26.950896+00:00
https://nrs.objectstore.gov.bc.ca/gdwuts/082/082g/2024/dem/bc_082g004_4_2_2_xli1m_utm11_20240924_20241007.tif,200,True,,2026-08-29T19:29:26.902646+00:00
https://nrs.objectstore.gov.bc.ca/gdwuts/082/082g/2024/dem/bc_082g004_4_2_3_xli1m_utm11_20240924_20241007.tif,200,True,,2026-08-29T19:29:26.942663+00:00
https://nrs.objectstore.gov.bc.ca/gdwuts/082/082g/2024/dem/bc_082g004_4_2_4_xli1m_utm11_20240924_20240924.tif,200,True,,2026-08-29T19:29:26.946707+00:00
https://nrs.objectstore.gov.bc.ca/gdwuts/082/082g/2024/dem/bc_082g004_4_3_1_xli1m_utm11_20241007_20241007.tif,200,True,,2026-08-29T19:29:26.959176+00:00
https://nrs.objectstore.gov.bc.ca/gdwuts/082/082g/2024/dem/bc_082g004_4_3_2_xli1m_utm11_20240924_20241007.tif,200,True,,2026-08-29T19:29:26.964928+00:00
https://nrs.objectstore.gov.bc.ca/gdwuts/082/082g/2024/dem/bc_082g004_4_3_3_xli1m_utm11_20241007_20241007.tif,200,True,,2026-08-29T19:29:27.044737+00:00
https://nrs.objectstore.gov.bc.ca/gdwuts/082/082g/2024/dem/bc_082g004_4_3_4_xli1m_utm11_20240924_20241007.tif,200,True,,2026-08-29T19:29:27.028302+00:00
https://nrs.objectstore.gov.bc.ca/gdwuts/082/082g/2024/dem/bc_082g004_4_4_1_xli1m_utm11_20240924_20241007.tif,200,True,,2026-08-29T19:29:27.057892+00:00
https://nrs.objectstore.gov.bc.ca/gdwuts/082/082g/2024/dem/bc_082g004_4_4_2_xli1m_utm11_20240922_20240924.tif,200,True,,2026-08-29T19:29:27.052199+00:00
https://nrs.objectstore.gov.bc.ca/gdwuts/082/082g/2024/dem/bc_082g004_4_4_3_xli1m_utm11_20240922_20241007.tif,200,True,,2026-08-29T19:29:27.042268+00:00
https://nrs.objectstore.gov.bc.ca/gdwuts/082/082g/2024/dem/bc_082g004_4_4_4_xli1m_utm11_20240922_20240924.tif,200,True,,2026-08-29T19:29:27.067810+00:00
https://nrs.objectstore.gov.bc.ca/gdwuts/082/082g/2024/dem/bc_082g005_1_1_1_xli1m_utm11_20240924_20241007.tif,200,True,,2026-08-29T19:29:27.083458+00:00
https://nrs.objectstore.gov.bc.ca/gdwuts/082/082g/2024/dem/bc_082g005_1_1_2_xli1m_utm11_20240922_20240924.tif,200,True,,2026-08-29T19:29:27.090426+00:00
https://nrs.objectstore.gov.bc.ca/gdwuts/082/082g/2024/dem/bc_082g005_1_1_3_xli1m_utm11_20240924_20241007.tif,200,True,,2026-08-29T19:29:27.130826+00:00
https://nrs.objectstore.gov.bc.ca/gdwuts/082/082g/2024/dem/bc_082g005_1_1_4_xli1m_utm11_20240922_20240924.tif,200,True,,2026-08-29T19:29:27.126142+00:00
https://nrs.objectstore.gov.bc.ca/gdwuts/082/082g/2024/dem/bc_082g005_1_2_1_xli1m_utm11_20240922_20240924.tif,200,True,,2026-08-29T19:29:27.163597+00:00
https://nrs.objectstore.gov.bc.ca/gdwuts/082/082g/2024/dem/bc_082g005_1_2_2_xli1m_utm11_20240922_20241006.tif,200,True,,2026-08-29T19:29:27.161229+00:00
https://nrs.objectstore.gov.bc.ca/gdwuts/082/082g/2024/dem/bc_082g005_1_2_3_xli1m_utm11_20240922_20240924.tif,200,True,,2026-08-29T19:29:27.182099+00:00
https://nrs.objectstore.gov.bc.ca/gdwuts/082/082g/2024/dem/bc_082g005_1_2_4_xli1m_utm11_20240922_20241006.tif,200,True,,2026-08-29T19:29:27.167142+00:00
https://nrs.objectstore.gov.bc.ca/gdwuts/082/082g/2024/dem/bc_082g005_1_3_1_xli1m_utm11_20240922_20241007.tif,200,True,,2026-08-29T19:29:27.141630+00:00
https://nrs.objectstore.gov.bc.ca/gdwuts/082/082g/2024/dem/bc_082g005_1_3_2_xli1m_utm11_20240922_20240924.tif,200,True,,2026-08-29T19:29:27.173325+00:00
https://nrs.objectstore.gov.bc.ca/gdwuts/082/082g/2024/dem/bc_082g005_1_3_3_xli1m_utm11_20240922_20240924.tif,200,True,,2026-08-29T19:29:27.201639+00:00
https://nrs.objectstore.gov.bc.ca/gdwuts/082/082g/2024/dem/bc_082g005_1_3_4_xli1m_utm11_20240922_20240924.tif,200,True,,2026-08-29T19:29:27.213176+00:00
https://nrs.objectstore.gov.bc.ca/gdwuts/082/082g/2024/dem/bc_082g005_1_4_1_xli1m_utm11_20240922_20241006.tif,200,True,,2026-08-29T19:29:27.215582+00:00
https://nrs.objectstore.gov.bc.ca/gdwuts/082/082g/2024/dem/bc_082g005_1_4_2_xli1m_utm11_20240922_20241006.tif,200,True,,2026-08-29T19:29:27.227997+00:00
https://nrs.objectstore.gov.bc.ca/gdwuts/082/082g/2024/dem/bc_082g005_1_4_3_xli1m_utm11_20240922_20241006.tif,200,True,,2026-08-29T19:29:27.265252+00:00
https://nrs.objectstore.gov.bc.ca/gdwuts/082/082g/2024/dem/bc_082g005_1_4_4_xli1m_utm11_20240922_20241006.tif,200,True,,2026-08-29T19:29:27.317141+00:00
https://nrs.objectstore.gov.bc.ca/gdwuts/082/082g/2024/dem/bc_082g005_2_1_1_xli1m_utm11_20240922_20241006.tif,200,True,,2026-08-29T19:29:27.279232+00:00
https://nrs.objectstore.gov.bc.ca/gdwuts/082/082g/2024/dem/bc_082g005_2_1_2_xli1m_utm11_20241006_20241006.tif,200,True,,2026-08-29T19:29:27.288198+00:00
https://nrs.objectstore.gov.bc.ca/gdwuts/082/082g/2024/dem/bc_082g005_2_1_3_xli1m_utm11_20240922_20241006.tif,200,True,,2026-08-29T19:29:27.338142+00:00
https://nrs.objectstore.gov.bc.ca/gdwuts/082/082g/2024/dem/bc_082g005_2_1_4_xli1m_utm11_20241006_20241006.tif,200,True,,2026-08-29T19:29:27.327132+00:00
https://nrs.objectstore.gov.bc.ca/gdwuts/082/082g/2024/dem/bc_082g005_2_2_1_xli1m_utm11_20241006_20241006.tif,200,True,,2026-08-29T19:29:27.335137+00:00
https://nrs.objectstore.gov.bc.ca/gdwuts/082/082g/2024/dem/bc_082g005_2_2_3_xli1m_utm11_20241006_20241006.tif,200,True,,2026-08-29T19:29:27.371542+00:00
https://nrs.objectstore.gov.bc.ca/gdwuts/082/082g/2024/dem/bc_082g005_2_3_1_xli1m_utm11_20241006_20241006.tif,200,True,,2026-08-29T19:29:27.379126+00:00
https://nrs.objectstore.gov.bc.ca/gdwuts/082/082g/2024/dem/bc_082g005_2_3_2_xli1m_utm11_20241006_20241006.tif,200,True,,2026-08-29T19:29:27.451154+00:00
https://nrs.objectstore.gov.bc.ca/gdwuts/082/082g/2024/dem/bc_082g005_2_3_3_xli1m_utm11_20241006_20241006.tif,200,True,,2026-08-29T19:29:27.374140+00:00
https://nrs.objectstore.gov.bc.ca/gdwuts/082/082g/2024/dem/bc_082g005_2_3_4_xli1m_utm11_20241006_20241006.tif,200,True,,2026-08-29T19:29:27.401159+00:00
https://nrs.objectstore.gov.bc.ca/gdwuts/082/082g/2024/dem/bc_082g005_2_4_1_xli1m_utm11_20241006_20241006.tif,200,True,,2026-08-29T19:29:27.419086+00:00
https://nrs.objectstore.gov.bc.ca/gdwuts/082/082g/2024/dem/bc_082g005_3_1_1_xli1m_utm11_20240922_20240924.tif,200,True,,2026-08-29T19:29:27.414578+00:00
https://nrs.objectstore.gov.bc.ca/gdwuts/082/082g/2024/dem/bc_082g005_3_1_2_xli1m_utm11_20240922_20240922.tif,200,True,,2026-08-29T19:29:27.436125+00:00
https://nrs.objectstore.gov.bc.ca/gdwuts/082/082g/2024/dem/bc_082g005_3_1_3_xli1m_utm11_20240922_20240924.tif,200,True,,2026-08-29T19:29:27.431845+00:00
https://nrs.objectstore.gov.bc.ca/gdwuts/082/082g/2024/dem/bc_082g005_3_1_4_xli1m_utm11_20240922_20241006.tif,200,True,,2026-08-29T19:29:27.457362+00:00
https://nrs.objectstore.gov.bc.ca/gdwuts/082/082g/2024/dem/bc_082g005_3_2_1_xli1m_utm11_20240922_20241006.tif,200,True,,2026-08-29T19:29:27.524934+00:00
https://nrs.objectstore.gov.bc.ca/gdwuts/082/082g/2024/dem/bc_082g005_3_2_2_xli1m_utm11_20241006_20241006.tif,200,True,,2026-08-29T19:29:27.466899+00:00
https://nrs.objectstore.gov.bc.ca/gdwuts/082/082g/2024/dem/bc_082g005_3_2_3_xli1m_utm11_20240922_20241006.tif,200,True,,2026-08-29T19:29:27.475153+00:00
https://nrs.objectstore.gov.bc.ca/gdwuts/082/082g/2024/dem/bc_082g005_3_2_4_xli1m_utm11_20241006_20241006.tif,200,True,,2026-08-29T19:29:27.494281+00:00
https://nrs.objectstore.gov.bc.ca/gdwuts/082/082g/2024/dem/bc_082g005_3_3_1_xli1m_utm11_20240922_20240924.tif,200,True,,2026-08-29T19:29:27.515874+00:00
https://nrs.objectstore.gov.bc.ca/gdwuts/082/082g/2024/dem/bc_082g005_3_3_2_xli1m_utm11_20240922_20241006.tif,200,True,,2026-08-29T19:29:27.522172+00:00
https://nrs.objectstore.gov.bc.ca/gdwuts/082/082g/2024/dem/bc_082g005_3_3_3_xli1m_utm11_20240922_20241006.tif,200,True,,2026-08-29T19:29:27.554212+00:00
https://nrs.objectstore.gov.bc.ca/gdwuts/082/082g/2024/dem/bc_082g005_3_3_4_xli1m_utm11_20240922_20241006.tif,200,True,,2026-08-29T19:29:27.568142+00:00
https://nrs.objectstore.gov.bc.ca/gdwuts/082/082g/2024/dem/bc_082g005_3_4_1_xli1m_utm11_20240922_20241006.tif,200,True,,2026-08-29T19:29:27.568558+00:00
https://nrs.objectstore.gov.bc.ca/gdwuts/082/082g/2024/dem/bc_082g005_3_4_2_xli1m_utm11_20241006_20241006.tif,200,True,,2026-08-29T19:29:27.588225+00:00
https://nrs.objectstore.gov.bc.ca/gdwuts/082/082g/2024/dem/bc_082g005_3_4_3_xli1m_utm11_20241006_20241006.tif,200,True,,2026-08-29T19:29:27.649328+00:00
https://nrs.objectstore.gov.bc.ca/gdwuts/082/082g/2024/dem/bc_082g005_3_4_4_xli1m_utm11_20241006_20241006.tif,200,True,,2026-08-29T19:29:27.599218+00:00
https://nrs.objectstore.gov.bc.ca/gdwuts/082/082g/2024/dem/bc_082g005_4_1_1_xli1m_utm11_20241006_20241006.tif,200,True,,2026-08-29T19:29:27.641194+00:00
https://nrs.objectstore.gov.bc.ca/gdwuts/082/082g/2024/dem/bc_082g005_4_1_2_xli1m_utm11_20241006_20241006.tif,200,True,,2026-08-29T19:29:27.630749+00:00
https://nrs.objectstore.gov.bc.ca/gdwuts/082/082g/2024/dem/bc_082g005_4_1_3_xli1m_utm11_20241006_20241006.tif,200,True,,2026-08-29T19:29:27.659203+00:00
https://nrs.objectstore.gov.bc.ca/gdwuts/082/082g/2024/dem/bc_082g005_4_1_4_xli1m_utm11_20241006_20241006.tif,200,True,,2026-08-29T19:29:27.690203+00:00
https://nrs.objectstore.gov.bc.ca/gdwuts/082/082g/2024/dem/bc_082g005_4_3_1_xli1m_utm11_20241006_20241006.tif,200,True,,2026-08-29T19:29:27.655068+00:00
https://nrs.objectstore.gov.bc.ca/gdwuts/082/082g/2024/dem/bc_082g005_4_3_3_xli1m_utm11_20241006_20241006.tif,200,True,,2026-08-29T19:29:27.677978+00:00
https://nrs.objectstore.gov.bc.ca/gdwuts/082/082g/2024/dem/bc_082g011_1_1_1_xli1m_utm11_20241008_20250813.tif,200,True,,2026-08-29T19:29:27.739137+00:00
https://nrs.objectstore.gov.bc.ca/gdwuts/082/082g/2024/dem/bc_082g011_1_1_2_xli1m_utm11_20241008_20250813.tif,200,True,,2026-08-29T19:29:27.736186+00:00
https://nrs.objectstore.gov.bc.ca/gdwuts/082/082g/2024/dem/bc_082g011_1_1_3_xli1m_utm11_20241008_20250813.tif,200,True,,2026-08-29T19:29:27.716038+00:00
https://nrs.objectstore.gov.bc.ca/gdwuts/082/082g/2024/dem/bc_082g011_1_1_4_xli1m_utm11_20241008_20250813.tif,200,True,,2026-08-29T19:29:27.725318+00:00
https://nrs.objectstore.gov.bc.ca/gdwuts/082/082g/2024/dem/bc_082g011_1_2_1_xli1m_utm11_20241008_20250730.tif,200,True,,2026-08-29T19:29:27.758102+00:00
https://nrs.objectstore.gov.bc.ca/gdwuts/082/082g/2024/dem/bc_082g011_1_2_2_xli1m_utm11_20241008_20250815.tif,200,True,,2026-08-29T19:29:27.749132+00:00
https://nrs.objectstore.gov.bc.ca/gdwuts/082/082g/2024/dem/bc_082g011_1_2_3_xli1m_utm11_20241008_20250813.tif,200,True,,2026-08-29T19:29:27.765588+00:00
https://nrs.objectstore.gov.bc.ca/gdwuts/082/082g/2024/dem/bc_082g011_1_3_1_xli1m_utm11_20241008_20250813.tif,200,True,,2026-08-29T19:29:27.761658+00:00
https://nrs.objectstore.gov.bc.ca/gdwuts/082/082g/2024/dem/bc_082g011_1_3_2_xli1m_utm11_20241008_20250813.tif,200,True,,2026-08-29T19:29:27.783329+00:00
https://nrs.objectstore.gov.bc.ca/gdwuts/082/082g/2024/dem/bc_082g011_1_3_3_xli1m_utm11_20241008_20250813.tif,200,True,,2026-08-29T19:29:27.843597+00:00
https://nrs.objectstore.gov.bc.ca/gdwuts/082/082g/2024/dem/bc_082g011_1_3_4_xli1m_utm11_20241008_20250813.tif,200,True,,2026-08-29T19:29:27.854472+00:00
https://nrs.objectstore.gov.bc.ca/gdwuts/082/082g/2024/dem/bc_082g011_1_4_1_xli1m_utm11_20241008_20250813.tif,200,True,,2026-08-29T19:29:27.852146+00:00
https://nrs.objectstore.gov.bc.ca/gdwuts/082/082g/2024/dem/bc_082g011_1_4_3_xli1m_utm11_20241008_20250815.tif,200,True,,2026-08-29T19:29:27.864141+00:00
https://nrs.objectstore.gov.bc.ca/gdwuts/082/082g/2024/dem/bc_082g011_3_1_1_xli1m_utm11_20241008_20250813.tif,200,True,,2026-08-29T19:29:27.836254+00:00
https://nrs.objectstore.gov.bc.ca/gdwuts/082/082g/2024/dem/bc_082g011_3_1_2_xli1m_utm11_20241008_20250813.tif,200,True,,2026-08-29T19:29:27.859147+00:00
https://nrs.objectstore.gov.bc.ca/gdwuts/082/082g/2024/dem/bc_082g011_3_1_3_xli1m_utm11_20241008_20250813.tif,200,True,,2026-08-29T19:29:27.981205+00:00
https://nrs.objectstore.gov.bc.ca/gdwuts/082/082g/2024/dem/bc_082g011_3_1_4_xli1m_utm11_20241008_20250813.tif,200,True,,2026-08-29T19:29:27.890369+00:00
https://nrs.objectstore.gov.bc.ca/gdwuts/082/082g/2024/dem/bc_082g011_3_3_1_xli1m_utm11_20241008_20250730.tif,200,True,,2026-08-29T19:29:27.932061+00:00
https://nrs.objectstore.gov.bc.ca/gdwuts/082/082g/2024/dem/bc_082g011_3_3_3_xli1m_utm11_20241008_20250730.tif,200,True,,2026-08-29T19:29:27.913274+00:00
https://nrs.objectstore.gov.bc.ca/gdwuts/082/082g/2024/dem/bc_082g013_2_4_4_xli1m_utm11_20241009_20250814.tif,200,True,,2026-08-29T19:29:27.968210+00:00
https://nrs.objectstore.gov.bc.ca/gdwuts/082/082g/2024/dem/bc_082g013_4_2_2_xli1m_utm11_20241009_20250729.tif,200,True,,2026-08-29T19:29:27.973076+00:00
https://nrs.objectstore.gov.bc.ca/gdwuts/082/082g/2024/dem/bc_082g013_4_2_3_xli1m_utm11_20241009_20250729.tif,200,True,,2026-08-29T19:29:27.999823+00:00
https://nrs.objectstore.gov.bc.ca/gdwuts/082/082g/2024/dem/bc_082g013_4_2_4_xli1m_utm11_20240922_20250729.tif,200,True,,2026-08-29T19:29:27.962977+00:00
https://nrs.objectstore.gov.bc.ca/gdwuts/082/082g/2024/dem/bc_082g013_4_3_4_xli1m_utm11_20241009_20250729.tif,200,True,,2026-08-29T19:29:27.958188+00:00
https://nrs.objectstore.gov.bc.ca/gdwuts/082/082g/2024/dem/bc_082g013_4_4_1_xli1m_utm11_20241009_20250729.tif,200,True,,2026-08-29T19:29:27.986063+00:00
https://nrs.objectstore.gov.bc.ca/gdwuts/082/082g/2024/dem/bc_082g013_4_4_2_xli1m_utm11_20240922_20250729.tif,200,True,,2026-08-29T19:29:28.030989+00:00
https://nrs.objectstore.gov.bc.ca/gdwuts/082/082g/2024/dem/bc_082g013_4_4_3_xli1m_utm11_20240922_20250729.tif,200,True,,2026-08-29T19:29:28.044177+00:00
https://nrs.objectstore.gov.bc.ca/gdwuts/082/082g/2024/dem/bc_082g013_4_4_4_xli1m_utm11_20240922_20241009.tif,200,True,,2026-08-29T19:29:28.053169+00:00
https://nrs.objectstore.gov.bc.ca/gdwuts/082/082g/2024/dem/bc_082g014_1_1_1_xli1m_utm11_20241009_20250815.tif,200,True,,2026-08-29T19:29:28.050412+00:00
https://nrs.objectstore.gov.bc.ca/gdwuts/082/082g/2024/dem/bc_082g014_1_1_3_xli1m_utm11_20241009_20250815.tif,200,True,,2026-08-29T19:29:28.037169+00:00
https://nrs.objectstore.gov.bc.ca/gdwuts/082/082g/2024/dem/bc_082g014_1_1_4_xli1m_utm11_20240922_20250815.tif,200,True,,2026-08-29T19:29:28.060181+00:00
https://nrs.objectstore.gov.bc.ca/gdwuts/082/082g/2024/dem/bc_082g014_1_2_2_xli1m_utm11_20241007_20241007.tif,200,True,,2026-08-29T19:29:28.080093+00:00
https://nrs.objectstore.gov.bc.ca/gdwuts/082/082g/2024/dem/bc_082g014_1_2_3_xli1m_utm11_20240922_20250815.tif,200,True,,2026-08-29T19:29:28.080529+00:00
https://nrs.objectstore.gov.bc.ca/gdwuts/082/082g/2024/dem/bc_082g014_1_2_4_xli1m_utm11_20241007_20241007.tif,200,True,,2026-08-29T19:29:28.105188+00:00
https://nrs.objectstore.gov.bc.ca/gdwuts/082/082g/2024/dem/bc_082g014_1_3_1_xli1m_utm11_20240922_20250815.tif,200,True,,2026-08-29T19:29:28.149048+00:00
https://nrs.objectstore.gov.bc.ca/gdwuts/082/082g/2024/dem/bc_082g014_1_3_2_xli1m_utm11_20240922_20250815.tif,200,True,,2026-08-29T19:29:28.210621+00:00
https://nrs.objectstore.gov.bc.ca/gdwuts/082/082g/2024/dem/bc_082g014_1_3_3_xli1m_utm11_20240922_20250815.tif,200,True,,2026-08-29T19:29:28.175162+00:00
https://nrs.objectstore.gov.bc.ca/gdwuts/082/082g/2024/dem/bc_082g014_1_3_4_xli1m_utm11_20240922_20250815.tif,200,True,,2026-08-29T19:29:28.182222+00:00
https://nrs.objectstore.gov.bc.ca/gdwuts/082/082g/2024/dem/bc_082g014_1_4_1_xli1m_utm11_20240922_20241007.tif,200,True,,2026-08-29T19:29:28.152196+00:00
https://nrs.objectstore.gov.bc.ca/gdwuts/082/082g/2024/dem/bc_082g014_1_4_2_xli1m_utm11_20240924_20241007.tif,200,True,,2026-08-29T19:29:28.181600+00:00
https://nrs.objectstore.gov.bc.ca/gdwuts/082/082g/2024/dem/bc_082g014_1_4_3_xli1m_utm11_20241007_20241007.tif,200,True,,2026-08-29T19:29:28.193966+00:00
https://nrs.objectstore.gov.bc.ca/gdwuts/082/082g/2024/dem/bc_082g014_1_4_4_xli1m_utm11_20240924_20241007.tif,200,True,,2026-08-29T19:29:28.219295+00:00
https://nrs.objectstore.gov.bc.ca/gdwuts/082/082g/2024/dem/bc_082g014_2_1_1_xli1m_utm11_20240924_20241007.tif,200,True,,2026-08-29T19:29:28.261279+00:00
https://nrs.objectstore.gov.bc.ca/gdwuts/082/082g/2024/dem/bc_082g014_2_1_2_xli1m_utm11_20240924_20241007.tif,200,True,,2026-08-29T19:29:28.280838+00:00
https://nrs.objectstore.gov.bc.ca/gdwuts/082/082g/2024/dem/bc_082g014_2_1_3_xli1m_utm11_20240924_20241007.tif,200,True,,2026-08-29T19:29:28.273528+00:00
https://nrs.objectstore.gov.bc.ca/gdwuts/082/082g/2024/dem/bc_082g014_2_1_4_xli1m_utm11_20240924_20241007.tif,200,True,,2026-08-29T19:29:28.275136+00:00
https://nrs.objectstore.gov.bc.ca/gdwuts/082/082g/2024/dem/bc_082g014_2_2_1_xli1m_utm11_20240922_20240924.tif,200,True,,2026-08-29T19:29:28.264903+00:00
https://nrs.objectstore.gov.bc.ca/gdwuts/082/082g/2024/dem/bc_082g014_2_2_2_xli1m_utm11_20240922_20240924.tif,200,True,,2026-08-29T19:29:28.302109+00:00
https://nrs.objectstore.gov.bc.ca/gdwuts/082/082g/2024/dem/bc_082g014_2_2_3_xli1m_utm11_20240922_20240924.tif,200,True,,2026-08-29T19:29:28.291655+00:00
https://nrs.objectstore.gov.bc.ca/gdwuts/082/082g/2024/dem/bc_082g014_2_2_4_xli1m_utm11_20240922_20240922.tif,200,True,,2026-08-29T19:29:28.285122+00:00
https://nrs.objectstore.gov.bc.ca/gdwuts/082/082g/2024/dem/bc_082g014_2_3_1_xli1m_utm11_20240924_20241007.tif,200,True,,2026-08-29T19:29:28.311021+00:00
https://nrs.objectstore.gov.bc.ca/gdwuts/082/082g/2024/dem/bc_082g014_2_3_2_xli1m_utm11_20240924_20240924.tif,200,True,,2026-08-29T19:29:28.320196+00:00
https://nrs.objectstore.gov.bc.ca/gdwuts/082/082g/2024/dem/bc_082g014_2_3_3_xli1m_utm11_20240924_20241007.tif,200,True,,2026-08-29T19:29:28.373132+00:00
https://nrs.objectstore.gov.bc.ca/gdwuts/082/082g/2024/dem/bc_082g014_2_3_4_xli1m_utm11_20240922_20240924.tif,200,True,,2026-08-29T19:29:28.364316+00:00
https://nrs.objectstore.gov.bc.ca/gdwuts/082/082g/2024/dem/bc_082g014_2_4_1_xli1m_utm11_20240922_20240924.tif,200,True,,2026-08-29T19:29:28.357170+00:00
https://nrs.objectstore.gov.bc.ca/gdwuts/082/082g/2024/dem/bc_082g014_2_4_2_xli1m_utm11_20240922_20241006.tif,200,True,,2026-08-29T19:29:28.377869+00:00
https://nrs.objectstore.gov.bc.ca/gdwuts/082/082g/2024/dem/bc_082g014_2_4_3_xli1m_utm11_20240922_20240924.tif,200,True,,2026-08-29T19:29:28.392171+00:00
https://nrs.objectstore.gov.bc.ca/gdwuts/082/082g/2024/dem/bc_082g014_2_4_4_xli1m_utm11_20240922_20241006.tif,200,True,,2026-08-29T19:29:28.394508+00:00
https://nrs.objectstore.gov.bc.ca/gdwuts/082/082g/2024/dem/bc_082g014_3_1_1_xli1m_utm11_20240922_20241009.tif,200,True,,2026-08-29T19:29:28.444136+00:00
https://nrs.objectstore.gov.bc.ca/gdwuts/082/082g/2024/dem/bc_082g014_3_1_2_xli1m_utm11_20240922_20241007.tif,200,True,,2026-08-29T19:29:28.436677+00:00
https://nrs.objectstore.gov.bc.ca/gdwuts/082/082g/2024/dem/bc_082g014_3_1_3_xli1m_utm11_20240922_20241009.tif,200,True,,2026-08-29T19:29:28.503535+00:00
https://nrs.objectstore.gov.bc.ca/gdwuts/082/082g/2024/dem/bc_082g014_3_1_4_xli1m_utm11_20240922_20241007.tif,200,True,,2026-08-29T19:29:28.511367+00:00
https://nrs.objectstore.gov.bc.ca/gdwuts/082/082g/2024/dem/bc_082g014_3_2_1_xli1m_utm11_20241007_20241007.tif,200,True,,2026-08-29T19:29:28.469206+00:00
https://nrs.objectstore.gov.bc.ca/gdwuts/082/082g/2024/dem/bc_082g014_3_2_2_xli1m_utm11_20240924_20241007.tif,200,True,,2026-08-29T19:29:28.508727+00:00
https://nrs.objectstore.gov.bc.ca/gdwuts/082/082g/2024/dem/bc_082g014_3_2_3_xli1m_utm11_20240924_20241007.tif,200,True,,2026-08-29T19:29:28.529472+00:00
https://nrs.objectstore.gov.bc.ca/gdwuts/082/082g/2024/dem/bc_082g014_3_2_4_xli1m_utm11_20240924_20241007.tif,200,True,,2026-08-29T19:29:28.527339+00:00
https://nrs.objectstore.gov.bc.ca/gdwuts/082/082g/2024/dem/bc_082g014_3_3_1_xli1m_utm11_20240922_20241007.tif,200,True,,2026-08-29T19:29:28.513195+00:00
https://nrs.objectstore.gov.bc.ca/gdwuts/082/082g/2024/dem/bc_082g014_3_3_2_xli1m_utm11_20241007_20241007.tif,200,True,,2026-08-29T19:29:28.561187+00:00
https://nrs.objectstore.gov.bc.ca/gdwuts/082/082g/2024/dem/bc_082g014_3_3_3_xli1m_utm11_20240922_20241007.tif,200,True,,2026-08-29T19:29:28.574138+00:00
https://nrs.objectstore.gov.bc.ca/gdwuts/082/082g/2024/dem/bc_082g014_3_3_4_xli1m_utm11_20241007_20241007.tif,200,True,,2026-08-29T19:29:28.593143+00:00
https://nrs.objectstore.gov.bc.ca/gdwuts/082/082g/2024/dem/bc_082g014_3_4_1_xli1m_utm11_20240924_20241007.tif,200,True,,2026-08-29T19:29:28.601000+00:00
https://nrs.objectstore.gov.bc.ca/gdwuts/082/082g/2024/dem/bc_082g014_3_4_2_xli1m_utm11_20240923_20241007.tif,200,True,,2026-08-29T19:29:28.556328+00:00
https://nrs.objectstore.gov.bc.ca/gdwuts/082/082g/2024/dem/bc_082g014_3_4_3_xli1m_utm11_20240924_20241007.tif,200,True,,2026-08-29T19:29:28.607139+00:00
https://nrs.objectstore.gov.bc.ca/gdwuts/082/082g/2024/dem/bc_082g014_3_4_4_xli1m_utm11_20240922_20240924.tif,200,True,,2026-08-29T19:29:28.600371+00:00
https://nrs.objectstore.gov.bc.ca/gdwuts/082/082g/2024/dem/bc_082g014_4_1_1_xli1m_utm11_20240922_20241007.tif,200,True,,2026-08-29T19:29:28.620931+00:00
https://nrs.objectstore.gov.bc.ca/gdwuts/082/082g/2024/dem/bc_082g014_4_1_2_xli1m_utm11_20240922_20240924.tif,200,True,,2026-08-29T19:29:28.614048+00:00
https://nrs.objectstore.gov.bc.ca/gdwuts/082/082g/2024/dem/bc_082g014_4_1_3_xli1m_utm11_20240922_20240924.tif,200,True,,2026-08-29T19:29:28.627811+00:00
https://nrs.objectstore.gov.bc.ca/gdwuts/082/082g/2024/dem/bc_082g014_4_1_4_xli1m_utm11_20240922_20240924.tif,200,True,,2026-08-29T19:29:28.687291+00:00
https://nrs.objectstore.gov.bc.ca/gdwuts/082/082g/2024/dem/bc_082g014_4_2_1_xli1m_utm11_20240922_20241006.tif,200,True,,2026-08-29T19:29:28.691931+00:00
https://nrs.objectstore.gov.bc.ca/gdwuts/082/082g/2024/dem/bc_082g014_4_2_2_xli1m_utm11_20240922_20241006.tif,200,True,,2026-08-29T19:29:28.696812+00:00
https://nrs.objectstore.gov.bc.ca/gdwuts/082/082g/2024/dem/bc_082g014_4_2_3_xli1m_utm11_20240922_20241006.tif,200,True,,2026-08-29T19:29:28.696362+00:00
https://nrs.objectstore.gov.bc.ca/gdwuts/082/082g/2024/dem/bc_082g014_4_2_4_xli1m_utm11_20240922_20241006.tif,200,True,,2026-08-29T19:29:28.711135+00:00
https://nrs.objectstore.gov.bc.ca/gdwuts/082/082g/2024/dem/bc_082g014_4_3_1_xli1m_utm11_20240922_20240924.tif,200,True,,2026-08-29T19:29:28.751237+00:00
https://nrs.objectstore.gov.bc.ca/gdwuts/082/082g/2024/dem/bc_082g014_4_3_2_xli1m_utm11_20240922_20240922.tif,200,True,,2026-08-29T19:29:28.798950+00:00
https://nrs.objectstore.gov.bc.ca/gdwuts/082/082g/2024/dem/bc_082g014_4_3_3_xli1m_utm11_20240922_20240924.tif,200,True,,2026-08-29T19:29:28.766253+00:00
https://nrs.objectstore.gov.bc.ca/gdwuts/082/082g/2024/dem/bc_082g014_4_3_4_xli1m_utm11_20240922_20241006.tif,200,True,,2026-08-29T19:29:28.757251+00:00
https://nrs.objectstore.gov.bc.ca/gdwuts/082/082g/2024/dem/bc_082g014_4_4_1_xli1m_utm11_20240922_20241006.tif,200,True,,2026-08-29T19:29:28.798147+00:00
https://nrs.objectstore.gov.bc.ca/gdwuts/082/082g/2024/dem/bc_082g014_4_4_2_xli1m_utm11_20241006_20241006.tif,200,True,,2026-08-29T19:29:28.813734+00:00
https://nrs.objectstore.gov.bc.ca/gdwuts/082/082g/2024/dem/bc_082g014_4_4_3_xli1m_utm11_20240922_20241006.tif,200,True,,2026-08-29T19:29:28.797634+00:00
https://nrs.objectstore.gov.bc.ca/gdwuts/082/082g/2024/dem/bc_082g014_4_4_4_xli1m_utm11_20241006_20241006.tif,200,True,,2026-08-29T19:29:28.840188+00:00
https://nrs.objectstore.gov.bc.ca/gdwuts/082/082g/2024/dem/bc_082g015_1_1_1_xli1m_utm11_20240922_20241006.tif,200,True,,2026-08-29T19:29:28.849697+00:00
https://nrs.objectstore.gov.bc.ca/gdwuts/082/082g/2024/dem/bc_082g015_1_1_2_xli1m_utm11_20240922_20241006.tif,200,True,,2026-08-29T19:29:28.822765+00:00
https://nrs.objectstore.gov.bc.ca/gdwuts/082/082g/2024/dem/bc_082g015_1_1_3_xli1m_utm11_20240922_20241006.tif,200,True,,2026-08-29T19:29:28.847143+00:00
https://nrs.objectstore.gov.bc.ca/gdwuts/082/082g/2024/dem/bc_082g015_1_1_4_xli1m_utm11_20241006_20241006.tif,200,True,,2026-08-29T19:29:28.890635+00:00
https://nrs.objectstore.gov.bc.ca/gdwuts/082/082g/2024/dem/bc_082g015_1_2_1_xli1m_utm11_20241006_20241006.tif,200,True,,2026-08-29T19:29:28.890167+00:00
https://nrs.objectstore.gov.bc.ca/gdwuts/082/082g/2024/dem/bc_082g015_1_2_2_xli1m_utm11_20241006_20241006.tif,200,True,,2026-08-29T19:29:28.880242+00:00
https://nrs.objectstore.gov.bc.ca/gdwuts/082/082g/2024/dem/bc_082g015_1_2_3_xli1m_utm11_20241006_20241006.tif,200,True,,2026-08-29T19:29:28.883057+00:00
https://nrs.objectstore.gov.bc.ca/gdwuts/082/082g/2024/dem/bc_082g015_1_2_4_xli1m_utm11_20241006_20241006.tif,200,True,,2026-08-29T19:29:28.905663+00:00
https://nrs.objectstore.gov.bc.ca/gdwuts/082/082g/2024/dem/bc_082g015_1_3_1_xli1m_utm11_20240922_20241006.tif,200,True,,2026-08-29T19:29:28.918214+00:00
https://nrs.objectstore.gov.bc.ca/gdwuts/082/082g/2024/dem/bc_082g015_1_3_2_xli1m_utm11_20241006_20241006.tif,200,True,,2026-08-29T19:29:28.953199+00:00
https://nrs.objectstore.gov.bc.ca/gdwuts/082/082g/2024/dem/bc_082g015_1_3_3_xli1m_utm11_20240922_20241006.tif,200,True,,2026-08-29T19:29:28.963137+00:00
https://nrs.objectstore.gov.bc.ca/gdwuts/082/082g/2024/dem/bc_082g015_1_3_4_xli1m_utm11_20241006_20241006.tif,200,True,,2026-08-29T19:29:28.965820+00:00
https://nrs.objectstore.gov.bc.ca/gdwuts/082/082g/2024/dem/bc_082g015_1_4_1_xli1m_utm11_20241006_20241006.tif,200,True,,2026-08-29T19:29:28.988193+00:00
https://nrs.objectstore.gov.bc.ca/gdwuts/082/082g/2024/dem/bc_082g015_1_4_2_xli1m_utm11_20241006_20241006.tif,200,True,,2026-08-29T19:29:28.995903+00:00
https://nrs.objectstore.gov.bc.ca/gdwuts/082/082g/2024/dem/bc_082g015_1_4_3_xli1m_utm11_20241006_20241006.tif,200,True,,2026-08-29T19:29:29.000011+00:00
https://nrs.objectstore.gov.bc.ca/gdwuts/082/082g/2024/dem/bc_082g015_1_4_4_xli1m_utm11_20241006_20241006.tif,200,True,,2026-08-29T19:29:29.014146+00:00
https://nrs.objectstore.gov.bc.ca/gdwuts/082/082g/2024/dem/bc_082g015_2_1_1_xli1m_utm11_20241006_20241006.tif,200,True,,2026-08-29T19:29:29.036178+00:00
https://nrs.objectstore.gov.bc.ca/gdwuts/082/082g/2024/dem/bc_082g015_2_1_2_xli1m_utm11_20241006_20241006.tif,200,True,,2026-08-29T19:29:29.048065+00:00
https://nrs.objectstore.gov.bc.ca/gdwuts/082/082g/2024/dem/bc_082g015_2_1_3_xli1m_utm11_20241006_20241006.tif,200,True,,2026-08-29T19:29:29.069968+00:00
https://nrs.objectstore.gov.bc.ca/gdwuts/082/082g/2024/dem/bc_082g015_2_3_1_xli1m_utm11_20241006_20241006.tif,200,True,,2026-08-29T19:29:29.110294+00:00
https://nrs.objectstore.gov.bc.ca/gdwuts/082/082g/2024/dem/bc_082g015_2_3_3_xli1m_utm11_20241006_20241007.tif,200,True,,2026-08-29T19:29:29.116291+00:00
https://nrs.objectstore.gov.bc.ca/gdwuts/082/082g/2024/dem/bc_082g015_3_1_1_xli1m_utm11_20241006_20241006.tif,200,True,,2026-08-29T19:29:29.113809+00:00
https://nrs.objectstore.gov.bc.ca/gdwuts/082/082g/2024/dem/bc_082g015_3_1_2_xli1m_utm11_20241006_20241006.tif,200,True,,2026-08-29T19:29:29.079195+00:00
https://nrs.objectstore.gov.bc.ca/gdwuts/082/082g/2024/dem/bc_082g015_3_1_3_xli1m_utm11_20241006_20241006.tif,200,True,,2026-08-29T19:29:29.116889+00:00
https://nrs.objectstore.gov.bc.ca/gdwuts/082/082g/2024/dem/bc_082g015_3_1_4_xli1m_utm11_20241006_20241006.tif,200,True,,2026-08-29T19:29:29.105703+00:00
https://nrs.objectstore.gov.bc.ca/gdwuts/082/082g/2024/dem/bc_082g015_3_2_1_xli1m_utm11_20241006_20241006.tif,200,True,,2026-08-29T19:29:29.193155+00:00
https://nrs.objectstore.gov.bc.ca/gdwuts/082/082g/2024/dem/bc_082g015_3_2_2_xli1m_utm11_20241006_20241006.tif,200,True,,2026-08-29T19:29:29.141529+00:00
https://nrs.objectstore.gov.bc.ca/gdwuts/082/082g/2024/dem/bc_082g015_3_2_3_xli1m_utm11_20241006_20241006.tif,200,True,,2026-08-29T19:29:29.159706+00:00
https://nrs.objectstore.gov.bc.ca/gdwuts/082/082g/2024/dem/bc_082g015_3_2_4_xli1m_utm11_20241006_20241007.tif,200,True,,2026-08-29T19:29:29.210159+00:00
https://nrs.objectstore.gov.bc.ca/gdwuts/082/082g/2024/dem/bc_082g015_3_3_1_xli1m_utm11_20241006_20241006.tif,200,True,,2026-08-29T19:29:29.180547+00:00
https://nrs.objectstore.gov.bc.ca/gdwuts/082/082g/2024/dem/bc_082g015_3_3_2_xli1m_utm11_20241006_20241006.tif,200,True,,2026-08-29T19:29:29.218974+00:00
https://nrs.objectstore.gov.bc.ca/gdwuts/082/082g/2024/dem/bc_082g015_3_3_3_xli1m_utm11_20241006_20241006.tif,200,True,,2026-08-29T19:29:29.212274+00:00
https://nrs.objectstore.gov.bc.ca/gdwuts/082/082g/2024/dem/bc_082g015_3_3_4_xli1m_utm11_20241006_20241006.tif,200,True,,2026-08-29T19:29:29.224289+00:00
https://nrs.objectstore.gov.bc.ca/gdwuts/082/082g/2024/dem/bc_082g015_3_4_1_xli1m_utm11_20241006_20241006.tif,200,True,,2026-08-29T19:29:29.230254+00:00
https://nrs.objectstore.gov.bc.ca/gdwuts/082/082g/2024/dem/bc_082g015_3_4_2_xli1m_utm11_20241006_20241007.tif,200,True,,2026-08-29T19:29:29.239351+00:00
https://nrs.objectstore.gov.bc.ca/gdwuts/082/082g/2024/dem/bc_082g015_3_4_3_xli1m_utm11_20241006_20241007.tif,200,True,,2026-08-29T19:29:29.257293+00:00
https://nrs.objectstore.gov.bc.ca/gdwuts/082/082g/2024/dem/bc_082g015_3_4_4_xli1m_utm11_20241006_20241007.tif,200,True,,2026-08-29T19:29:29.320286+00:00
https://nrs.objectstore.gov.bc.ca/gdwuts/082/082g/2024/dem/bc_082g015_4_1_1_xli1m_utm11_20241006_20241007.tif,200,True,,2026-08-29T19:29:29.326107+00:00
https://nrs.objectstore.gov.bc.ca/gdwuts/082/082g/2024/dem/bc_082g021_1_1_1_xli1m_utm11_20241008_20250928.tif,200,True,,2026-08-29T19:29:29.299259+00:00
https://nrs.objectstore.gov.bc.ca/gdwuts/082/082g/2024/dem/bc_082g021_2_4_3_xli1m_utm11_20240923_20250814.tif,200,True,,2026-08-29T19:29:29.331151+00:00
https://nrs.objectstore.gov.bc.ca/gdwuts/082/082g/2024/dem/bc_082g021_2_4_4_xli1m_utm11_20240923_20250815.tif,200,True,,2026-08-29T19:29:29.341149+00:00
https://nrs.objectstore.gov.bc.ca/gdwuts/082/082g/2024/dem/bc_082g021_4_1_2_xli1m_utm11_20240923_20250730.tif,200,True,,2026-08-29T19:29:29.338554+00:00
https://nrs.objectstore.gov.bc.ca/gdwuts/082/082g/2024/dem/bc_082g021_4_1_4_xli1m_utm11_20240923_20250928.tif,200,True,,2026-08-29T19:29:29.363173+00:00
https://nrs.objectstore.gov.bc.ca/gdwuts/082/082g/2024/dem/bc_082g021_4_2_1_xli1m_utm11_20240923_20250814.tif,200,True,,2026-08-29T19:29:29.395398+00:00
https://nrs.objectstore.gov.bc.ca/gdwuts/082/082g/2024/dem/bc_082g021_4_2_2_xli1m_utm11_20240923_20250815.tif,200,True,,2026-08-29T19:29:29.411224+00:00
https://nrs.objectstore.gov.bc.ca/gdwuts/082/082g/2024/dem/bc_082g021_4_2_3_xli1m_utm11_20240923_20250814.tif,200,True,,2026-08-29T19:29:29.420135+00:00
https://nrs.objectstore.gov.bc.ca/gdwuts/082/082g/2024/dem/bc_082g021_4_2_4_xli1m_utm11_20240923_20250814.tif,200,True,,2026-08-29T19:29:29.413697+00:00
https://nrs.objectstore.gov.bc.ca/gdwuts/082/082g/2024/dem/bc_082g021_4_3_2_xli1m_utm11_20240923_20250928.tif,200,True,,2026-08-29T19:29:29.441201+00:00
https://nrs.objectstore.gov.bc.ca/gdwuts/082/082g/2024/dem/bc_082g021_4_3_4_xli1m_utm11_20240923_20250928.tif,200,True,,2026-08-29T19:29:29.450842+00:00
https://nrs.objectstore.gov.bc.ca/gdwuts/082/082g/2024/dem/bc_082g021_4_4_1_xli1m_utm11_20240923_20250814.tif,200,True,,2026-08-29T19:29:29.405577+00:00
https://nrs.objectstore.gov.bc.ca/gdwuts/082/082g/2024/dem/bc_082g021_4_4_2_xli1m_utm11_20240923_20250729.tif,200,True,,2026-08-29T19:29:29.444154+00:00
https://nrs.objectstore.gov.bc.ca/gdwuts/082/082g/2024/dem/bc_082g021_4_4_3_xli1m_utm11_20240923_20250814.tif,200,True,,2026-08-29T19:29:29.471662+00:00
https://nrs.objectstore.gov.bc.ca/gdwuts/082/082g/2024/dem/bc_082g021_4_4_4_xli1m_utm11_20240923_20250729.tif,200,True,,2026-08-29T19:29:29.514602+00:00
https://nrs.objectstore.gov.bc.ca/gdwuts/082/082g/2024/dem/bc_082g022_3_1_3_xli1m_utm11_20240923_20250815.tif,200,True,,2026-08-29T19:29:29.512700+00:00
https://nrs.objectstore.gov.bc.ca/gdwuts/082/082g/2024/dem/bc_082g022_3_3_1_xli1m_utm11_20240923_20250815.tif,200,True,,2026-08-29T19:29:29.494198+00:00
https://nrs.objectstore.gov.bc.ca/gdwuts/082/082g/2024/dem/bc_082g022_3_3_3_xli1m_utm11_20240923_20250815.tif,200,True,,2026-08-29T19:29:29.537083+00:00
https://nrs.objectstore.gov.bc.ca/gdwuts/082/082g/2024/dem/bc_082g023_2_1_2_xli1m_utm11_20241009_20250729.tif,200,True,,2026-08-29T19:29:29.512164+00:00
https://nrs.objectstore.gov.bc.ca/gdwuts/082/082g/2024/dem/bc_082g023_2_1_4_xli1m_utm11_20241009_20250729.tif,200,True,,2026-08-29T19:29:29.545294+00:00
https://nrs.objectstore.gov.bc.ca/gdwuts/082/082g/2024/dem/bc_082g023_2_2_1_xli1m_utm11_20240922_20250729.tif,200,True,,2026-08-29T19:29:29.546941+00:00
https://nrs.objectstore.gov.bc.ca/gdwuts/082/082g/2024/dem/bc_082g023_2_2_2_xli1m_utm11_20240922_20241009.tif,200,True,,2026-08-29T19:29:29.576208+00:00
https://nrs.objectstore.gov.bc.ca/gdwuts/082/082g/2024/dem/bc_082g023_2_2_3_xli1m_utm11_20240922_20250729.tif,200,True,,2026-08-29T19:29:29.631589+00:00
https://nrs.objectstore.gov.bc.ca/gdwuts/082/082g/2024/dem/bc_082g023_2_2_4_xli1m_utm11_20240922_20241007.tif,200,True,,2026-08-29T19:29:29.641038+00:00
https://nrs.objectstore.gov.bc.ca/gdwuts/082/082g/2024/dem/bc_082g023_2_3_1_xli1m_utm11_20241009_20250729.tif,200,True,,2026-08-29T19:29:29.627547+00:00
https://nrs.objectstore.gov.bc.ca/gdwuts/082/082g/2024/dem/bc_082g023_2_3_2_xli1m_utm11_20240922_20250729.tif,200,True,,2026-08-29T19:29:29.620280+00:00
https://nrs.objectstore.gov.bc.ca/gdwuts/082/082g/2024/dem/bc_082g023_2_3_3_xli1m_utm11_20241009_20250729.tif,200,True,,2026-08-29T19:29:29.629045+00:00
https://nrs.objectstore.gov.bc.ca/gdwuts/082/082g/2024/dem/bc_082g023_2_3_4_xli1m_utm11_20240922_20250729.tif,200,True,,2026-08-29T19:29:29.649398+00:00
https://nrs.objectstore.gov.bc.ca/gdwuts/082/082g/2024/dem/bc_082g023_2_4_1_xli1m_utm11_20240922_20241009.tif,200,True,,2026-08-29T19:29:29.661167+00:00
https://nrs.objectstore.gov.bc.ca/gdwuts/082/082g/2024/dem/bc_082g023_2_4_2_xli1m_utm11_20241007_20241007.tif,200,True,,2026-08-29T19:29:29.646556+00:00
https://nrs.objectstore.gov.bc.ca/gdwuts/082/082g/2024/dem/bc_082g023_2_4_3_xli1m_utm11_20240922_20241009.tif,200,True,,2026-08-29T19:29:29.679821+00:00
https://nrs.objectstore.gov.bc.ca/gdwuts/082/082g/2024/dem/bc_082g023_2_4_4_xli1m_utm11_20241007_20241007.tif,200,True,,2026-08-29T19:29:29.690289+00:00
https://nrs.objectstore.gov.bc.ca/gdwuts/082/082g/2024/dem/bc_082g023_3_2_2_xli1m_utm11_20241009_20250729.tif,200,True,,2026-08-29T19:29:29.707256+00:00
https://nrs.objectstore.gov.bc.ca/gdwuts/082/082g/2024/dem/bc_082g023_3_2_4_xli1m_utm11_20241009_20250729.tif,200,True,,2026-08-29T19:29:29.710141+00:00
https://nrs.objectstore.gov.bc.ca/gdwuts/082/082g/2024/dem/bc_082g023_3_4_2_xli1m_utm11_20241009_20250729.tif,200,True,,2026-08-29T19:29:29.748233+00:00
https://nrs.objectstore.gov.bc.ca/gdwuts/082/082g/2024/dem/bc_082g023_3_4_3_xli1m_utm11_20241009_20250729.tif,200,True,,2026-08-29T19:29:29.764765+00:00
https://nrs.objectstore.gov.bc.ca/gdwuts/082/082g/2024/dem/bc_082g023_3_4_4_xli1m_utm11_20240922_20250729.tif,200,True,,2026-08-29T19:29:29.756145+00:00
https://nrs.objectstore.gov.bc.ca/gdwuts/082/082g/2024/dem/bc_082g023_4_1_1_xli1m_utm11_20240922_20250729.tif,200,True,,2026-08-29T19:29:29.768873+00:00
https://nrs.objectstore.gov.bc.ca/gdwuts/082/082g/2024/dem/bc_082g023_4_1_2_xli1m_utm11_20240922_20241009.tif,200,True,,2026-08-29T19:29:29.830307+00:00
https://nrs.objectstore.gov.bc.ca/gdwuts/082/082g/2024/dem/bc_082g023_4_1_3_xli1m_utm11_20240922_20250729.tif,200,True,,2026-08-29T19:29:29.822369+00:00
https://nrs.objectstore.gov.bc.ca/gdwuts/082/082g/2024/dem/bc_082g023_4_1_4_xli1m_utm11_20240922_20241009.tif,200,True,,2026-08-29T19:29:29.830740+00:00
https://nrs.objectstore.gov.bc.ca/gdwuts/082/082g/2024/dem/bc_082g023_4_2_1_xli1m_utm11_20240922_20241007.tif,200,True,,2026-08-29T19:29:29.834148+00:00
https://nrs.objectstore.gov.bc.ca/gdwuts/082/082g/2024/dem/bc_082g023_4_2_3_xli1m_utm11_20241007_20241007.tif,200,True,,2026-08-29T19:29:29.886253+00:00
https://nrs.objectstore.gov.bc.ca/gdwuts/082/082g/2024/dem/bc_082g023_4_2_4_xli1m_utm11_20240924_20241007.tif,200,True,,2026-08-29T19:29:29.863336+00:00
https://nrs.objectstore.gov.bc.ca/gdwuts/082/082g/2024/dem/bc_082g023_4_3_1_xli1m_utm11_20240922_20250729.tif,200,True,,2026-08-29T19:29:29.902240+00:00
https://nrs.objectstore.gov.bc.ca/gdwuts/082/082g/2024/dem/bc_082g023_4_3_2_xli1m_utm11_20240922_20241007.tif,200,True,,2026-08-29T19:29:29.857222+00:00
https://nrs.objectstore.gov.bc.ca/gdwuts/082/082g/2024/dem/bc_082g023_4_3_3_xli1m_utm11_20240922_20241009.tif,200,True,,2026-08-29T19:29:29.896239+00:00
https://nrs.objectstore.gov.bc.ca/gdwuts/082/082g/2024/dem/bc_082g023_4_3_4_xli1m_utm11_20241007_20241007.tif,200,True,,2026-08-29T19:29:29.904145+00:00
https://nrs.objectstore.gov.bc.ca/gdwuts/082/082g/2024/dem/bc_082g023_4_4_1_xli1m_utm11_20241007_20241007.tif,200,True,,2026-08-29T19:29:29.921179+00:00
https://nrs.objectstore.gov.bc.ca/gdwuts/082/082g/2024/dem/bc_082g023_4_4_2_xli1m_utm11_20240924_20241007.tif,200,True,,2026-08-29T19:29:29.933218+00:00
https://nrs.objectstore.gov.bc.ca/gdwuts/082/082g/2024/dem/bc_082g023_4_4_3_xli1m_utm11_20240924_20241007.tif,200,True,,2026-08-29T19:29:29.967282+00:00
https://nrs.objectstore.gov.bc.ca/gdwuts/082/082g/2024/dem/bc_082g023_4_4_4_xli1m_utm11_20240924_20241007.tif,200,True,,2026-08-29T19:29:29.936274+00:00
https://nrs.objectstore.gov.bc.ca/gdwuts/082/082g/2024/dem/bc_082g024_1_1_1_xli1m_utm11_20241007_20241007.tif,200,True,,2026-08-29T19:29:29.945068+00:00
https://nrs.objectstore.gov.bc.ca/gdwuts/082/082g/2024/dem/bc_082g024_1_1_2_xli1m_utm11_20240924_20241007.tif,200,True,,2026-08-29T19:29:29.983595+00:00
https://nrs.objectstore.gov.bc.ca/gdwuts/082/082g/2024/dem/bc_082g024_1_1_3_xli1m_utm11_20241007_20241007.tif,200,True,,2026-08-29T19:29:30.047144+00:00
https://nrs.objectstore.gov.bc.ca/gdwuts/082/082g/2024/dem/bc_082g024_1_1_4_xli1m_utm11_20240924_20241007.tif,200,True,,2026-08-29T19:29:30.015352+00:00
https://nrs.objectstore.gov.bc.ca/gdwuts/082/082g/2024/dem/bc_082g024_1_2_1_xli1m_utm11_20240923_20241007.tif,200,True,,2026-08-29T19:29:30.019218+00:00
https://nrs.objectstore.gov.bc.ca/gdwuts/082/082g/2024/dem/bc_082g024_1_2_2_xli1m_utm11_20240922_20240924.tif,200,True,,2026-08-29T19:29:30.029121+00:00
https://nrs.objectstore.gov.bc.ca/gdwuts/082/082g/2024/dem/bc_082g024_1_2_3_xli1m_utm11_20240922_20241007.tif,200,True,,2026-08-29T19:29:30.053201+00:00
https://nrs.objectstore.gov.bc.ca/gdwuts/082/082g/2024/dem/bc_082g024_1_2_4_xli1m_utm11_20240922_20240924.tif,200,True,,2026-08-29T19:29:30.079615+00:00
https://nrs.objectstore.gov.bc.ca/gdwuts/082/082g/2024/dem/bc_082g024_1_3_1_xli1m_utm11_20240924_20241007.tif,200,True,,2026-08-29T19:29:30.100139+00:00
https://nrs.objectstore.gov.bc.ca/gdwuts/082/082g/2024/dem/bc_082g024_1_3_2_xli1m_utm11_20240924_20241007.tif,200,True,,2026-08-29T19:29:30.128266+00:00
https://nrs.objectstore.gov.bc.ca/gdwuts/082/082g/2024/dem/bc_082g024_1_3_3_xli1m_utm11_20240924_20241007.tif,200,True,,2026-08-29T19:29:30.090195+00:00
https://nrs.objectstore.gov.bc.ca/gdwuts/082/082g/2024/dem/bc_082g024_1_3_4_xli1m_utm11_20240923_20241007.tif,200,True,,2026-08-29T19:29:30.155241+00:00
https://nrs.objectstore.gov.bc.ca/gdwuts/082/082g/2024/dem/bc_082g024_1_4_1_xli1m_utm11_20240922_20240924.tif,200,True,,2026-08-29T19:29:30.150028+00:00
https://nrs.objectstore.gov.bc.ca/gdwuts/082/082g/2024/dem/bc_082g024_1_4_2_xli1m_utm11_20240922_20240923.tif,200,True,,2026-08-29T19:29:30.156197+00:00
https://nrs.objectstore.gov.bc.ca/gdwuts/082/082g/2024/dem/bc_082g024_1_4_3_xli1m_utm11_20240922_20240924.tif,200,True,,2026-08-29T19:29:30.155681+00:00
https://nrs.objectstore.gov.bc.ca/gdwuts/082/082g/2024/dem/bc_082g024_1_4_4_xli1m_utm11_20240922_20240923.tif,200,True,,2026-08-29T19:29:30.160832+00:00
https://nrs.objectstore.gov.bc.ca/gdwuts/082/082g/2024/dem/bc_082g024_2_1_1_xli1m_utm11_20240922_20240923.tif,200,True,,2026-08-29T19:29:30.170891+00:00
https://nrs.objectstore.gov.bc.ca/gdwuts/082/082g/2024/dem/bc_082g024_2_1_2_xli1m_utm11_20240922_20241006.tif,200,True,,2026-08-29T19:29:30.175454+00:00
https://nrs.objectstore.gov.bc.ca/gdwuts/082/082g/2024/dem/bc_082g024_2_1_3_xli1m_utm11_20240922_20241006.tif,200,True,,2026-08-29T19:29:30.214267+00:00
https://nrs.objectstore.gov.bc.ca/gdwuts/082/082g/2024/dem/bc_082g024_2_1_4_xli1m_utm11_20240922_20241006.tif,200,True,,2026-08-29T19:29:30.223303+00:00
https://nrs.objectstore.gov.bc.ca/gdwuts/082/082g/2024/dem/bc_082g024_2_2_1_xli1m_utm11_20240922_20241006.tif,200,True,,2026-08-29T19:29:30.225138+00:00
https://nrs.objectstore.gov.bc.ca/gdwuts/082/082g/2024/dem/bc_082g024_2_2_2_xli1m_utm11_20241006_20241006.tif,200,True,,2026-08-29T19:29:30.241137+00:00
https://nrs.objectstore.gov.bc.ca/gdwuts/082/082g/2024/dem/bc_082g024_2_2_3_xli1m_utm11_20241006_20241006.tif,200,True,,2026-08-29T19:29:30.234171+00:00
https://nrs.objectstore.gov.bc.ca/gdwuts/082/082g/2024/dem/bc_082g024_2_2_4_xli1m_utm11_20241006_20241006.tif,200,True,,2026-08-29T19:29:30.253977+00:00
https://nrs.objectstore.gov.bc.ca/gdwuts/082/082g/2024/dem/bc_082g024_2_3_1_xli1m_utm11_20240922_20241006.tif,200,True,,2026-08-29T19:29:30.278142+00:00
https://nrs.objectstore.gov.bc.ca/gdwuts/082/082g/2024/dem/bc_082g024_2_3_2_xli1m_utm11_20240922_20241006.tif,200,True,,2026-08-29T19:29:30.270253+00:00
https://nrs.objectstore.gov.bc.ca/gdwuts/082/082g/2024/dem/bc_082g024_2_3_3_xli1m_utm11_20240922_20241006.tif,200,True,,2026-08-29T19:29:30.288086+00:00
https://nrs.objectstore.gov.bc.ca/gdwuts/082/082g/2024/dem/bc_082g024_2_3_4_xli1m_utm11_20241006_20241006.tif,200,True,,2026-08-29T19:29:30.370473+00:00
https://nrs.objectstore.gov.bc.ca/gdwuts/082/082g/2024/dem/bc_082g024_2_4_1_xli1m_utm11_20241006_20241006.tif,200,True,,2026-08-29T19:29:30.396360+00:00
https://nrs.objectstore.gov.bc.ca/gdwuts/082/082g/2024/dem/bc_082g024_2_4_2_xli1m_utm11_20241006_20241006.tif,200,True,,2026-08-29T19:29:30.349249+00:00
https://nrs.objectstore.gov.bc.ca/gdwuts/082/082g/2024/dem/bc_082g024_2_4_3_xli1m_utm11_20241006_20241006.tif,200,True,,2026-08-29T19:29:30.405508+00:00
https://nrs.objectstore.gov.bc.ca/gdwuts/082/082g/2024/dem/bc_082g024_2_4_4_xli1m_utm11_20241006_20241006.tif,200,True,,2026-08-29T19:29:30.368239+00:00
https://nrs.objectstore.gov.bc.ca/gdwuts/082/082g/2024/dem/bc_082g024_3_1_1_xli1m_utm11_20240924_20241007.tif,200,True,,2026-08-29T19:29:30.435962+00:00
https://nrs.objectstore.gov.bc.ca/gdwuts/082/082g/2024/dem/bc_082g024_3_1_2_xli1m_utm11_20240922_20240924.tif,200,True,,2026-08-29T19:29:30.380171+00:00
https://nrs.objectstore.gov.bc.ca/gdwuts/082/082g/2024/dem/bc_082g024_3_1_3_xli1m_utm11_20240923_20241007.tif,200,True,,2026-08-29T19:29:30.444952+00:00
https://nrs.objectstore.gov.bc.ca/gdwuts/082/082g/2024/dem/bc_082g024_3_1_4_xli1m_utm11_20240922_20240924.tif,200,True,,2026-08-29T19:29:30.453058+00:00
https://nrs.objectstore.gov.bc.ca/gdwuts/082/082g/2024/dem/bc_082g024_3_2_1_xli1m_utm11_20240922_20240924.tif,200,True,,2026-08-29T19:29:30.447317+00:00
https://nrs.objectstore.gov.bc.ca/gdwuts/082/082g/2024/dem/bc_082g024_3_2_2_xli1m_utm11_20240922_20241006.tif,200,True,,2026-08-29T19:29:30.474920+00:00
https://nrs.objectstore.gov.bc.ca/gdwuts/082/082g/2024/dem/bc_082g024_3_2_3_xli1m_utm11_20240922_20240923.tif,200,True,,2026-08-29T19:29:30.476732+00:00
https://nrs.objectstore.gov.bc.ca/gdwuts/082/082g/2024/dem/bc_082g024_3_2_4_xli1m_utm11_20240922_20241006.tif,200,True,,2026-08-29T19:29:30.465024+00:00
https://nrs.objectstore.gov.bc.ca/gdwuts/082/082g/2024/dem/bc_082g024_3_3_1_xli1m_utm11_20240922_20241007.tif,200,True,,2026-08-29T19:29:30.480226+00:00
https://nrs.objectstore.gov.bc.ca/gdwuts/082/082g/2024/dem/bc_082g024_3_3_2_xli1m_utm11_20240922_20240924.tif,200,True,,2026-08-29T19:29:30.484257+00:00
https://nrs.objectstore.gov.bc.ca/gdwuts/082/082g/2024/dem/bc_082g024_3_3_3_xli1m_utm11_20240922_20240924.tif,200,True,,2026-08-29T19:29:30.470663+00:00
https://nrs.objectstore.gov.bc.ca/gdwuts/082/082g/2024/dem/bc_082g024_3_3_4_xli1m_utm11_20240922_20240923.tif,200,True,,2026-08-29T19:29:30.510159+00:00
https://nrs.objectstore.gov.bc.ca/gdwuts/082/082g/2024/dem/bc_082g024_3_4_1_xli1m_utm11_20240922_20241006.tif,200,True,,2026-08-29T19:29:30.544043+00:00
https://nrs.objectstore.gov.bc.ca/gdwuts/082/082g/2024/dem/bc_082g024_3_4_2_xli1m_utm11_20240922_20241006.tif,200,True,,2026-08-29T19:29:30.544486+00:00
https://nrs.objectstore.gov.bc.ca/gdwuts/082/082g/2024/dem/bc_082g024_3_4_3_xli1m_utm11_20240922_20241006.tif,200,True,,2026-08-29T19:29:30.590572+00:00
https://nrs.objectstore.gov.bc.ca/gdwuts/082/082g/2024/dem/bc_082g024_3_4_4_xli1m_utm11_20240922_20241006.tif,200,True,,2026-08-29T19:29:30.557192+00:00
https://nrs.objectstore.gov.bc.ca/gdwuts/082/082g/2024/dem/bc_082g024_4_1_1_xli1m_utm11_20240922_20241006.tif,200,True,,2026-08-29T19:29:30.599209+00:00
https://nrs.objectstore.gov.bc.ca/gdwuts/082/082g/2024/dem/bc_082g024_4_1_2_xli1m_utm11_20241006_20241006.tif,200,True,,2026-08-29T19:29:30.615228+00:00
https://nrs.objectstore.gov.bc.ca/gdwuts/082/082g/2024/dem/bc_082g024_4_1_3_xli1m_utm11_20240922_20241006.tif,200,True,,2026-08-29T19:29:30.680154+00:00
https://nrs.objectstore.gov.bc.ca/gdwuts/082/082g/2024/dem/bc_082g024_4_1_4_xli1m_utm11_20241006_20241006.tif,200,True,,2026-08-29T19:29:30.671200+00:00
https://nrs.objectstore.gov.bc.ca/gdwuts/082/082g/2024/dem/bc_082g024_4_2_1_xli1m_utm11_20241006_20241006.tif,200,True,,2026-08-29T19:29:30.657208+00:00
https://nrs.objectstore.gov.bc.ca/gdwuts/082/082g/2024/dem/bc_082g024_4_2_2_xli1m_utm11_20241006_20241006.tif,200,True,,2026-08-29T19:29:30.634617+00:00
https://nrs.objectstore.gov.bc.ca/gdwuts/082/082g/2024/dem/bc_082g024_4_2_3_xli1m_utm11_20241006_20241006.tif,200,True,,2026-08-29T19:29:30.709650+00:00
https://nrs.objectstore.gov.bc.ca/gdwuts/082/082g/2024/dem/bc_082g024_4_2_4_xli1m_utm11_20241006_20241006.tif,200,True,,2026-08-29T19:29:30.737436+00:00
https://nrs.objectstore.gov.bc.ca/gdwuts/082/082g/2024/dem/bc_082g024_4_3_1_xli1m_utm11_20241006_20241006.tif,200,True,,2026-08-29T19:29:30.692061+00:00
https://nrs.objectstore.gov.bc.ca/gdwuts/082/082g/2024/dem/bc_082g024_4_3_2_xli1m_utm11_20241006_20241006.tif,200,True,,2026-08-29T19:29:30.730813+00:00
https://nrs.objectstore.gov.bc.ca/gdwuts/082/082g/2024/dem/bc_082g024_4_3_3_xli1m_utm11_20241006_20241006.tif,200,True,,2026-08-29T19:29:30.689148+00:00
https://nrs.objectstore.gov.bc.ca/gdwuts/082/082g/2024/dem/bc_082g024_4_3_4_xli1m_utm11_20241006_20241006.tif,200,True,,2026-08-29T19:29:30.728432+00:00
https://nrs.objectstore.gov.bc.ca/gdwuts/082/082g/2024/dem/bc_082g024_4_4_1_xli1m_utm11_20241006_20241006.tif,200,True,,2026-08-29T19:29:30.756630+00:00
https://nrs.objectstore.gov.bc.ca/gdwuts/082/082g/2024/dem/bc_082g024_4_4_2_xli1m_utm11_20241006_20241006.tif,200,True,,2026-08-29T19:29:30.746172+00:00
https://nrs.objectstore.gov.bc.ca/gdwuts/082/082g/2024/dem/bc_082g024_4_4_3_xli1m_utm11_20241006_20241006.tif,200,True,,2026-08-29T19:29:30.740422+00:00
https://nrs.objectstore.gov.bc.ca/gdwuts/082/082g/2024/dem/bc_082g024_4_4_4_xli1m_utm11_20241006_20241007.tif,200,True,,2026-08-29T19:29:30.827159+00:00
https://nrs.objectstore.gov.bc.ca/gdwuts/082/082g/2024/dem/bc_082g025_1_1_1_xli1m_utm11_20241006_20241006.tif,200,True,,2026-08-29T19:29:30.799183+00:00
https://nrs.objectstore.gov.bc.ca/gdwuts/082/082g/2024/dem/bc_082g025_1_1_2_xli1m_utm11_20241006_20241006.tif,200,True,,2026-08-29T19:29:30.789266+00:00
https://nrs.objectstore.gov.bc.ca/gdwuts/082/082g/2024/dem/bc_082g025_1_1_3_xli1m_utm11_20241006_20241006.tif,200,True,,2026-08-29T19:29:30.814179+00:00
https://nrs.objectstore.gov.bc.ca/gdwuts/082/082g/2024/dem/bc_082g025_1_1_4_xli1m_utm11_20241006_20241006.tif,200,True,,2026-08-29T19:29:30.816565+00:00
https://nrs.objectstore.gov.bc.ca/gdwuts/082/082g/2024/dem/bc_082g025_1_2_1_xli1m_utm11_20241006_20241007.tif,200,True,,2026-08-29T19:29:30.847420+00:00
https://nrs.objectstore.gov.bc.ca/gdwuts/082/082g/2024/dem/bc_082g025_1_2_2_xli1m_utm11_20241006_20250929.tif,200,True,,2026-08-29T19:29:30.863421+00:00
https://nrs.objectstore.gov.bc.ca/gdwuts/082/082g/2024/dem/bc_082g025_1_2_3_xli1m_utm11_20241006_20241007.tif,200,True,,2026-08-29T19:29:30.861151+00:00
https://nrs.objectstore.gov.bc.ca/gdwuts/082/082g/2024/dem/bc_082g025_1_2_4_xli1m_utm11_20241006_20250929.tif,200,True,,2026-08-29T19:29:30.919078+00:00
https://nrs.objectstore.gov.bc.ca/gdwuts/082/082g/2024/dem/bc_082g025_1_3_1_xli1m_utm11_20241006_20241006.tif,200,True,,2026-08-29T19:29:30.946436+00:00
https://nrs.objectstore.gov.bc.ca/gdwuts/082/082g/2024/dem/bc_082g025_1_3_2_xli1m_utm11_20241006_20241007.tif,200,True,,2026-08-29T19:29:30.925391+00:00
https://nrs.objectstore.gov.bc.ca/gdwuts/082/082g/2024/dem/bc_082g025_1_3_3_xli1m_utm11_20241006_20241006.tif,200,True,,2026-08-29T19:29:30.909276+00:00
https://nrs.objectstore.gov.bc.ca/gdwuts/082/082g/2024/dem/bc_082g025_1_3_4_xli1m_utm11_20241006_20241007.tif,200,True,,2026-08-29T19:29:30.951731+00:00
https://nrs.objectstore.gov.bc.ca/gdwuts/082/082g/2024/dem/bc_082g025_1_4_1_xli1m_utm11_20241006_20241007.tif,200,True,,2026-08-29T19:29:30.970315+00:00
https://nrs.objectstore.gov.bc.ca/gdwuts/082/082g/2024/dem/bc_082g025_1_4_2_xli1m_utm11_20241007_20250929.tif,200,True,,2026-08-29T19:29:30.975081+00:00
https://nrs.objectstore.gov.bc.ca/gdwuts/082/082g/2024/dem/bc_082g025_1_4_3_xli1m_utm11_20241006_20250929.tif,200,True,,2026-08-29T19:29:30.964335+00:00
https://nrs.objectstore.gov.bc.ca/gdwuts/082/082g/2024/dem/bc_082g025_1_4_4_xli1m_utm11_20241007_20250929.tif,200,True,,2026-08-29T19:29:30.986151+00:00
https://nrs.objectstore.gov.bc.ca/gdwuts/082/082g/2024/dem/bc_082g025_2_1_3_xli1m_utm11_20241007_20250929.tif,200,True,,2026-08-29T19:29:31.014684+00:00
https://nrs.objectstore.gov.bc.ca/gdwuts/082/082g/2024/dem/bc_082g025_3_1_1_xli1m_utm11_20241006_20241007.tif,200,True,,2026-08-29T19:29:31.014247+00:00
https://nrs.objectstore.gov.bc.ca/gdwuts/082/082g/2024/dem/bc_082g025_3_1_2_xli1m_utm11_20241006_20241007.tif,200,True,,2026-08-29T19:29:31.049196+00:00
https://nrs.objectstore.gov.bc.ca/gdwuts/082/082g/2024/dem/bc_082g025_3_1_3_xli1m_utm11_20241006_20241007.tif,200,True,,2026-08-29T19:29:31.030532+00:00
https://nrs.objectstore.gov.bc.ca/gdwuts/082/082g/2024/dem/bc_082g025_3_1_4_xli1m_utm11_20241006_20250929.tif,200,True,,2026-08-29T19:29:31.044454+00:00
https://nrs.objectstore.gov.bc.ca/gdwuts/082/082g/2024/dem/bc_082g025_3_2_1_xli1m_utm11_20241006_20250929.tif,200,True,,2026-08-29T19:29:31.052479+00:00
https://nrs.objectstore.gov.bc.ca/gdwuts/082/082g/2024/dem/bc_082g025_3_2_3_xli1m_utm11_20241007_20250929.tif,200,True,,2026-08-29T19:29:31.066265+00:00
https://nrs.objectstore.gov.bc.ca/gdwuts/082/082g/2024/dem/bc_082g025_3_3_1_xli1m_utm11_20241006_20241007.tif,200,True,,2026-08-29T19:29:31.083261+00:00
https://nrs.objectstore.gov.bc.ca/gdwuts/082/082g/2024/dem/bc_082g025_3_3_2_xli1m_utm11_20241006_20250929.tif,200,True,,2026-08-29T19:29:31.104187+00:00
https://nrs.objectstore.gov.bc.ca/gdwuts/082/082g/2024/dem/bc_082g025_3_3_3_xli1m_utm11_20241006_20250929.tif,200,True,,2026-08-29T19:29:31.099325+00:00
https://nrs.objectstore.gov.bc.ca/gdwuts/082/082g/2024/dem/bc_082g025_3_3_4_xli1m_utm11_20241007_20250929.tif,200,True,,2026-08-29T19:29:31.144267+00:00
https://nrs.objectstore.gov.bc.ca/gdwuts/082/082g/2024/dem/bc_082g025_3_4_1_xli1m_utm11_20241007_20250929.tif,200,True,,2026-08-29T19:29:31.182570+00:00
https://nrs.objectstore.gov.bc.ca/gdwuts/082/082g/2024/dem/bc_082g031_2_1_2_xli1m_utm11_20240923_20250928.tif,200,True,,2026-08-29T19:29:31.193872+00:00
https://nrs.objectstore.gov.bc.ca/gdwuts/082/082g/2024/dem/bc_082g031_2_1_4_xli1m_utm11_20240923_20250928.tif,200,True,,2026-08-29T19:29:31.155297+00:00
https://nrs.objectstore.gov.bc.ca/gdwuts/082/082g/2024/dem/bc_082g031_2_2_1_xli1m_utm11_20240923_20250928.tif,200,True,,2026-08-29T19:29:31.146683+00:00
https://nrs.objectstore.gov.bc.ca/gdwuts/082/082g/2024/dem/bc_082g031_2_2_2_xli1m_utm11_20240923_20250729.tif,200,True,,2026-08-29T19:29:31.206168+00:00
https://nrs.objectstore.gov.bc.ca/gdwuts/082/082g/2024/dem/bc_082g031_2_2_3_xli1m_utm11_20240923_20250928.tif,200,True,,2026-08-29T19:29:31.241259+00:00
https://nrs.objectstore.gov.bc.ca/gdwuts/082/082g/2024/dem/bc_082g031_2_2_4_xli1m_utm11_20240923_20250729.tif,200,True,,2026-08-29T19:29:31.241805+00:00
https://nrs.objectstore.gov.bc.ca/gdwuts/082/082g/2024/dem/bc_082g031_2_3_1_xli1m_utm11_20240923_20250814.tif,200,True,,2026-08-29T19:29:31.280435+00:00
https://nrs.objectstore.gov.bc.ca/gdwuts/082/082g/2024/dem/bc_082g031_2_3_2_xli1m_utm11_20240923_20250814.tif,200,True,,2026-08-29T19:29:31.257232+00:00
https://nrs.objectstore.gov.bc.ca/gdwuts/082/082g/2024/dem/bc_082g031_2_3_3_xli1m_utm11_20240923_20250814.tif,200,True,,2026-08-29T19:29:31.275391+00:00
https://nrs.objectstore.gov.bc.ca/gdwuts/082/082g/2024/dem/bc_082g031_2_3_4_xli1m_utm11_20240923_20250729.tif,200,True,,2026-08-29T19:29:31.282946+00:00
https://nrs.objectstore.gov.bc.ca/gdwuts/082/082g/2024/dem/bc_082g031_2_4_1_xli1m_utm11_20240923_20250729.tif,200,True,,2026-08-29T19:29:31.262954+00:00
https://nrs.objectstore.gov.bc.ca/gdwuts/082/082g/2024/dem/bc_082g031_2_4_2_xli1m_utm11_20240923_20240923.tif,200,True,,2026-08-29T19:29:31.316748+00:00
https://nrs.objectstore.gov.bc.ca/gdwuts/082/082g/2024/dem/bc_082g031_2_4_3_xli1m_utm11_20240923_20250729.tif,200,True,,2026-08-29T19:29:31.311331+00:00
https://nrs.objectstore.gov.bc.ca/gdwuts/082/082g/2024/dem/bc_082g031_2_4_4_xli1m_utm11_20240923_20250729.tif,200,True,,2026-08-29T19:29:31.320645+00:00
https://nrs.objectstore.gov.bc.ca/gdwuts/082/082g/2024/dem/bc_082g031_4_1_1_xli1m_utm11_20240923_20250928.tif,200,True,,2026-08-29T19:29:31.338540+00:00
https://nrs.objectstore.gov.bc.ca/gdwuts/082/082g/2024/dem/bc_082g031_4_1_2_xli1m_utm11_20240923_20250729.tif,200,True,,2026-08-29T19:29:31.324593+00:00
https://nrs.objectstore.gov.bc.ca/gdwuts/082/082g/2024/dem/bc_082g031_4_1_3_xli1m_utm11_20240923_20250928.tif,200,True,,2026-08-29T19:29:31.342267+00:00
https://nrs.objectstore.gov.bc.ca/gdwuts/082/082g/2024/dem/bc_082g031_4_1_4_xli1m_utm11_20240923_20250928.tif,200,True,,2026-08-29T19:29:31.369249+00:00
https://nrs.objectstore.gov.bc.ca/gdwuts/082/082g/2024/dem/bc_082g031_4_2_1_xli1m_utm11_20240923_20240923.tif,200,True,,2026-08-29T19:29:31.389211+00:00
https://nrs.objectstore.gov.bc.ca/gdwuts/082/082g/2024/dem/bc_082g031_4_2_2_xli1m_utm11_20240923_20240923.tif,200,True,,2026-08-29T19:29:31.380609+00:00
https://nrs.objectstore.gov.bc.ca/gdwuts/082/082g/2024/dem/bc_082g031_4_2_3_xli1m_utm11_20240923_20240923.tif,200,True,,2026-08-29T19:29:31.411157+00:00
https://nrs.objectstore.gov.bc.ca/gdwuts/082/082g/2024/dem/bc_082g031_4_2_4_xli1m_utm11_20240923_20240923.tif,200,True,,2026-08-29T19:29:31.435260+00:00
https://nrs.objectstore.gov.bc.ca/gdwuts/082/082g/2024/dem/bc_082g031_4_3_1_xli1m_utm11_20240923_20250928.tif,200,True,,2026-08-29T19:29:31.429686+00:00
https://nrs.objectstore.gov.bc.ca/gdwuts/082/082g/2024/dem/bc_082g031_4_3_2_xli1m_utm11_20240923_20250928.tif,200,True,,2026-08-29T19:29:31.441183+00:00
https://nrs.objectstore.gov.bc.ca/gdwuts/082/082g/2024/dem/bc_082g031_4_3_3_xli1m_utm11_20240923_20250928.tif,200,True,,2026-08-29T19:29:31.466677+00:00
https://nrs.objectstore.gov.bc.ca/gdwuts/082/082g/2024/dem/bc_082g031_4_3_4_xli1m_utm11_20240923_20250928.tif,200,True,,2026-08-29T19:29:31.498916+00:00
https://nrs.objectstore.gov.bc.ca/gdwuts/082/082g/2024/dem/bc_082g031_4_4_1_xli1m_utm11_20240923_20250927.tif,200,True,,2026-08-29T19:29:31.516342+00:00
https://nrs.objectstore.gov.bc.ca/gdwuts/082/082g/2024/dem/bc_082g031_4_4_2_xli1m_utm11_20240923_20240923.tif,200,True,,2026-08-29T19:29:31.506118+00:00
https://nrs.objectstore.gov.bc.ca/gdwuts/082/082g/2024/dem/bc_082g031_4_4_3_xli1m_utm11_20240923_20240923.tif,200,True,,2026-08-29T19:29:31.575500+00:00
https://nrs.objectstore.gov.bc.ca/gdwuts/082/082g/2024/dem/bc_082g031_4_4_4_xli1m_utm11_20240923_20240923.tif,200,True,,2026-08-29T19:29:31.532532+00:00
https://nrs.objectstore.gov.bc.ca/gdwuts/082/082g/2024/dem/bc_082g032_1_1_1_xli1m_utm11_20240923_20250729.tif,200,True,,2026-08-29T19:29:31.522238+00:00
https://nrs.objectstore.gov.bc.ca/gdwuts/082/082g/2024/dem/bc_082g032_1_1_3_xli1m_utm11_20240923_20250729.tif,200,True,,2026-08-29T19:29:31.579179+00:00
https://nrs.objectstore.gov.bc.ca/gdwuts/082/082g/2024/dem/bc_082g032_1_3_1_xli1m_utm11_20240923_20250729.tif,200,True,,2026-08-29T19:29:31.590142+00:00
https://nrs.objectstore.gov.bc.ca/gdwuts/082/082g/2024/dem/bc_082g032_1_3_3_xli1m_utm11_20240923_20250729.tif,200,True,,2026-08-29T19:29:31.579592+00:00
https://nrs.objectstore.gov.bc.ca/gdwuts/082/082g/2024/dem/bc_082g032_3_1_1_xli1m_utm11_20240923_20250729.tif,200,True,,2026-08-29T19:29:31.585213+00:00
https://nrs.objectstore.gov.bc.ca/gdwuts/082/082g/2024/dem/bc_082g032_3_1_2_xli1m_utm11_20240923_20250815.tif,200,True,,2026-08-29T19:29:31.615244+00:00
https://nrs.objectstore.gov.bc.ca/gdwuts/082/082g/2024/dem/bc_082g032_3_1_3_xli1m_utm11_20240923_20250729.tif,200,True,,2026-08-29T19:29:31.608176+00:00
https://nrs.objectstore.gov.bc.ca/gdwuts/082/082g/2024/dem/bc_082g032_3_1_4_xli1m_utm11_20240923_20250815.tif,200,True,,2026-08-29T19:29:31.617218+00:00
https://nrs.objectstore.gov.bc.ca/gdwuts/082/082g/2024/dem/bc_082g032_3_3_1_xli1m_utm11_20240923_20250729.tif,200,True,,2026-08-29T19:29:31.637044+00:00
https://nrs.objectstore.gov.bc.ca/gdwuts/082/082g/2024/dem/bc_082g032_3_3_2_xli1m_utm11_20240923_20250815.tif,200,True,,2026-08-29T19:29:31.714915+00:00
https://nrs.objectstore.gov.bc.ca/gdwuts/082/082g/2024/dem/bc_082g032_3_3_3_xli1m_utm11_20240923_20250729.tif,200,True,,2026-08-29T19:29:31.648162+00:00
https://nrs.objectstore.gov.bc.ca/gdwuts/082/082g/2024/dem/bc_082g032_3_3_4_xli1m_utm11_20240923_20250815.tif,200,True,,2026-08-29T19:29:31.660157+00:00
https://nrs.objectstore.gov.bc.ca/gdwuts/082/082g/2024/dem/bc_082g032_4_4_2_xli1m_utm11_20241009_20250815.tif,200,True,,2026-08-29T19:29:31.703163+00:00
https://nrs.objectstore.gov.bc.ca/gdwuts/082/082g/2024/dem/bc_082g032_4_4_4_xli1m_utm11_20241009_20250729.tif,200,True,,2026-08-29T19:29:31.719046+00:00
https://nrs.objectstore.gov.bc.ca/gdwuts/082/082g/2024/dem/bc_082g033_1_2_1_xli1m_utm11_20241009_20250729.tif,200,True,,2026-08-29T19:29:31.693962+00:00
https://nrs.objectstore.gov.bc.ca/gdwuts/082/082g/2024/dem/bc_082g033_1_2_2_xli1m_utm11_20240922_20250729.tif,200,True,,2026-08-29T19:29:31.699276+00:00
https://nrs.objectstore.gov.bc.ca/gdwuts/082/082g/2024/dem/bc_082g033_1_2_3_xli1m_utm11_20240922_20250729.tif,200,True,,2026-08-29T19:29:31.775129+00:00
https://nrs.objectstore.gov.bc.ca/gdwuts/082/082g/2024/dem/bc_082g033_1_2_4_xli1m_utm11_20240922_20241009.tif,200,True,,2026-08-29T19:29:31.805704+00:00
https://nrs.objectstore.gov.bc.ca/gdwuts/082/082g/2024/dem/bc_082g033_1_3_2_xli1m_utm11_20241009_20250815.tif,200,True,,2026-08-29T19:29:31.822047+00:00
https://nrs.objectstore.gov.bc.ca/gdwuts/082/082g/2024/dem/bc_082g033_1_3_4_xli1m_utm11_20241009_20250815.tif,200,True,,2026-08-29T19:29:31.817145+00:00
https://nrs.objectstore.gov.bc.ca/gdwuts/082/082g/2024/dem/bc_082g033_1_4_1_xli1m_utm11_20240922_20250815.tif,200,True,,2026-08-29T19:29:31.772460+00:00
https://nrs.objectstore.gov.bc.ca/gdwuts/082/082g/2024/dem/bc_082g033_1_4_2_xli1m_utm11_20240922_20250928.tif,200,True,,2026-08-29T19:29:31.853756+00:00
https://nrs.objectstore.gov.bc.ca/gdwuts/082/082g/2024/dem/bc_082g033_1_4_3_xli1m_utm11_20240922_20250815.tif,200,True,,2026-08-29T19:29:31.849858+00:00
https://nrs.objectstore.gov.bc.ca/gdwuts/082/082g/2024/dem/bc_082g033_1_4_4_xli1m_utm11_20240922_20250928.tif,200,True,,2026-08-29T19:29:31.805275+00:00
https://nrs.objectstore.gov.bc.ca/gdwuts/082/082g/2024/dem/bc_082g033_2_1_1_xli1m_utm11_20240922_20241009.tif,200,True,,2026-08-29T19:29:31.813357+00:00
https://nrs.objectstore.gov.bc.ca/gdwuts/082/082g/2024/dem/bc_082g033_2_1_2_xli1m_utm11_20241007_20250928.tif,200,True,,2026-08-29T19:29:31.850239+00:00
https://nrs.objectstore.gov.bc.ca/gdwuts/082/082g/2024/dem/bc_082g033_2_1_3_xli1m_utm11_20240922_20250928.tif,200,True,,2026-08-29T19:29:31.875242+00:00
https://nrs.objectstore.gov.bc.ca/gdwuts/082/082g/2024/dem/bc_082g033_2_1_4_xli1m_utm11_20241007_20250928.tif,200,True,,2026-08-29T19:29:31.887120+00:00
https://nrs.objectstore.gov.bc.ca/gdwuts/082/082g/2024/dem/bc_082g033_2_2_1_xli1m_utm11_20240924_20241007.tif,200,True,,2026-08-29T19:29:31.915814+00:00
https://nrs.objectstore.gov.bc.ca/gdwuts/082/082g/2024/dem/bc_082g033_2_2_2_xli1m_utm11_20240923_20241007.tif,200,True,,2026-08-29T19:29:31.909079+00:00
https://nrs.objectstore.gov.bc.ca/gdwuts/082/082g/2024/dem/bc_082g033_2_2_3_xli1m_utm11_20240924_20250928.tif,200,True,,2026-08-29T19:29:31.912585+00:00
https://nrs.objectstore.gov.bc.ca/gdwuts/082/082g/2024/dem/bc_082g033_2_2_4_xli1m_utm11_20240922_20240924.tif,200,True,,2026-08-29T19:29:31.919559+00:00
https://nrs.objectstore.gov.bc.ca/gdwuts/082/082g/2024/dem/bc_082g033_2_3_1_xli1m_utm11_20241007_20250928.tif,200,True,,2026-08-29T19:29:31.937922+00:00
https://nrs.objectstore.gov.bc.ca/gdwuts/082/082g/2024/dem/bc_082g033_2_3_2_xli1m_utm11_20240924_20250928.tif,200,True,,2026-08-29T19:29:31.942179+00:00
https://nrs.objectstore.gov.bc.ca/gdwuts/082/082g/2024/dem/bc_082g033_2_3_3_xli1m_utm11_20241007_20250928.tif,200,True,,2026-08-29T19:29:31.996258+00:00
https://nrs.objectstore.gov.bc.ca/gdwuts/082/082g/2024/dem/bc_082g033_2_3_4_xli1m_utm11_20240924_20250928.tif,200,True,,2026-08-29T19:29:32.017171+00:00
https://nrs.objectstore.gov.bc.ca/gdwuts/082/082g/2024/dem/bc_082g033_2_4_1_xli1m_utm11_20240923_20241007.tif,200,True,,2026-08-29T19:29:32.058649+00:00
https://nrs.objectstore.gov.bc.ca/gdwuts/082/082g/2024/dem/bc_082g033_2_4_2_xli1m_utm11_20240922_20240924.tif,200,True,,2026-08-29T19:29:31.988300+00:00
https://nrs.objectstore.gov.bc.ca/gdwuts/082/082g/2024/dem/bc_082g033_2_4_3_xli1m_utm11_20240923_20240924.tif,200,True,,2026-08-29T19:29:32.010192+00:00
https://nrs.objectstore.gov.bc.ca/gdwuts/082/082g/2024/dem/bc_082g033_2_4_4_xli1m_utm11_20240922_20240924.tif,200,True,,2026-08-29T19:29:32.089832+00:00
https://nrs.objectstore.gov.bc.ca/gdwuts/082/082g/2024/dem/bc_082g033_3_1_1_xli1m_utm11_20241009_20250815.tif,200,True,,2026-08-29T19:29:32.122565+00:00
https://nrs.objectstore.gov.bc.ca/gdwuts/082/082g/2024/dem/bc_082g033_3_1_2_xli1m_utm11_20240922_20250928.tif,200,True,,2026-08-29T19:29:32.052538+00:00
https://nrs.objectstore.gov.bc.ca/gdwuts/082/082g/2024/dem/bc_082g033_3_1_3_xli1m_utm11_20241009_20250815.tif,200,True,,2026-08-29T19:29:32.097176+00:00
https://nrs.objectstore.gov.bc.ca/gdwuts/082/082g/2024/dem/bc_082g033_3_1_4_xli1m_utm11_20240922_20250928.tif,200,True,,2026-08-29T19:29:32.085481+00:00
https://nrs.objectstore.gov.bc.ca/gdwuts/082/082g/2024/dem/bc_082g033_3_2_1_xli1m_utm11_20240922_20250928.tif,200,True,,2026-08-29T19:29:32.109468+00:00
https://nrs.objectstore.gov.bc.ca/gdwuts/082/082g/2024/dem/bc_082g033_3_2_2_xli1m_utm11_20241007_20250928.tif,200,True,,2026-08-29T19:29:32.117023+00:00
https://nrs.objectstore.gov.bc.ca/gdwuts/082/082g/2024/dem/bc_082g033_3_2_3_xli1m_utm11_20240922_20250928.tif,200,True,,2026-08-29T19:29:32.119313+00:00
https://nrs.objectstore.gov.bc.ca/gdwuts/082/082g/2024/dem/bc_082g033_3_2_4_xli1m_utm11_20241007_20250928.tif,200,True,,2026-08-29T19:29:32.139196+00:00
https://nrs.objectstore.gov.bc.ca/gdwuts/082/082g/2024/dem/bc_082g033_3_3_1_xli1m_utm11_20240922_20250928.tif,200,True,,2026-08-29T19:29:32.151931+00:00
https://nrs.objectstore.gov.bc.ca/gdwuts/082/082g/2024/dem/bc_082g033_3_3_2_xli1m_utm11_20240922_20250928.tif,200,True,,2026-08-29T19:29:32.157170+00:00
https://nrs.objectstore.gov.bc.ca/gdwuts/082/082g/2024/dem/bc_082g033_3_3_3_xli1m_utm11_20240922_20250928.tif,200,True,,2026-08-29T19:29:32.205361+00:00
https://nrs.objectstore.gov.bc.ca/gdwuts/082/082g/2024/dem/bc_082g033_3_3_4_xli1m_utm11_20240922_20250928.tif,200,True,,2026-08-29T19:29:32.187149+00:00
https://nrs.objectstore.gov.bc.ca/gdwuts/082/082g/2024/dem/bc_082g033_3_4_1_xli1m_utm11_20241007_20250928.tif,200,True,,2026-08-29T19:29:32.182228+00:00
https://nrs.objectstore.gov.bc.ca/gdwuts/082/082g/2024/dem/bc_082g033_3_4_2_xli1m_utm11_20241007_20250928.tif,200,True,,2026-08-29T19:29:32.192304+00:00
https://nrs.objectstore.gov.bc.ca/gdwuts/082/082g/2024/dem/bc_082g033_3_4_3_xli1m_utm11_20241007_20250928.tif,200,True,,2026-08-29T19:29:32.219203+00:00
https://nrs.objectstore.gov.bc.ca/gdwuts/082/082g/2024/dem/bc_082g033_3_4_4_xli1m_utm11_20240924_20250928.tif,200,True,,2026-08-29T19:29:32.223276+00:00
https://nrs.objectstore.gov.bc.ca/gdwuts/082/082g/2024/dem/bc_082g033_4_1_1_xli1m_utm11_20240924_20250928.tif,200,True,,2026-08-29T19:29:32.265280+00:00
https://nrs.objectstore.gov.bc.ca/gdwuts/082/082g/2024/dem/bc_082g033_4_1_2_xli1m_utm11_20240924_20250928.tif,200,True,,2026-08-29T19:29:32.296330+00:00
https://nrs.objectstore.gov.bc.ca/gdwuts/082/082g/2024/dem/bc_082g033_4_1_3_xli1m_utm11_20240924_20250928.tif,200,True,,2026-08-29T19:29:32.301112+00:00
https://nrs.objectstore.gov.bc.ca/gdwuts/082/082g/2024/dem/bc_082g033_4_1_4_xli1m_utm11_20240923_20241007.tif,200,True,,2026-08-29T19:29:32.341864+00:00
https://nrs.objectstore.gov.bc.ca/gdwuts/082/082g/2024/dem/bc_082g033_4_2_1_xli1m_utm11_20240922_20240924.tif,200,True,,2026-08-29T19:29:32.336893+00:00
https://nrs.objectstore.gov.bc.ca/gdwuts/082/082g/2024/dem/bc_082g033_4_2_2_xli1m_utm11_20240922_20240923.tif,200,True,,2026-08-29T19:29:32.332980+00:00
https://nrs.objectstore.gov.bc.ca/gdwuts/082/082g/2024/dem/bc_082g033_4_2_3_xli1m_utm11_20240922_20240924.tif,200,True,,2026-08-29T19:29:32.328161+00:00
https://nrs.objectstore.gov.bc.ca/gdwuts/082/082g/2024/dem/bc_082g033_4_2_4_xli1m_utm11_20240922_20240922.tif,200,True,,2026-08-29T19:29:32.343510+00:00
https://nrs.objectstore.gov.bc.ca/gdwuts/082/082g/2024/dem/bc_082g033_4_3_1_xli1m_utm11_20240924_20250928.tif,200,True,,2026-08-29T19:29:32.322427+00:00
https://nrs.objectstore.gov.bc.ca/gdwuts/082/082g/2024/dem/bc_082g033_4_3_2_xli1m_utm11_20240922_20240924.tif,200,True,,2026-08-29T19:29:32.410148+00:00
https://nrs.objectstore.gov.bc.ca/gdwuts/082/082g/2024/dem/bc_082g033_4_3_3_xli1m_utm11_20240923_20250928.tif,200,True,,2026-08-29T19:29:32.377288+00:00
https://nrs.objectstore.gov.bc.ca/gdwuts/082/082g/2024/dem/bc_082g033_4_3_4_xli1m_utm11_20240922_20241007.tif,200,True,,2026-08-29T19:29:32.412363+00:00
https://nrs.objectstore.gov.bc.ca/gdwuts/082/082g/2024/dem/bc_082g033_4_4_1_xli1m_utm11_20240922_20240924.tif,200,True,,2026-08-29T19:29:32.394232+00:00
https://nrs.objectstore.gov.bc.ca/gdwuts/082/082g/2024/dem/bc_082g033_4_4_2_xli1m_utm11_20240922_20241006.tif,200,True,,2026-08-29T19:29:32.406288+00:00
https://nrs.objectstore.gov.bc.ca/gdwuts/082/082g/2024/dem/bc_082g033_4_4_3_xli1m_utm11_20240922_20240923.tif,200,True,,2026-08-29T19:29:32.417851+00:00
https://nrs.objectstore.gov.bc.ca/gdwuts/082/082g/2024/dem/bc_082g033_4_4_4_xli1m_utm11_20240922_20241006.tif,200,True,,2026-08-29T19:29:32.444613+00:00
https://nrs.objectstore.gov.bc.ca/gdwuts/082/082g/2024/dem/bc_082g034_1_1_1_xli1m_utm11_20240922_20240924.tif,200,True,,2026-08-29T19:29:32.442085+00:00
https://nrs.objectstore.gov.bc.ca/gdwuts/082/082g/2024/dem/bc_082g034_1_1_2_xli1m_utm11_20240922_20240923.tif,200,True,,2026-08-29T19:29:32.478440+00:00
https://nrs.objectstore.gov.bc.ca/gdwuts/082/082g/2024/dem/bc_082g034_1_1_3_xli1m_utm11_20240922_20240923.tif,200,True,,2026-08-29T19:29:32.474009+00:00
https://nrs.objectstore.gov.bc.ca/gdwuts/082/082g/2024/dem/bc_082g034_1_1_4_xli1m_utm11_20240922_20241006.tif,200,True,,2026-08-29T19:29:32.518266+00:00
https://nrs.objectstore.gov.bc.ca/gdwuts/082/082g/2024/dem/bc_082g034_1_2_1_xli1m_utm11_20240922_20241006.tif,200,True,,2026-08-29T19:29:32.510869+00:00
https://nrs.objectstore.gov.bc.ca/gdwuts/082/082g/2024/dem/bc_082g034_1_2_2_xli1m_utm11_20241006_20241006.tif,200,True,,2026-08-29T19:29:32.508286+00:00
https://nrs.objectstore.gov.bc.ca/gdwuts/082/082g/2024/dem/bc_082g034_1_2_3_xli1m_utm11_20240922_20241006.tif,200,True,,2026-08-29T19:29:32.546849+00:00
https://nrs.objectstore.gov.bc.ca/gdwuts/082/082g/2024/dem/bc_082g034_1_2_4_xli1m_utm11_20241006_20241006.tif,200,True,,2026-08-29T19:29:32.553184+00:00
https://nrs.objectstore.gov.bc.ca/gdwuts/082/082g/2024/dem/bc_082g034_1_3_1_xli1m_utm11_20240922_20240923.tif,200,True,,2026-08-29T19:29:32.537342+00:00
https://nrs.objectstore.gov.bc.ca/gdwuts/082/082g/2024/dem/bc_082g034_1_3_2_xli1m_utm11_20240922_20241006.tif,200,True,,2026-08-29T19:29:32.602290+00:00
https://nrs.objectstore.gov.bc.ca/gdwuts/082/082g/2024/dem/bc_082g034_1_3_3_xli1m_utm11_20240922_20241006.tif,200,True,,2026-08-29T19:29:32.630307+00:00
https://nrs.objectstore.gov.bc.ca/gdwuts/082/082g/2024/dem/bc_082g034_1_3_4_xli1m_utm11_20240922_20241006.tif,200,True,,2026-08-29T19:29:32.622983+00:00
https://nrs.objectstore.gov.bc.ca/gdwuts/082/082g/2024/dem/bc_082g034_1_4_1_xli1m_utm11_20240922_20241006.tif,200,True,,2026-08-29T19:29:32.622498+00:00
https://nrs.objectstore.gov.bc.ca/gdwuts/082/082g/2024/dem/bc_082g034_1_4_2_xli1m_utm11_20241006_20241006.tif,200,True,,2026-08-29T19:29:32.611222+00:00
https://nrs.objectstore.gov.bc.ca/gdwuts/082/082g/2024/dem/bc_082g034_1_4_3_xli1m_utm11_20241006_20241006.tif,200,True,,2026-08-29T19:29:32.615182+00:00
https://nrs.objectstore.gov.bc.ca/gdwuts/082/082g/2024/dem/bc_082g034_1_4_4_xli1m_utm11_20241006_20241006.tif,200,True,,2026-08-29T19:29:32.646175+00:00
https://nrs.objectstore.gov.bc.ca/gdwuts/082/082g/2024/dem/bc_082g034_2_1_1_xli1m_utm11_20241006_20241006.tif,200,True,,2026-08-29T19:29:32.643767+00:00
https://nrs.objectstore.gov.bc.ca/gdwuts/082/082g/2024/dem/bc_082g034_2_1_2_xli1m_utm11_20241006_20241006.tif,200,True,,2026-08-29T19:29:32.694815+00:00
https://nrs.objectstore.gov.bc.ca/gdwuts/082/082g/2024/dem/bc_082g034_2_1_3_xli1m_utm11_20241006_20241006.tif,200,True,,2026-08-29T19:29:32.662127+00:00
https://nrs.objectstore.gov.bc.ca/gdwuts/082/082g/2024/dem/bc_082g034_2_1_4_xli1m_utm11_20241006_20241006.tif,200,True,,2026-08-29T19:29:32.712186+00:00
https://nrs.objectstore.gov.bc.ca/gdwuts/082/082g/2024/dem/bc_082g034_2_2_1_xli1m_utm11_20241006_20241006.tif,200,True,,2026-08-29T19:29:32.689417+00:00
https://nrs.objectstore.gov.bc.ca/gdwuts/082/082g/2024/dem/bc_082g034_2_2_2_xli1m_utm11_20241006_20241007.tif,200,True,,2026-08-29T19:29:32.729451+00:00
https://nrs.objectstore.gov.bc.ca/gdwuts/082/082g/2024/dem/bc_082g034_2_2_3_xli1m_utm11_20241006_20241007.tif,200,True,,2026-08-29T19:29:32.714411+00:00
https://nrs.objectstore.gov.bc.ca/gdwuts/082/082g/2024/dem/bc_082g034_2_2_4_xli1m_utm11_20241006_20241007.tif,200,True,,2026-08-29T19:29:32.741248+00:00
https://nrs.objectstore.gov.bc.ca/gdwuts/082/082g/2024/dem/bc_082g034_2_3_1_xli1m_utm11_20241006_20241006.tif,200,True,,2026-08-29T19:29:32.734054+00:00
https://nrs.objectstore.gov.bc.ca/gdwuts/082/082g/2024/dem/bc_082g034_2_3_2_xli1m_utm11_20241006_20241006.tif,200,True,,2026-08-29T19:29:32.813257+00:00
https://nrs.objectstore.gov.bc.ca/gdwuts/082/082g/2024/dem/bc_082g034_2_3_3_xli1m_utm11_20241006_20241006.tif,200,True,,2026-08-29T19:29:32.819881+00:00
https://nrs.objectstore.gov.bc.ca/gdwuts/082/082g/2024/dem/bc_082g034_2_3_4_xli1m_utm11_20241006_20241006.tif,200,True,,2026-08-29T19:29:32.831218+00:00
https://nrs.objectstore.gov.bc.ca/gdwuts/082/082g/2024/dem/bc_082g034_2_4_1_xli1m_utm11_20241006_20241007.tif,200,True,,2026-08-29T19:29:32.814146+00:00
https://nrs.objectstore.gov.bc.ca/gdwuts/082/082g/2024/dem/bc_082g034_2_4_2_xli1m_utm11_20241006_20250929.tif,200,True,,2026-08-29T19:29:32.843612+00:00
https://nrs.objectstore.gov.bc.ca/gdwuts/082/082g/2024/dem/bc_082g034_2_4_3_xli1m_utm11_20241006_20241007.tif,200,True,,2026-08-29T19:29:32.886362+00:00
https://nrs.objectstore.gov.bc.ca/gdwuts/082/082g/2024/dem/bc_082g034_2_4_4_xli1m_utm11_20241006_20250929.tif,200,True,,2026-08-29T19:29:32.838247+00:00
https://nrs.objectstore.gov.bc.ca/gdwuts/082/082g/2024/dem/bc_082g034_3_1_1_xli1m_utm11_20240922_20241006.tif,200,True,,2026-08-29T19:29:32.856014+00:00
https://nrs.objectstore.gov.bc.ca/gdwuts/082/082g/2024/dem/bc_082g034_3_1_2_xli1m_utm11_20240922_20241006.tif,200,True,,2026-08-29T19:29:32.878875+00:00
https://nrs.objectstore.gov.bc.ca/gdwuts/082/082g/2024/dem/bc_082g034_3_1_3_xli1m_utm11_20240922_20241006.tif,200,True,,2026-08-29T19:29:32.917275+00:00
https://nrs.objectstore.gov.bc.ca/gdwuts/082/082g/2024/dem/bc_082g034_3_1_4_xli1m_utm11_20241006_20241006.tif,200,True,,2026-08-29T19:29:32.940180+00:00
https://nrs.objectstore.gov.bc.ca/gdwuts/082/082g/2024/dem/bc_082g034_3_2_1_xli1m_utm11_20241006_20241006.tif,200,True,,2026-08-29T19:29:32.921983+00:00
https://nrs.objectstore.gov.bc.ca/gdwuts/082/082g/2024/dem/bc_082g034_3_2_2_xli1m_utm11_20241006_20241006.tif,200,True,,2026-08-29T19:29:32.931572+00:00
https://nrs.objectstore.gov.bc.ca/gdwuts/082/082g/2024/dem/bc_082g034_3_2_3_xli1m_utm11_20241006_20241006.tif,200,True,,2026-08-29T19:29:32.943688+00:00
https://nrs.objectstore.gov.bc.ca/gdwuts/082/082g/2024/dem/bc_082g034_3_2_4_xli1m_utm11_20241006_20241006.tif,200,True,,2026-08-29T19:29:32.931148+00:00
https://nrs.objectstore.gov.bc.ca/gdwuts/082/082g/2024/dem/bc_082g034_3_3_1_xli1m_utm11_20240922_20241006.tif,200,True,,2026-08-29T19:29:32.947106+00:00
https://nrs.objectstore.gov.bc.ca/gdwuts/082/082g/2024/dem/bc_082g034_3_3_2_xli1m_utm11_20241006_20241006.tif,200,True,,2026-08-29T19:29:33.028720+00:00
https://nrs.objectstore.gov.bc.ca/gdwuts/082/082g/2024/dem/bc_082g034_3_3_3_xli1m_utm11_20240922_20241006.tif,200,True,,2026-08-29T19:29:33.046323+00:00
https://nrs.objectstore.gov.bc.ca/gdwuts/082/082g/2024/dem/bc_082g034_3_3_4_xli1m_utm11_20241006_20241006.tif,200,True,,2026-08-29T19:29:33.044421+00:00
https://nrs.objectstore.gov.bc.ca/gdwuts/082/082g/2024/dem/bc_082g034_3_4_1_xli1m_utm11_20241006_20241006.tif,200,True,,2026-08-29T19:29:33.026229+00:00
https://nrs.objectstore.gov.bc.ca/gdwuts/082/082g/2024/dem/bc_082g034_3_4_2_xli1m_utm11_20241006_20241006.tif,200,True,,2026-08-29T19:29:33.012283+00:00
https://nrs.objectstore.gov.bc.ca/gdwuts/082/082g/2024/dem/bc_082g034_3_4_3_xli1m_utm11_20241006_20241006.tif,200,True,,2026-08-29T19:29:33.033151+00:00
https://nrs.objectstore.gov.bc.ca/gdwuts/082/082g/2024/dem/bc_082g034_3_4_4_xli1m_utm11_20241006_20241006.tif,200,True,,2026-08-29T19:29:33.045304+00:00
https://nrs.objectstore.gov.bc.ca/gdwuts/082/082g/2024/dem/bc_082g034_4_1_1_xli1m_utm11_20241006_20241006.tif,200,True,,2026-08-29T19:29:33.063879+00:00
https://nrs.objectstore.gov.bc.ca/gdwuts/082/082g/2024/dem/bc_082g034_4_1_2_xli1m_utm11_20241006_20241007.tif,200,True,,2026-08-29T19:29:33.056180+00:00
https://nrs.objectstore.gov.bc.ca/gdwuts/082/082g/2024/dem/bc_082g034_4_1_3_xli1m_utm11_20241006_20241006.tif,200,True,,2026-08-29T19:29:33.094243+00:00
https://nrs.objectstore.gov.bc.ca/gdwuts/082/082g/2024/dem/bc_082g034_4_1_4_xli1m_utm11_20241006_20241007.tif,200,True,,2026-08-29T19:29:33.133109+00:00
https://nrs.objectstore.gov.bc.ca/gdwuts/082/082g/2024/dem/bc_082g034_4_2_1_xli1m_utm11_20241006_20250929.tif,200,True,,2026-08-29T19:29:33.158814+00:00
https://nrs.objectstore.gov.bc.ca/gdwuts/082/082g/2024/dem/bc_082g034_4_2_2_xli1m_utm11_20241007_20250929.tif,200,True,,2026-08-29T19:29:33.159251+00:00
https://nrs.objectstore.gov.bc.ca/gdwuts/082/082g/2024/dem/bc_082g034_4_3_1_xli1m_utm11_20241006_20241007.tif,200,True,,2026-08-29T19:29:33.162326+00:00
https://nrs.objectstore.gov.bc.ca/gdwuts/082/082g/2024/dem/bc_082g034_4_3_2_xli1m_utm11_20241006_20241007.tif,200,True,,2026-08-29T19:29:33.151222+00:00
https://nrs.objectstore.gov.bc.ca/gdwuts/082/082g/2024/dem/bc_082g034_4_3_3_xli1m_utm11_20241006_20241007.tif,200,True,,2026-08-29T19:29:33.126926+00:00
https://nrs.objectstore.gov.bc.ca/gdwuts/082/082g/2024/dem/bc_082g034_4_3_4_xli1m_utm11_20241006_20250929.tif,200,True,,2026-08-29T19:29:33.199441+00:00
https://nrs.objectstore.gov.bc.ca/gdwuts/082/082g/2024/dem/bc_082g034_4_4_1_xli1m_utm11_20241007_20250929.tif,200,True,,2026-08-29T19:29:33.205882+00:00
https://nrs.objectstore.gov.bc.ca/gdwuts/082/082g/2024/dem/bc_082g034_4_4_2_xli1m_utm11_20241007_20250929.tif,200,True,,2026-08-29T19:29:33.234850+00:00
https://nrs.objectstore.gov.bc.ca/gdwuts/082/082g/2024/dem/bc_082g034_4_4_3_xli1m_utm11_20241007_20250929.tif,200,True,,2026-08-29T19:29:33.258724+00:00
https://nrs.objectstore.gov.bc.ca/gdwuts/082/082g/2024/dem/bc_082g035_1_1_1_xli1m_utm11_20241006_20250929.tif,200,True,,2026-08-29T19:29:33.254542+00:00
https://nrs.objectstore.gov.bc.ca/gdwuts/082/082g/2024/dem/bc_082g035_1_1_2_xli1m_utm11_20241007_20250929.tif,200,True,,2026-08-29T19:29:33.244303+00:00
https://nrs.objectstore.gov.bc.ca/gdwuts/082/082g/2024/dem/bc_082g035_1_1_3_xli1m_utm11_20241007_20250929.tif,200,True,,2026-08-29T19:29:33.252141+00:00
https://nrs.objectstore.gov.bc.ca/gdwuts/082/082g/2024/dem/bc_082g035_1_1_4_xli1m_utm11_20241007_20250929.tif,200,True,,2026-08-29T19:29:33.310267+00:00
https://nrs.objectstore.gov.bc.ca/gdwuts/082/082g/2024/dem/bc_082g035_1_3_1_xli1m_utm11_20241007_20250929.tif,200,True,,2026-08-29T19:29:33.304534+00:00
https://nrs.objectstore.gov.bc.ca/gdwuts/082/082g/2024/dem/bc_082g035_1_3_3_xli1m_utm11_20241007_20250929.tif,200,True,,2026-08-29T19:29:33.295726+00:00
https://nrs.objectstore.gov.bc.ca/gdwuts/082/082g/2024/dem/bc_082g041_1_2_1_xli1m_utm11_20240923_20250814.tif,200,True,,2026-08-29T19:29:33.320851+00:00
https://nrs.objectstore.gov.bc.ca/gdwuts/082/082g/2024/dem/bc_082g041_1_2_2_xli1m_utm11_20240923_20250927.tif,200,True,,2026-08-29T19:29:33.321285+00:00
https://nrs.objectstore.gov.bc.ca/gdwuts/082/082g/2024/dem/bc_082g041_1_2_3_xli1m_utm11_20240923_20250927.tif,200,True,,2026-08-29T19:29:33.366162+00:00
https://nrs.objectstore.gov.bc.ca/gdwuts/082/082g/2024/dem/bc_082g041_1_2_4_xli1m_utm11_20240923_20250927.tif,200,True,,2026-08-29T19:29:33.334880+00:00
https://nrs.objectstore.gov.bc.ca/gdwuts/082/082g/2024/dem/bc_082g041_1_4_1_xli1m_utm11_20240923_20250927.tif,200,True,,2026-08-29T19:29:33.372171+00:00
https://nrs.objectstore.gov.bc.ca/gdwuts/082/082g/2024/dem/bc_082g041_1_4_2_xli1m_utm11_20240923_20250927.tif,200,True,,2026-08-29T19:29:33.358150+00:00
https://nrs.objectstore.gov.bc.ca/gdwuts/082/082g/2024/dem/bc_082g041_1_4_3_xli1m_utm11_20240923_20250927.tif,200,True,,2026-08-29T19:29:33.432061+00:00
https://nrs.objectstore.gov.bc.ca/gdwuts/082/082g/2024/dem/bc_082g041_1_4_4_xli1m_utm11_20240923_20250927.tif,200,True,,2026-08-29T19:29:33.398587+00:00
https://nrs.objectstore.gov.bc.ca/gdwuts/082/082g/2024/dem/bc_082g041_2_1_1_xli1m_utm11_20240923_20250928.tif,200,True,,2026-08-29T19:29:33.414671+00:00
https://nrs.objectstore.gov.bc.ca/gdwuts/082/082g/2024/dem/bc_082g041_2_1_2_xli1m_utm11_20240923_20250927.tif,200,True,,2026-08-29T19:29:33.404185+00:00
https://nrs.objectstore.gov.bc.ca/gdwuts/082/082g/2024/dem/bc_082g041_2_1_3_xli1m_utm11_20240923_20250927.tif,200,True,,2026-08-29T19:29:33.444176+00:00
https://nrs.objectstore.gov.bc.ca/gdwuts/082/082g/2024/dem/bc_082g041_2_1_4_xli1m_utm11_20240923_20250927.tif,200,True,,2026-08-29T19:29:33.469178+00:00
https://nrs.objectstore.gov.bc.ca/gdwuts/082/082g/2024/dem/bc_082g041_2_2_1_xli1m_utm11_20240923_20240923.tif,200,True,,2026-08-29T19:29:33.492249+00:00
https://nrs.objectstore.gov.bc.ca/gdwuts/082/082g/2024/dem/bc_082g041_2_2_2_xli1m_utm11_20240923_20240923.tif,200,True,,2026-08-29T19:29:33.460336+00:00
https://nrs.objectstore.gov.bc.ca/gdwuts/082/082g/2024/dem/bc_082g041_2_2_3_xli1m_utm11_20240923_20240923.tif,200,True,,2026-08-29T19:29:33.499226+00:00
https://nrs.objectstore.gov.bc.ca/gdwuts/082/082g/2024/dem/bc_082g041_2_2_4_xli1m_utm11_20240923_20240923.tif,200,True,,2026-08-29T19:29:33.545532+00:00
https://nrs.objectstore.gov.bc.ca/gdwuts/082/082g/2024/dem/bc_082g041_2_3_1_xli1m_utm11_20240923_20250927.tif,200,True,,2026-08-29T19:29:33.505160+00:00
https://nrs.objectstore.gov.bc.ca/gdwuts/082/082g/2024/dem/bc_082g041_2_3_2_xli1m_utm11_20240923_20240923.tif,200,True,,2026-08-29T19:29:33.525178+00:00
https://nrs.objectstore.gov.bc.ca/gdwuts/082/082g/2024/dem/bc_082g041_2_3_3_xli1m_utm11_20240923_20250927.tif,200,True,,2026-08-29T19:29:33.539457+00:00
https://nrs.objectstore.gov.bc.ca/gdwuts/082/082g/2024/dem/bc_082g041_2_4_1_xli1m_utm11_20240923_20240923.tif,200,True,,2026-08-29T19:29:33.594176+00:00
https://nrs.objectstore.gov.bc.ca/gdwuts/082/082g/2024/dem/bc_082g041_2_4_2_xli1m_utm11_20240923_20240923.tif,200,True,,2026-08-29T19:29:33.563756+00:00
https://nrs.objectstore.gov.bc.ca/gdwuts/082/082g/2024/dem/bc_082g041_2_4_3_xli1m_utm11_20240923_20240923.tif,200,True,,2026-08-29T19:29:33.573186+00:00
https://nrs.objectstore.gov.bc.ca/gdwuts/082/082g/2024/dem/bc_082g041_2_4_4_xli1m_utm11_20240923_20240923.tif,200,True,,2026-08-29T19:29:33.603224+00:00
https://nrs.objectstore.gov.bc.ca/gdwuts/082/082g/2024/dem/bc_082g041_3_2_1_xli1m_utm11_20240923_20250927.tif,200,True,,2026-08-29T19:29:33.568354+00:00
https://nrs.objectstore.gov.bc.ca/gdwuts/082/082g/2024/dem/bc_082g041_3_2_2_xli1m_utm11_20240923_20250927.tif,200,True,,2026-08-29T19:29:33.675669+00:00
https://nrs.objectstore.gov.bc.ca/gdwuts/082/082g/2024/dem/bc_082g041_3_2_3_xli1m_utm11_20240923_20250927.tif,200,True,,2026-08-29T19:29:33.626350+00:00
https://nrs.objectstore.gov.bc.ca/gdwuts/082/082g/2024/dem/bc_082g041_3_2_4_xli1m_utm11_20240923_20250927.tif,200,True,,2026-08-29T19:29:33.639384+00:00
https://nrs.objectstore.gov.bc.ca/gdwuts/082/082g/2024/dem/bc_082g041_3_4_1_xli1m_utm11_20240923_20250927.tif,200,True,,2026-08-29T19:29:33.647144+00:00
https://nrs.objectstore.gov.bc.ca/gdwuts/082/082g/2024/dem/bc_082g041_3_4_2_xli1m_utm11_20240923_20250927.tif,200,True,,2026-08-29T19:29:33.678258+00:00
https://nrs.objectstore.gov.bc.ca/gdwuts/082/082g/2024/dem/bc_082g041_3_4_3_xli1m_utm11_20240923_20250927.tif,200,True,,2026-08-29T19:29:33.680197+00:00
https://nrs.objectstore.gov.bc.ca/gdwuts/082/082g/2024/dem/bc_082g041_3_4_4_xli1m_utm11_20240923_20250927.tif,200,True,,2026-08-29T19:29:33.708159+00:00
https://nrs.objectstore.gov.bc.ca/gdwuts/082/082g/2024/dem/bc_082g041_4_1_1_xli1m_utm11_20240923_20240923.tif,200,True,,2026-08-29T19:29:33.700188+00:00
https://nrs.objectstore.gov.bc.ca/gdwuts/082/082g/2024/dem/bc_082g041_4_1_3_xli1m_utm11_20240923_20240923.tif,200,True,,2026-08-29T19:29:33.718212+00:00
https://nrs.objectstore.gov.bc.ca/gdwuts/082/082g/2024/dem/bc_082g041_4_1_4_xli1m_utm11_20240923_20240923.tif,200,True,,2026-08-29T19:29:33.741423+00:00
https://nrs.objectstore.gov.bc.ca/gdwuts/082/082g/2024/dem/bc_082g041_4_2_1_xli1m_utm11_20240923_20240923.tif,200,True,,2026-08-29T19:29:33.732609+00:00
https://nrs.objectstore.gov.bc.ca/gdwuts/082/082g/2024/dem/bc_082g041_4_2_2_xli1m_utm11_20240923_20240923.tif,200,True,,2026-08-29T19:29:33.745626+00:00
https://nrs.objectstore.gov.bc.ca/gdwuts/082/082g/2024/dem/bc_082g041_4_2_3_xli1m_utm11_20240923_20240923.tif,200,True,,2026-08-29T19:29:33.778892+00:00
https://nrs.objectstore.gov.bc.ca/gdwuts/082/082g/2024/dem/bc_082g041_4_2_4_xli1m_utm11_20240923_20240923.tif,200,True,,2026-08-29T19:29:33.772259+00:00
https://nrs.objectstore.gov.bc.ca/gdwuts/082/082g/2024/dem/bc_082g041_4_3_1_xli1m_utm11_20240923_20240923.tif,200,True,,2026-08-29T19:29:33.772689+00:00
https://nrs.objectstore.gov.bc.ca/gdwuts/082/082g/2024/dem/bc_082g041_4_3_2_xli1m_utm11_20240923_20240923.tif,200,True,,2026-08-29T19:29:33.808262+00:00
https://nrs.objectstore.gov.bc.ca/gdwuts/082/082g/2024/dem/bc_082g041_4_3_3_xli1m_utm11_20240923_20250927.tif,200,True,,2026-08-29T19:29:33.789200+00:00
https://nrs.objectstore.gov.bc.ca/gdwuts/082/082g/2024/dem/bc_082g041_4_3_4_xli1m_utm11_20240923_20240923.tif,200,True,,2026-08-29T19:29:33.815226+00:00
https://nrs.objectstore.gov.bc.ca/gdwuts/082/082g/2024/dem/bc_082g041_4_4_1_xli1m_utm11_20240923_20240923.tif,200,True,,2026-08-29T19:29:33.820280+00:00
https://nrs.objectstore.gov.bc.ca/gdwuts/082/082g/2024/dem/bc_082g041_4_4_2_xli1m_utm11_20240923_20240923.tif,200,True,,2026-08-29T19:29:33.903747+00:00
https://nrs.objectstore.gov.bc.ca/gdwuts/082/082g/2024/dem/bc_082g041_4_4_3_xli1m_utm11_20240923_20240923.tif,200,True,,2026-08-29T19:29:33.921166+00:00
https://nrs.objectstore.gov.bc.ca/gdwuts/082/082g/2024/dem/bc_082g041_4_4_4_xli1m_utm11_20240923_20240923.tif,200,True,,2026-08-29T19:29:33.915219+00:00
https://nrs.objectstore.gov.bc.ca/gdwuts/082/082g/2024/dem/bc_082g042_1_1_1_xli1m_utm11_20240923_20250729.tif,200,True,,2026-08-29T19:29:33.876260+00:00
https://nrs.objectstore.gov.bc.ca/gdwuts/082/082g/2024/dem/bc_082g042_1_1_2_xli1m_utm11_20240922_20250815.tif,200,True,,2026-08-29T19:29:33.880200+00:00
https://nrs.objectstore.gov.bc.ca/gdwuts/082/082g/2024/dem/bc_082g042_1_1_3_xli1m_utm11_20240923_20250729.tif,200,True,,2026-08-29T19:29:33.919726+00:00
https://nrs.objectstore.gov.bc.ca/gdwuts/082/082g/2024/dem/bc_082g042_1_1_4_xli1m_utm11_20240922_20250815.tif,200,True,,2026-08-29T19:29:33.963752+00:00
https://nrs.objectstore.gov.bc.ca/gdwuts/082/082g/2024/dem/bc_082g042_1_2_3_xli1m_utm11_20240922_20250815.tif,200,True,,2026-08-29T19:29:33.929029+00:00
https://nrs.objectstore.gov.bc.ca/gdwuts/082/082g/2024/dem/bc_082g042_1_2_4_xli1m_utm11_20240922_20250815.tif,200,True,,2026-08-29T19:29:33.985221+00:00
https://nrs.objectstore.gov.bc.ca/gdwuts/082/082g/2024/dem/bc_082g042_1_3_1_xli1m_utm11_20240923_20240923.tif,200,True,,2026-08-29T19:29:33.999957+00:00
https://nrs.objectstore.gov.bc.ca/gdwuts/082/082g/2024/dem/bc_082g042_1_3_2_xli1m_utm11_20240922_20250815.tif,200,True,,2026-08-29T19:29:34.005930+00:00
https://nrs.objectstore.gov.bc.ca/gdwuts/082/082g/2024/dem/bc_082g042_1_3_3_xli1m_utm11_20240923_20240923.tif,200,True,,2026-08-29T19:29:34.017180+00:00
https://nrs.objectstore.gov.bc.ca/gdwuts/082/082g/2024/dem/bc_082g042_1_3_4_xli1m_utm11_20240922_20240923.tif,200,True,,2026-08-29T19:29:34.024134+00:00
https://nrs.objectstore.gov.bc.ca/gdwuts/082/082g/2024/dem/bc_082g042_1_4_1_xli1m_utm11_20240922_20250815.tif,200,True,,2026-08-29T19:29:34.031300+00:00
https://nrs.objectstore.gov.bc.ca/gdwuts/082/082g/2024/dem/bc_082g042_1_4_2_xli1m_utm11_20240922_20250815.tif,200,True,,2026-08-29T19:29:34.013064+00:00
https://nrs.objectstore.gov.bc.ca/gdwuts/082/082g/2024/dem/bc_082g042_1_4_3_xli1m_utm11_20240922_20250729.tif,200,True,,2026-08-29T19:29:34.019609+00:00
https://nrs.objectstore.gov.bc.ca/gdwuts/082/082g/2024/dem/bc_082g042_1_4_4_xli1m_utm11_20240922_20250729.tif,200,True,,2026-08-29T19:29:34.044891+00:00
https://nrs.objectstore.gov.bc.ca/gdwuts/082/082g/2024/dem/bc_082g042_2_1_3_xli1m_utm11_20240922_20250729.tif,200,True,,2026-08-29T19:29:34.056390+00:00
https://nrs.objectstore.gov.bc.ca/gdwuts/082/082g/2024/dem/bc_082g042_2_1_4_xli1m_utm11_20240922_20250729.tif,200,True,,2026-08-29T19:29:34.114171+00:00
https://nrs.objectstore.gov.bc.ca/gdwuts/082/082g/2024/dem/bc_082g042_2_2_2_xli1m_utm11_20240922_20250928.tif,200,True,,2026-08-29T19:29:34.089309+00:00
https://nrs.objectstore.gov.bc.ca/gdwuts/082/082g/2024/dem/bc_082g042_2_2_3_xli1m_utm11_20241009_20250729.tif,200,True,,2026-08-29T19:29:34.092335+00:00
https://nrs.objectstore.gov.bc.ca/gdwuts/082/082g/2024/dem/bc_082g042_2_2_4_xli1m_utm11_20240922_20250928.tif,200,True,,2026-08-29T19:29:34.104376+00:00
https://nrs.objectstore.gov.bc.ca/gdwuts/082/082g/2024/dem/bc_082g042_2_3_1_xli1m_utm11_20240922_20250729.tif,200,True,,2026-08-29T19:29:34.125198+00:00
https://nrs.objectstore.gov.bc.ca/gdwuts/082/082g/2024/dem/bc_082g042_2_3_2_xli1m_utm11_20240922_20250729.tif,200,True,,2026-08-29T19:29:34.130220+00:00
https://nrs.objectstore.gov.bc.ca/gdwuts/082/082g/2024/dem/bc_082g042_2_3_3_xli1m_utm11_20240922_20250729.tif,200,True,,2026-08-29T19:29:34.156246+00:00
https://nrs.objectstore.gov.bc.ca/gdwuts/082/082g/2024/dem/bc_082g042_2_3_4_xli1m_utm11_20240922_20250927.tif,200,True,,2026-08-29T19:29:34.226486+00:00
https://nrs.objectstore.gov.bc.ca/gdwuts/082/082g/2024/dem/bc_082g042_2_4_1_xli1m_utm11_20241009_20250927.tif,200,True,,2026-08-29T19:29:34.176184+00:00
https://nrs.objectstore.gov.bc.ca/gdwuts/082/082g/2024/dem/bc_082g042_2_4_2_xli1m_utm11_20240922_20250927.tif,200,True,,2026-08-29T19:29:34.255343+00:00
https://nrs.objectstore.gov.bc.ca/gdwuts/082/082g/2024/dem/bc_082g042_2_4_3_xli1m_utm11_20241009_20250927.tif,200,True,,2026-08-29T19:29:34.187486+00:00
https://nrs.objectstore.gov.bc.ca/gdwuts/082/082g/2024/dem/bc_082g042_2_4_4_xli1m_utm11_20241009_20250927.tif,200,True,,2026-08-29T19:29:34.240545+00:00
https://nrs.objectstore.gov.bc.ca/gdwuts/082/082g/2024/dem/bc_082g042_3_1_1_xli1m_utm11_20240923_20240923.tif,200,True,,2026-08-29T19:29:34.267880+00:00
https://nrs.objectstore.gov.bc.ca/gdwuts/082/082g/2024/dem/bc_082g042_3_1_2_xli1m_utm11_20240922_20240923.tif,200,True,,2026-08-29T19:29:34.253193+00:00
https://nrs.objectstore.gov.bc.ca/gdwuts/082/082g/2024/dem/bc_082g042_3_1_3_xli1m_utm11_20240923_20240923.tif,200,True,,2026-08-29T19:29:34.275122+00:00
https://nrs.objectstore.gov.bc.ca/gdwuts/082/082g/2024/dem/bc_082g042_3_1_4_xli1m_utm11_20240922_20240923.tif,200,True,,2026-08-29T19:29:34.313198+00:00
https://nrs.objectstore.gov.bc.ca/gdwuts/082/082g/2024/dem/bc_082g042_3_2_1_xli1m_utm11_20240922_20240922.tif,200,True,,2026-08-29T19:29:34.292824+00:00
https://nrs.objectstore.gov.bc.ca/gdwuts/082/082g/2024/dem/bc_082g042_3_2_2_xli1m_utm11_20240922_20240922.tif,200,True,,2026-08-29T19:29:34.322164+00:00
https://nrs.objectstore.gov.bc.ca/gdwuts/082/082g/2024/dem/bc_082g042_3_2_3_xli1m_utm11_20240922_20240922.tif,200,True,,2026-08-29T19:29:34.335054+00:00
https://nrs.objectstore.gov.bc.ca/gdwuts/082/082g/2024/dem/bc_082g042_3_2_4_xli1m_utm11_20240922_20240922.tif,200,True,,2026-08-29T19:29:34.328677+00:00
https://nrs.objectstore.gov.bc.ca/gdwuts/082/082g/2024/dem/bc_082g042_3_3_1_xli1m_utm11_20240923_20240923.tif,200,True,,2026-08-29T19:29:34.302809+00:00
https://nrs.objectstore.gov.bc.ca/gdwuts/082/082g/2024/dem/bc_082g042_3_3_2_xli1m_utm11_20240922_20240923.tif,200,True,,2026-08-29T19:29:34.329821+00:00
https://nrs.objectstore.gov.bc.ca/gdwuts/082/082g/2024/dem/bc_082g042_3_3_3_xli1m_utm11_20240923_20240923.tif,200,True,,2026-08-29T19:29:34.349456+00:00
https://nrs.objectstore.gov.bc.ca/gdwuts/082/082g/2024/dem/bc_082g042_3_3_4_xli1m_utm11_20240922_20240923.tif,200,True,,2026-08-29T19:29:34.368457+00:00
https://nrs.objectstore.gov.bc.ca/gdwuts/082/082g/2024/dem/bc_082g042_3_4_1_xli1m_utm11_20240922_20240922.tif,200,True,,2026-08-29T19:29:34.365332+00:00
https://nrs.objectstore.gov.bc.ca/gdwuts/082/082g/2024/dem/bc_082g042_3_4_2_xli1m_utm11_20240922_20240922.tif,200,True,,2026-08-29T19:29:34.415263+00:00
https://nrs.objectstore.gov.bc.ca/gdwuts/082/082g/2024/dem/bc_082g042_3_4_3_xli1m_utm11_20240922_20240922.tif,200,True,,2026-08-29T19:29:34.397051+00:00
https://nrs.objectstore.gov.bc.ca/gdwuts/082/082g/2024/dem/bc_082g042_3_4_4_xli1m_utm11_20240922_20240922.tif,200,True,,2026-08-29T19:29:34.424203+00:00
https://nrs.objectstore.gov.bc.ca/gdwuts/082/082g/2024/dem/bc_082g042_4_1_1_xli1m_utm11_20240922_20250729.tif,200,True,,2026-08-29T19:29:34.429181+00:00
https://nrs.objectstore.gov.bc.ca/gdwuts/082/082g/2024/dem/bc_082g042_4_1_2_xli1m_utm11_20240922_20250927.tif,200,True,,2026-08-29T19:29:34.468178+00:00
https://nrs.objectstore.gov.bc.ca/gdwuts/082/082g/2024/dem/bc_082g042_4_1_3_xli1m_utm11_20240922_20250729.tif,200,True,,2026-08-29T19:29:34.439465+00:00
https://nrs.objectstore.gov.bc.ca/gdwuts/082/082g/2024/dem/bc_082g042_4_1_4_xli1m_utm11_20240922_20250927.tif,200,True,,2026-08-29T19:29:34.479437+00:00
https://nrs.objectstore.gov.bc.ca/gdwuts/082/082g/2024/dem/bc_082g042_4_2_3_xli1m_utm11_20241009_20250927.tif,200,True,,2026-08-29T19:29:34.515299+00:00
https://nrs.objectstore.gov.bc.ca/gdwuts/082/082g/2024/dem/bc_082g042_4_3_1_xli1m_utm11_20240922_20250729.tif,200,True,,2026-08-29T19:29:34.538143+00:00
https://nrs.objectstore.gov.bc.ca/gdwuts/082/082g/2024/dem/bc_082g042_4_3_2_xli1m_utm11_20240922_20250927.tif,200,True,,2026-08-29T19:29:34.502234+00:00
https://nrs.objectstore.gov.bc.ca/gdwuts/082/082g/2024/dem/bc_082g042_4_3_3_xli1m_utm11_20240922_20250927.tif,200,True,,2026-08-29T19:29:34.532229+00:00
https://nrs.objectstore.gov.bc.ca/gdwuts/082/082g/2024/dem/bc_082g042_4_3_4_xli1m_utm11_20240922_20250927.tif,200,True,,2026-08-29T19:29:34.578491+00:00
https://nrs.objectstore.gov.bc.ca/gdwuts/082/082g/2024/dem/bc_082g042_4_4_1_xli1m_utm11_20241009_20250927.tif,200,True,,2026-08-29T19:29:34.589578+00:00
https://nrs.objectstore.gov.bc.ca/gdwuts/082/082g/2024/dem/bc_082g042_4_4_4_xli1m_utm11_20241007_20250927.tif,200,True,,2026-08-29T19:29:34.574802+00:00
https://nrs.objectstore.gov.bc.ca/gdwuts/082/082g/2024/dem/bc_082g043_1_1_1_xli1m_utm11_20240922_20250928.tif,200,True,,2026-08-29T19:29:34.572519+00:00
https://nrs.objectstore.gov.bc.ca/gdwuts/082/082g/2024/dem/bc_082g043_1_1_2_xli1m_utm11_20240922_20250928.tif,200,True,,2026-08-29T19:29:34.609456+00:00
https://nrs.objectstore.gov.bc.ca/gdwuts/082/082g/2024/dem/bc_082g043_1_1_3_xli1m_utm11_20240922_20250928.tif,200,True,,2026-08-29T19:29:34.610877+00:00
https://nrs.objectstore.gov.bc.ca/gdwuts/082/082g/2024/dem/bc_082g043_1_1_4_xli1m_utm11_20241007_20250928.tif,200,True,,2026-08-29T19:29:34.606358+00:00
https://nrs.objectstore.gov.bc.ca/gdwuts/082/082g/2024/dem/bc_082g043_1_2_1_xli1m_utm11_20241007_20250928.tif,200,True,,2026-08-29T19:29:34.640717+00:00
https://nrs.objectstore.gov.bc.ca/gdwuts/082/082g/2024/dem/bc_082g043_1_2_2_xli1m_utm11_20240924_20250928.tif,200,True,,2026-08-29T19:29:34.614140+00:00
https://nrs.objectstore.gov.bc.ca/gdwuts/082/082g/2024/dem/bc_082g043_1_2_3_xli1m_utm11_20240924_20250928.tif,200,True,,2026-08-29T19:29:34.638288+00:00
https://nrs.objectstore.gov.bc.ca/gdwuts/082/082g/2024/dem/bc_082g043_1_2_4_xli1m_utm11_20240923_20250928.tif,200,True,,2026-08-29T19:29:34.652743+00:00
https://nrs.objectstore.gov.bc.ca/gdwuts/082/082g/2024/dem/bc_082g043_1_3_1_xli1m_utm11_20240922_20250928.tif,200,True,,2026-08-29T19:29:34.655107+00:00
https://nrs.objectstore.gov.bc.ca/gdwuts/082/082g/2024/dem/bc_082g043_1_3_2_xli1m_utm11_20241007_20250928.tif,200,True,,2026-08-29T19:29:34.690088+00:00
https://nrs.objectstore.gov.bc.ca/gdwuts/082/082g/2024/dem/bc_082g043_1_3_3_xli1m_utm11_20241007_20250927.tif,200,True,,2026-08-29T19:29:34.687437+00:00
https://nrs.objectstore.gov.bc.ca/gdwuts/082/082g/2024/dem/bc_082g043_1_3_4_xli1m_utm11_20240924_20250928.tif,200,True,,2026-08-29T19:29:34.698147+00:00
https://nrs.objectstore.gov.bc.ca/gdwuts/082/082g/2024/dem/bc_082g043_1_4_1_xli1m_utm11_20240924_20250928.tif,200,True,,2026-08-29T19:29:34.713112+00:00
https://nrs.objectstore.gov.bc.ca/gdwuts/082/082g/2024/dem/bc_082g043_1_4_2_xli1m_utm11_20240923_20241007.tif,200,True,,2026-08-29T19:29:34.775193+00:00
https://nrs.objectstore.gov.bc.ca/gdwuts/082/082g/2024/dem/bc_082g043_1_4_3_xli1m_utm11_20240924_20250928.tif,200,True,,2026-08-29T19:29:34.764257+00:00
https://nrs.objectstore.gov.bc.ca/gdwuts/082/082g/2024/dem/bc_082g043_1_4_4_xli1m_utm11_20240922_20240924.tif,200,True,,2026-08-29T19:29:34.789931+00:00
https://nrs.objectstore.gov.bc.ca/gdwuts/082/082g/2024/dem/bc_082g043_2_1_1_xli1m_utm11_20240922_20241007.tif,200,True,,2026-08-29T19:29:34.808695+00:00
https://nrs.objectstore.gov.bc.ca/gdwuts/082/082g/2024/dem/bc_082g043_2_1_2_xli1m_utm11_20240922_20241007.tif,200,True,,2026-08-29T19:29:34.846149+00:00
https://nrs.objectstore.gov.bc.ca/gdwuts/082/082g/2024/dem/bc_082g043_2_1_3_xli1m_utm11_20240922_20240924.tif,200,True,,2026-08-29T19:29:34.799322+00:00
https://nrs.objectstore.gov.bc.ca/gdwuts/082/082g/2024/dem/bc_082g043_2_1_4_xli1m_utm11_20240922_20240923.tif,200,True,,2026-08-29T19:29:34.853597+00:00
https://nrs.objectstore.gov.bc.ca/gdwuts/082/082g/2024/dem/bc_082g043_2_2_1_xli1m_utm11_20240922_20241006.tif,200,True,,2026-08-29T19:29:34.837702+00:00
https://nrs.objectstore.gov.bc.ca/gdwuts/082/082g/2024/dem/bc_082g043_2_2_2_xli1m_utm11_20240922_20241006.tif,200,True,,2026-08-29T19:29:34.858212+00:00
https://nrs.objectstore.gov.bc.ca/gdwuts/082/082g/2024/dem/bc_082g043_2_2_3_xli1m_utm11_20240922_20241006.tif,200,True,,2026-08-29T19:29:34.876202+00:00
https://nrs.objectstore.gov.bc.ca/gdwuts/082/082g/2024/dem/bc_082g043_2_2_4_xli1m_utm11_20240922_20241006.tif,200,True,,2026-08-29T19:29:34.888175+00:00
https://nrs.objectstore.gov.bc.ca/gdwuts/082/082g/2024/dem/bc_082g043_2_3_1_xli1m_utm11_20240922_20240924.tif,200,True,,2026-08-29T19:29:34.834375+00:00
https://nrs.objectstore.gov.bc.ca/gdwuts/082/082g/2024/dem/bc_082g043_2_3_2_xli1m_utm11_20240922_20240922.tif,200,True,,2026-08-29T19:29:34.882099+00:00
https://nrs.objectstore.gov.bc.ca/gdwuts/082/082g/2024/dem/bc_082g043_2_3_3_xli1m_utm11_20240922_20240924.tif,200,True,,2026-08-29T19:29:34.908138+00:00
https://nrs.objectstore.gov.bc.ca/gdwuts/082/082g/2024/dem/bc_082g043_2_3_4_xli1m_utm11_20240922_20241006.tif,200,True,,2026-08-29T19:29:34.929147+00:00
https://nrs.objectstore.gov.bc.ca/gdwuts/082/082g/2024/dem/bc_082g043_2_4_1_xli1m_utm11_20240922_20241006.tif,200,True,,2026-08-29T19:29:34.910138+00:00
https://nrs.objectstore.gov.bc.ca/gdwuts/082/082g/2024/dem/bc_082g043_2_4_2_xli1m_utm11_20241006_20241006.tif,200,True,,2026-08-29T19:29:34.930852+00:00
https://nrs.objectstore.gov.bc.ca/gdwuts/082/082g/2024/dem/bc_082g043_2_4_3_xli1m_utm11_20240922_20241006.tif,200,True,,2026-08-29T19:29:34.943823+00:00
https://nrs.objectstore.gov.bc.ca/gdwuts/082/082g/2024/dem/bc_082g043_2_4_4_xli1m_utm11_20241006_20241006.tif,200,True,,2026-08-29T19:29:34.957169+00:00
https://nrs.objectstore.gov.bc.ca/gdwuts/082/082g/2024/dem/bc_082g043_3_1_1_xli1m_utm11_20241007_20250927.tif,200,True,,2026-08-29T19:29:34.981154+00:00
https://nrs.objectstore.gov.bc.ca/gdwuts/082/082g/2024/dem/bc_082g043_3_1_2_xli1m_utm11_20240924_20250927.tif,200,True,,2026-08-29T19:29:34.976160+00:00
https://nrs.objectstore.gov.bc.ca/gdwuts/082/082g/2024/dem/bc_082g043_3_1_3_xli1m_utm11_20241007_20250927.tif,200,True,,2026-08-29T19:29:35.012329+00:00
https://nrs.objectstore.gov.bc.ca/gdwuts/082/082g/2024/dem/bc_082g043_3_1_4_xli1m_utm11_20240924_20250927.tif,200,True,,2026-08-29T19:29:35.016177+00:00
https://nrs.objectstore.gov.bc.ca/gdwuts/082/082g/2024/dem/bc_082g043_3_2_1_xli1m_utm11_20240923_20241007.tif,200,True,,2026-08-29T19:29:35.027716+00:00
https://nrs.objectstore.gov.bc.ca/gdwuts/082/082g/2024/dem/bc_082g043_3_2_2_xli1m_utm11_20240922_20240924.tif,200,True,,2026-08-29T19:29:35.087284+00:00
https://nrs.objectstore.gov.bc.ca/gdwuts/082/082g/2024/dem/bc_082g043_3_2_3_xli1m_utm11_20240922_20241007.tif,200,True,,2026-08-29T19:29:35.101381+00:00
https://nrs.objectstore.gov.bc.ca/gdwuts/082/082g/2024/dem/bc_082g043_3_2_4_xli1m_utm11_20240922_20240924.tif,200,True,,2026-08-29T19:29:35.082162+00:00
https://nrs.objectstore.gov.bc.ca/gdwuts/082/082g/2024/dem/bc_082g043_3_3_1_xli1m_utm11_20240924_20250927.tif,200,True,,2026-08-29T19:29:35.097296+00:00
https://nrs.objectstore.gov.bc.ca/gdwuts/082/082g/2024/dem/bc_082g043_3_3_2_xli1m_utm11_20240923_20250927.tif,200,True,,2026-08-29T19:29:35.077266+00:00
https://nrs.objectstore.gov.bc.ca/gdwuts/082/082g/2024/dem/bc_082g043_3_3_3_xli1m_utm11_20240924_20250927.tif,200,True,,2026-08-29T19:29:35.155892+00:00
https://nrs.objectstore.gov.bc.ca/gdwuts/082/082g/2024/dem/bc_082g043_3_3_4_xli1m_utm11_20240923_20241007.tif,200,True,,2026-08-29T19:29:35.142721+00:00
https://nrs.objectstore.gov.bc.ca/gdwuts/082/082g/2024/dem/bc_082g043_3_4_1_xli1m_utm11_20240922_20240924.tif,200,True,,2026-08-29T19:29:35.156314+00:00
https://nrs.objectstore.gov.bc.ca/gdwuts/082/082g/2024/dem/bc_082g043_3_4_2_xli1m_utm11_20240922_20240923.tif,200,True,,2026-08-29T19:29:35.125692+00:00
https://nrs.objectstore.gov.bc.ca/gdwuts/082/082g/2024/dem/bc_082g043_3_4_3_xli1m_utm11_20240922_20240924.tif,200,True,,2026-08-29T19:29:35.176058+00:00
https://nrs.objectstore.gov.bc.ca/gdwuts/082/082g/2024/dem/bc_082g043_3_4_4_xli1m_utm11_20240922_20240922.tif,200,True,,2026-08-29T19:29:35.149355+00:00
https://nrs.objectstore.gov.bc.ca/gdwuts/082/082g/2024/dem/bc_082g043_4_1_1_xli1m_utm11_20240922_20240923.tif,200,True,,2026-08-29T19:29:35.187436+00:00
https://nrs.objectstore.gov.bc.ca/gdwuts/082/082g/2024/dem/bc_082g043_4_1_2_xli1m_utm11_20240922_20241006.tif,200,True,,2026-08-29T19:29:35.185144+00:00
https://nrs.objectstore.gov.bc.ca/gdwuts/082/082g/2024/dem/bc_082g043_4_1_3_xli1m_utm11_20240922_20241006.tif,200,True,,2026-08-29T19:29:35.226298+00:00
https://nrs.objectstore.gov.bc.ca/gdwuts/082/082g/2024/dem/bc_082g043_4_1_4_xli1m_utm11_20240922_20241006.tif,200,True,,2026-08-29T19:29:35.198250+00:00
https://nrs.objectstore.gov.bc.ca/gdwuts/082/082g/2024/dem/bc_082g043_4_2_1_xli1m_utm11_20241006_20241006.tif,200,True,,2026-08-29T19:29:35.214648+00:00
https://nrs.objectstore.gov.bc.ca/gdwuts/082/082g/2024/dem/bc_082g043_4_2_2_xli1m_utm11_20241006_20241006.tif,200,True,,2026-08-29T19:29:35.268156+00:00
https://nrs.objectstore.gov.bc.ca/gdwuts/082/082g/2024/dem/bc_082g043_4_2_3_xli1m_utm11_20241006_20241006.tif,200,True,,2026-08-29T19:29:35.264221+00:00
https://nrs.objectstore.gov.bc.ca/gdwuts/082/082g/2024/dem/bc_082g043_4_2_4_xli1m_utm11_20241006_20241006.tif,200,True,,2026-08-29T19:29:35.283334+00:00
https://nrs.objectstore.gov.bc.ca/gdwuts/082/082g/2024/dem/bc_082g043_4_3_1_xli1m_utm11_20240922_20241006.tif,200,True,,2026-08-29T19:29:35.287252+00:00
https://nrs.objectstore.gov.bc.ca/gdwuts/082/082g/2024/dem/bc_082g043_4_3_2_xli1m_utm11_20240922_20241006.tif,200,True,,2026-08-29T19:29:35.287663+00:00
https://nrs.objectstore.gov.bc.ca/gdwuts/082/082g/2024/dem/bc_082g043_4_3_3_xli1m_utm11_20240922_20241006.tif,200,True,,2026-08-29T19:29:35.336325+00:00
https://nrs.objectstore.gov.bc.ca/gdwuts/082/082g/2024/dem/bc_082g043_4_3_4_xli1m_utm11_20241006_20241006.tif,200,True,,2026-08-29T19:29:35.357410+00:00
https://nrs.objectstore.gov.bc.ca/gdwuts/082/082g/2024/dem/bc_082g043_4_4_1_xli1m_utm11_20241006_20241006.tif,200,True,,2026-08-29T19:29:35.355146+00:00
https://nrs.objectstore.gov.bc.ca/gdwuts/082/082g/2024/dem/bc_082g043_4_4_2_xli1m_utm11_20241006_20241006.tif,200,True,,2026-08-29T19:29:35.392563+00:00
https://nrs.objectstore.gov.bc.ca/gdwuts/082/082g/2024/dem/bc_082g043_4_4_3_xli1m_utm11_20241006_20241006.tif,200,True,,2026-08-29T19:29:35.350439+00:00
https://nrs.objectstore.gov.bc.ca/gdwuts/082/082g/2024/dem/bc_082g043_4_4_4_xli1m_utm11_20241006_20241006.tif,200,True,,2026-08-29T19:29:35.399403+00:00
https://nrs.objectstore.gov.bc.ca/gdwuts/082/082g/2024/dem/bc_082g044_1_1_1_xli1m_utm11_20241006_20241006.tif,200,True,,2026-08-29T19:29:35.382558+00:00
https://nrs.objectstore.gov.bc.ca/gdwuts/082/082g/2024/dem/bc_082g044_1_1_2_xli1m_utm11_20241006_20241006.tif,200,True,,2026-08-29T19:29:35.383006+00:00
https://nrs.objectstore.gov.bc.ca/gdwuts/082/082g/2024/dem/bc_082g044_1_1_3_xli1m_utm11_20241006_20241006.tif,200,True,,2026-08-29T19:29:35.404080+00:00
https://nrs.objectstore.gov.bc.ca/gdwuts/082/082g/2024/dem/bc_082g044_1_1_4_xli1m_utm11_20241006_20241006.tif,200,True,,2026-08-29T19:29:35.415706+00:00
https://nrs.objectstore.gov.bc.ca/gdwuts/082/082g/2024/dem/bc_082g044_1_2_1_xli1m_utm11_20241006_20241006.tif,200,True,,2026-08-29T19:29:35.427055+00:00
https://nrs.objectstore.gov.bc.ca/gdwuts/082/082g/2024/dem/bc_082g044_1_2_2_xli1m_utm11_20241006_20241006.tif,200,True,,2026-08-29T19:29:35.468358+00:00
https://nrs.objectstore.gov.bc.ca/gdwuts/082/082g/2024/dem/bc_082g044_1_2_3_xli1m_utm11_20241006_20241006.tif,200,True,,2026-08-29T19:29:35.463259+00:00
https://nrs.objectstore.gov.bc.ca/gdwuts/082/082g/2024/dem/bc_082g044_1_2_4_xli1m_utm11_20241006_20241007.tif,200,True,,2026-08-29T19:29:35.466143+00:00
https://nrs.objectstore.gov.bc.ca/gdwuts/082/082g/2024/dem/bc_082g044_1_3_1_xli1m_utm11_20241006_20241006.tif,200,True,,2026-08-29T19:29:35.488228+00:00
https://nrs.objectstore.gov.bc.ca/gdwuts/082/082g/2024/dem/bc_082g044_1_3_2_xli1m_utm11_20241006_20241006.tif,200,True,,2026-08-29T19:29:35.474496+00:00
https://nrs.objectstore.gov.bc.ca/gdwuts/082/082g/2024/dem/bc_082g044_1_3_3_xli1m_utm11_20241006_20241006.tif,200,True,,2026-08-29T19:29:35.499139+00:00
https://nrs.objectstore.gov.bc.ca/gdwuts/082/082g/2024/dem/bc_082g044_1_3_4_xli1m_utm11_20241006_20241006.tif,200,True,,2026-08-29T19:29:35.539192+00:00
https://nrs.objectstore.gov.bc.ca/gdwuts/082/082g/2024/dem/bc_082g044_1_4_1_xli1m_utm11_20241006_20241006.tif,200,True,,2026-08-29T19:29:35.539629+00:00
https://nrs.objectstore.gov.bc.ca/gdwuts/082/082g/2024/dem/bc_082g044_1_4_2_xli1m_utm11_20241006_20241007.tif,200,True,,2026-08-29T19:29:35.591186+00:00
https://nrs.objectstore.gov.bc.ca/gdwuts/082/082g/2024/dem/bc_082g044_1_4_3_xli1m_utm11_20241006_20241007.tif,200,True,,2026-08-29T19:29:35.602143+00:00
https://nrs.objectstore.gov.bc.ca/gdwuts/082/082g/2024/dem/bc_082g044_1_4_4_xli1m_utm11_20241006_20241007.tif,200,True,,2026-08-29T19:29:35.609503+00:00
https://nrs.objectstore.gov.bc.ca/gdwuts/082/082g/2024/dem/bc_082g044_2_1_1_xli1m_utm11_20241006_20241007.tif,200,True,,2026-08-29T19:29:35.615060+00:00
https://nrs.objectstore.gov.bc.ca/gdwuts/082/082g/2024/dem/bc_082g044_2_1_2_xli1m_utm11_20241006_20250929.tif,200,True,,2026-08-29T19:29:35.575142+00:00
https://nrs.objectstore.gov.bc.ca/gdwuts/082/082g/2024/dem/bc_082g044_2_1_3_xli1m_utm11_20241006_20250929.tif,200,True,,2026-08-29T19:29:35.581199+00:00
https://nrs.objectstore.gov.bc.ca/gdwuts/082/082g/2024/dem/bc_082g044_2_1_4_xli1m_utm11_20241007_20250929.tif,200,True,,2026-08-29T19:29:35.638368+00:00
https://nrs.objectstore.gov.bc.ca/gdwuts/082/082g/2024/dem/bc_082g044_2_2_1_xli1m_utm11_20241007_20250929.tif,200,True,,2026-08-29T19:29:35.632137+00:00
https://nrs.objectstore.gov.bc.ca/gdwuts/082/082g/2024/dem/bc_082g044_2_3_1_xli1m_utm11_20241006_20250929.tif,200,True,,2026-08-29T19:29:35.695378+00:00
https://nrs.objectstore.gov.bc.ca/gdwuts/082/082g/2024/dem/bc_082g044_2_3_2_xli1m_utm11_20241007_20250929.tif,200,True,,2026-08-29T19:29:35.676158+00:00
https://nrs.objectstore.gov.bc.ca/gdwuts/082/082g/2024/dem/bc_082g044_2_3_3_xli1m_utm11_20241007_20250929.tif,200,True,,2026-08-29T19:29:35.657164+00:00
https://nrs.objectstore.gov.bc.ca/gdwuts/082/082g/2024/dem/bc_082g044_3_1_1_xli1m_utm11_20241006_20241006.tif,200,True,,2026-08-29T19:29:35.686278+00:00
https://nrs.objectstore.gov.bc.ca/gdwuts/082/082g/2024/dem/bc_082g044_3_1_2_xli1m_utm11_20241006_20241006.tif,200,True,,2026-08-29T19:29:35.705130+00:00
https://nrs.objectstore.gov.bc.ca/gdwuts/082/082g/2024/dem/bc_082g044_3_1_3_xli1m_utm11_20241006_20241006.tif,200,True,,2026-08-29T19:29:35.683143+00:00
https://nrs.objectstore.gov.bc.ca/gdwuts/082/082g/2024/dem/bc_082g044_3_1_4_xli1m_utm11_20241006_20241006.tif,200,True,,2026-08-29T19:29:35.717135+00:00
https://nrs.objectstore.gov.bc.ca/gdwuts/082/082g/2024/dem/bc_082g044_3_2_1_xli1m_utm11_20241006_20241007.tif,200,True,,2026-08-29T19:29:35.724351+00:00
https://nrs.objectstore.gov.bc.ca/gdwuts/082/082g/2024/dem/bc_082g044_3_2_3_xli1m_utm11_20241006_20241007.tif,200,True,,2026-08-29T19:29:35.782331+00:00
https://nrs.objectstore.gov.bc.ca/gdwuts/082/082g/2024/dem/bc_082g044_3_3_1_xli1m_utm11_20241006_20241006.tif,200,True,,2026-08-29T19:29:35.793212+00:00
https://nrs.objectstore.gov.bc.ca/gdwuts/082/082g/2024/dem/bc_082g044_3_3_2_xli1m_utm11_20241006_20241006.tif,200,True,,2026-08-29T19:29:35.751215+00:00
https://nrs.objectstore.gov.bc.ca/gdwuts/082/082g/2024/dem/bc_082g044_3_3_3_xli1m_utm11_20241006_20241006.tif,200,True,,2026-08-29T19:29:35.819316+00:00
https://nrs.objectstore.gov.bc.ca/gdwuts/082/082g/2025/dem/bc_082g003_4_3_4_xli1m_utm11_20250729_20250729.tif,200,True,,2026-08-29T19:29:35.810171+00:00
https://nrs.objectstore.gov.bc.ca/gdwuts/082/082g/2025/dem/bc_082g003_4_4_1_xli1m_utm11_20250729_20250814.tif,200,True,,2026-08-29T19:29:35.804695+00:00
https://nrs.objectstore.gov.bc.ca/gdwuts/082/082g/2025/dem/bc_082g003_4_4_2_xli1m_utm11_20250729_20250814.tif,200,True,,2026-08-29T19:29:35.825164+00:00
https://nrs.objectstore.gov.bc.ca/gdwuts/082/082g/2025/dem/bc_082g003_4_4_3_xli1m_utm11_20250729_20250814.tif,200,True,,2026-08-29T19:29:35.830972+00:00
https://nrs.objectstore.gov.bc.ca/gdwuts/082/082g/2025/dem/bc_082g003_4_4_4_xli1m_utm11_20250729_20250814.tif,200,True,,2026-08-29T19:29:35.860284+00:00
https://nrs.objectstore.gov.bc.ca/gdwuts/082/082g/2025/dem/bc_082g004_1_1_1_xli1m_utm11_20250729_20250815.tif,200,True,,2026-08-29T19:29:35.922500+00:00
https://nrs.objectstore.gov.bc.ca/gdwuts/082/082g/2025/dem/bc_082g004_1_1_2_xli1m_utm11_20250729_20250815.tif,200,True,,2026-08-29T19:29:35.925981+00:00
https://nrs.objectstore.gov.bc.ca/gdwuts/082/082g/2025/dem/bc_082g004_1_1_3_xli1m_utm11_20250729_20250815.tif,200,True,,2026-08-29T19:29:35.896184+00:00
https://nrs.objectstore.gov.bc.ca/gdwuts/082/082g/2025/dem/bc_082g004_1_1_4_xli1m_utm11_20250729_20250815.tif,200,True,,2026-08-29T19:29:35.888641+00:00
https://nrs.objectstore.gov.bc.ca/gdwuts/082/082g/2025/dem/bc_082g004_1_2_1_xli1m_utm11_20250729_20250729.tif,200,True,,2026-08-29T19:29:35.938161+00:00
https://nrs.objectstore.gov.bc.ca/gdwuts/082/082g/2025/dem/bc_082g004_1_2_2_xli1m_utm11_20250729_20250729.tif,200,True,,2026-08-29T19:29:35.929956+00:00
https://nrs.objectstore.gov.bc.ca/gdwuts/082/082g/2025/dem/bc_082g004_1_2_3_xli1m_utm11_20250729_20250729.tif,200,True,,2026-08-29T19:29:35.941216+00:00
https://nrs.objectstore.gov.bc.ca/gdwuts/082/082g/2025/dem/bc_082g004_1_3_1_xli1m_utm11_20250729_20250815.tif,200,True,,2026-08-29T19:29:35.948629+00:00
https://nrs.objectstore.gov.bc.ca/gdwuts/082/082g/2025/dem/bc_082g004_1_3_2_xli1m_utm11_20250729_20250815.tif,200,True,,2026-08-29T19:29:35.973336+00:00
https://nrs.objectstore.gov.bc.ca/gdwuts/082/082g/2025/dem/bc_082g004_1_3_3_xli1m_utm11_20250729_20250815.tif,200,True,,2026-08-29T19:29:36.001216+00:00
https://nrs.objectstore.gov.bc.ca/gdwuts/082/082g/2025/dem/bc_082g004_1_3_4_xli1m_utm11_20250729_20250815.tif,200,True,,2026-08-29T19:29:36.018235+00:00
https://nrs.objectstore.gov.bc.ca/gdwuts/082/082g/2025/dem/bc_082g004_1_4_1_xli1m_utm11_20250729_20250729.tif,200,True,,2026-08-29T19:29:36.035760+00:00
https://nrs.objectstore.gov.bc.ca/gdwuts/082/082g/2025/dem/bc_082g004_3_1_1_xli1m_utm11_20250729_20250815.tif,200,True,,2026-08-29T19:29:36.048910+00:00
https://nrs.objectstore.gov.bc.ca/gdwuts/082/082g/2025/dem/bc_082g004_3_1_2_xli1m_utm11_20250729_20250815.tif,200,True,,2026-08-29T19:29:36.034063+00:00
https://nrs.objectstore.gov.bc.ca/gdwuts/082/082g/2025/dem/bc_082g004_3_1_3_xli1m_utm11_20250729_20250815.tif,200,True,,2026-08-29T19:29:36.032137+00:00
https://nrs.objectstore.gov.bc.ca/gdwuts/082/082g/2025/dem/bc_082g004_3_1_4_xli1m_utm11_20250729_20250815.tif,200,True,,2026-08-29T19:29:36.053106+00:00
https://nrs.objectstore.gov.bc.ca/gdwuts/082/082g/2025/dem/bc_082g004_3_3_1_xli1m_utm11_20250729_20250815.tif,200,True,,2026-08-29T19:29:36.088196+00:00
https://nrs.objectstore.gov.bc.ca/gdwuts/082/082g/2025/dem/bc_082g004_3_3_3_xli1m_utm11_20250729_20250815.tif,200,True,,2026-08-29T19:29:36.064691+00:00
https://nrs.objectstore.gov.bc.ca/gdwuts/082/082g/2025/dem/bc_082g011_1_2_4_xli1m_utm11_20250730_20250815.tif,200,True,,2026-08-29T19:29:36.117357+00:00
https://nrs.objectstore.gov.bc.ca/gdwuts/082/082g/2025/dem/bc_082g011_1_4_2_xli1m_utm11_20250730_20250730.tif,200,True,,2026-08-29T19:29:36.120376+00:00
https://nrs.objectstore.gov.bc.ca/gdwuts/082/082g/2025/dem/bc_082g011_1_4_4_xli1m_utm11_20250730_20250815.tif,200,True,,2026-08-29T19:29:36.167195+00:00
https://nrs.objectstore.gov.bc.ca/gdwuts/082/082g/2025/dem/bc_082g011_2_1_1_xli1m_utm11_20250730_20250927.tif,200,True,,2026-08-29T19:29:36.155183+00:00
https://nrs.objectstore.gov.bc.ca/gdwuts/082/082g/2025/dem/bc_082g011_2_1_2_xli1m_utm11_20250730_20250927.tif,200,True,,2026-08-29T19:29:36.153340+00:00
https://nrs.objectstore.gov.bc.ca/gdwuts/082/082g/2025/dem/bc_082g011_2_1_3_xli1m_utm11_20250730_20250927.tif,200,True,,2026-08-29T19:29:36.190238+00:00
https://nrs.objectstore.gov.bc.ca/gdwuts/082/082g/2025/dem/bc_082g011_2_1_4_xli1m_utm11_20250730_20250927.tif,200,True,,2026-08-29T19:29:36.172217+00:00
https://nrs.objectstore.gov.bc.ca/gdwuts/082/082g/2025/dem/bc_082g011_2_2_1_xli1m_utm11_20250730_20250815.tif,200,True,,2026-08-29T19:29:36.199929+00:00
https://nrs.objectstore.gov.bc.ca/gdwuts/082/082g/2025/dem/bc_082g011_2_2_2_xli1m_utm11_20250730_20250927.tif,200,True,,2026-08-29T19:29:36.232850+00:00
https://nrs.objectstore.gov.bc.ca/gdwuts/082/082g/2025/dem/bc_082g011_2_2_3_xli1m_utm11_20250730_20250927.tif,200,True,,2026-08-29T19:29:36.240264+00:00
https://nrs.objectstore.gov.bc.ca/gdwuts/082/082g/2025/dem/bc_082g011_2_2_4_xli1m_utm11_20250730_20250927.tif,200,True,,2026-08-29T19:29:36.276618+00:00
https://nrs.objectstore.gov.bc.ca/gdwuts/082/082g/2025/dem/bc_082g011_2_3_1_xli1m_utm11_20250730_20250815.tif,200,True,,2026-08-29T19:29:36.265742+00:00
https://nrs.objectstore.gov.bc.ca/gdwuts/082/082g/2025/dem/bc_082g011_2_3_2_xli1m_utm11_20250730_20250927.tif,200,True,,2026-08-29T19:29:36.248378+00:00
https://nrs.objectstore.gov.bc.ca/gdwuts/082/082g/2025/dem/bc_082g011_2_3_3_xli1m_utm11_20250730_20250815.tif,200,True,,2026-08-29T19:29:36.264192+00:00
https://nrs.objectstore.gov.bc.ca/gdwuts/082/082g/2025/dem/bc_082g011_2_3_4_xli1m_utm11_20250730_20250927.tif,200,True,,2026-08-29T19:29:36.271183+00:00
https://nrs.objectstore.gov.bc.ca/gdwuts/082/082g/2025/dem/bc_082g011_2_4_1_xli1m_utm11_20250730_20250927.tif,200,True,,2026-08-29T19:29:36.290225+00:00
https://nrs.objectstore.gov.bc.ca/gdwuts/082/082g/2025/dem/bc_082g011_2_4_2_xli1m_utm11_20250730_20250927.tif,200,True,,2026-08-29T19:29:36.301890+00:00
https://nrs.objectstore.gov.bc.ca/gdwuts/082/082g/2025/dem/bc_082g011_2_4_3_xli1m_utm11_20250730_20250927.tif,200,True,,2026-08-29T19:29:36.292828+00:00
https://nrs.objectstore.gov.bc.ca/gdwuts/082/082g/2025/dem/bc_082g011_2_4_4_xli1m_utm11_20250730_20250927.tif,200,True,,2026-08-29T19:29:36.330151+00:00
https://nrs.objectstore.gov.bc.ca/gdwuts/082/082g/2025/dem/bc_082g011_3_2_1_xli1m_utm11_20250730_20250815.tif,200,True,,2026-08-29T19:29:36.351845+00:00
https://nrs.objectstore.gov.bc.ca/gdwuts/082/082g/2025/dem/bc_082g011_3_2_2_xli1m_utm11_20250730_20250815.tif,200,True,,2026-08-29T19:29:36.364160+00:00
https://nrs.objectstore.gov.bc.ca/gdwuts/082/082g/2025/dem/bc_082g011_3_2_3_xli1m_utm11_20250730_20250813.tif,200,True,,2026-08-29T19:29:36.357057+00:00
https://nrs.objectstore.gov.bc.ca/gdwuts/082/082g/2025/dem/bc_082g011_3_2_4_xli1m_utm11_20250730_20250815.tif,200,True,,2026-08-29T19:29:36.371079+00:00
https://nrs.objectstore.gov.bc.ca/gdwuts/082/082g/2025/dem/bc_082g011_3_3_2_xli1m_utm11_20250730_20250813.tif,200,True,,2026-08-29T19:29:36.385212+00:00
https://nrs.objectstore.gov.bc.ca/gdwuts/082/082g/2025/dem/bc_082g011_3_3_4_xli1m_utm11_20250730_20250813.tif,200,True,,2026-08-29T19:29:36.419227+00:00
https://nrs.objectstore.gov.bc.ca/gdwuts/082/082g/2025/dem/bc_082g011_3_4_1_xli1m_utm11_20250730_20250813.tif,200,True,,2026-08-29T19:29:36.490817+00:00
https://nrs.objectstore.gov.bc.ca/gdwuts/082/082g/2025/dem/bc_082g011_3_4_2_xli1m_utm11_20250730_20250815.tif,200,True,,2026-08-29T19:29:36.430205+00:00
https://nrs.objectstore.gov.bc.ca/gdwuts/082/082g/2025/dem/bc_082g011_3_4_3_xli1m_utm11_20250730_20250813.tif,200,True,,2026-08-29T19:29:36.492536+00:00
https://nrs.objectstore.gov.bc.ca/gdwuts/082/082g/2025/dem/bc_082g011_3_4_4_xli1m_utm11_20250730_20250815.tif,200,True,,2026-08-29T19:29:36.504121+00:00
https://nrs.objectstore.gov.bc.ca/gdwuts/082/082g/2025/dem/bc_082g011_4_1_1_xli1m_utm11_20250730_20250815.tif,200,True,,2026-08-29T19:29:36.492997+00:00
https://nrs.objectstore.gov.bc.ca/gdwuts/082/082g/2025/dem/bc_082g011_4_1_2_xli1m_utm11_20250730_20250815.tif,200,True,,2026-08-29T19:29:36.506735+00:00
https://nrs.objectstore.gov.bc.ca/gdwuts/082/082g/2025/dem/bc_082g011_4_1_3_xli1m_utm11_20250730_20250815.tif,200,True,,2026-08-29T19:29:36.496561+00:00
https://nrs.objectstore.gov.bc.ca/gdwuts/082/082g/2025/dem/bc_082g011_4_1_4_xli1m_utm11_20250730_20250927.tif,200,True,,2026-08-29T19:29:36.500297+00:00
https://nrs.objectstore.gov.bc.ca/gdwuts/082/082g/2025/dem/bc_082g011_4_2_1_xli1m_utm11_20250730_20250927.tif,200,True,,2026-08-29T19:29:36.524558+00:00
https://nrs.objectstore.gov.bc.ca/gdwuts/082/082g/2025/dem/bc_082g011_4_2_2_xli1m_utm11_20250730_20250927.tif,200,True,,2026-08-29T19:29:36.553859+00:00
https://nrs.objectstore.gov.bc.ca/gdwuts/082/082g/2025/dem/bc_082g011_4_2_3_xli1m_utm11_20250730_20250927.tif,200,True,,2026-08-29T19:29:36.569491+00:00
https://nrs.objectstore.gov.bc.ca/gdwuts/082/082g/2025/dem/bc_082g011_4_2_4_xli1m_utm11_20250730_20250927.tif,200,True,,2026-08-29T19:29:36.541203+00:00
https://nrs.objectstore.gov.bc.ca/gdwuts/082/082g/2025/dem/bc_082g011_4_3_1_xli1m_utm11_20250730_20250815.tif,200,True,,2026-08-29T19:29:36.592153+00:00
https://nrs.objectstore.gov.bc.ca/gdwuts/082/082g/2025/dem/bc_082g011_4_3_2_xli1m_utm11_20250730_20250927.tif,200,True,,2026-08-29T19:29:36.564139+00:00
https://nrs.objectstore.gov.bc.ca/gdwuts/082/082g/2025/dem/bc_082g011_4_3_3_xli1m_utm11_20250730_20250815.tif,200,True,,2026-08-29T19:29:36.587161+00:00
https://nrs.objectstore.gov.bc.ca/gdwuts/082/082g/2025/dem/bc_082g011_4_3_4_xli1m_utm11_20250730_20250927.tif,200,True,,2026-08-29T19:29:36.601378+00:00
https://nrs.objectstore.gov.bc.ca/gdwuts/082/082g/2025/dem/bc_082g011_4_4_1_xli1m_utm11_20250730_20250927.tif,200,True,,2026-08-29T19:29:36.598547+00:00
https://nrs.objectstore.gov.bc.ca/gdwuts/082/082g/2025/dem/bc_082g011_4_4_2_xli1m_utm11_20250730_20250927.tif,200,True,,2026-08-29T19:29:36.680143+00:00
https://nrs.objectstore.gov.bc.ca/gdwuts/082/082g/2025/dem/bc_082g011_4_4_3_xli1m_utm11_20250730_20250927.tif,200,True,,2026-08-29T19:29:36.778299+00:00
https://nrs.objectstore.gov.bc.ca/gdwuts/082/082g/2025/dem/bc_082g011_4_4_4_xli1m_utm11_20250730_20250927.tif,200,True,,2026-08-29T19:29:36.761143+00:00
https://nrs.objectstore.gov.bc.ca/gdwuts/082/082g/2025/dem/bc_082g012_1_1_1_xli1m_utm11_20250730_20250927.tif,200,True,,2026-08-29T19:29:36.677747+00:00
https://nrs.objectstore.gov.bc.ca/gdwuts/082/082g/2025/dem/bc_082g012_1_1_2_xli1m_utm11_20250730_20250927.tif,200,True,,2026-08-29T19:29:36.669850+00:00
https://nrs.objectstore.gov.bc.ca/gdwuts/082/082g/2025/dem/bc_082g012_1_1_3_xli1m_utm11_20250730_20250927.tif,200,True,,2026-08-29T19:29:36.775157+00:00
https://nrs.objectstore.gov.bc.ca/gdwuts/082/082g/2025/dem/bc_082g012_1_1_4_xli1m_utm11_20250730_20250927.tif,200,True,,2026-08-29T19:29:36.810564+00:00
https://nrs.objectstore.gov.bc.ca/gdwuts/082/082g/2025/dem/bc_082g012_1_2_1_xli1m_utm11_20250730_20250730.tif,200,True,,2026-08-29T19:29:36.746416+00:00
https://nrs.objectstore.gov.bc.ca/gdwuts/082/082g/2025/dem/bc_082g012_1_2_2_xli1m_utm11_20250729_20250927.tif,200,True,,2026-08-29T19:29:36.776964+00:00
https://nrs.objectstore.gov.bc.ca/gdwuts/082/082g/2025/dem/bc_082g012_1_2_3_xli1m_utm11_20250730_20250730.tif,200,True,,2026-08-29T19:29:36.750930+00:00
https://nrs.objectstore.gov.bc.ca/gdwuts/082/082g/2025/dem/bc_082g012_1_3_1_xli1m_utm11_20250730_20250927.tif,200,True,,2026-08-29T19:29:36.781418+00:00
https://nrs.objectstore.gov.bc.ca/gdwuts/082/082g/2025/dem/bc_082g012_1_3_2_xli1m_utm11_20250730_20250927.tif,200,True,,2026-08-29T19:29:36.829142+00:00
https://nrs.objectstore.gov.bc.ca/gdwuts/082/082g/2025/dem/bc_082g012_1_3_3_xli1m_utm11_20250730_20250927.tif,200,True,,2026-08-29T19:29:36.824858+00:00
https://nrs.objectstore.gov.bc.ca/gdwuts/082/082g/2025/dem/bc_082g012_1_3_4_xli1m_utm11_20250730_20250927.tif,200,True,,2026-08-29T19:29:36.823389+00:00
https://nrs.objectstore.gov.bc.ca/gdwuts/082/082g/2025/dem/bc_082g012_1_4_1_xli1m_utm11_20250729_20250814.tif,200,True,,2026-08-29T19:29:36.783933+00:00
https://nrs.objectstore.gov.bc.ca/gdwuts/082/082g/2025/dem/bc_082g012_1_4_3_xli1m_utm11_20250729_20250927.tif,200,True,,2026-08-29T19:29:36.824158+00:00
https://nrs.objectstore.gov.bc.ca/gdwuts/082/082g/2025/dem/bc_082g012_2_1_1_xli1m_utm11_20250729_20250927.tif,200,True,,2026-08-29T19:29:36.847174+00:00
https://nrs.objectstore.gov.bc.ca/gdwuts/082/082g/2025/dem/bc_082g012_2_1_2_xli1m_utm11_20250729_20250729.tif,200,True,,2026-08-29T19:29:36.849620+00:00
https://nrs.objectstore.gov.bc.ca/gdwuts/082/082g/2025/dem/bc_082g012_2_1_3_xli1m_utm11_20250729_20250814.tif,200,True,,2026-08-29T19:29:36.855129+00:00
https://nrs.objectstore.gov.bc.ca/gdwuts/082/082g/2025/dem/bc_082g012_2_1_4_xli1m_utm11_20250729_20250729.tif,200,True,,2026-08-29T19:29:36.915258+00:00
https://nrs.objectstore.gov.bc.ca/gdwuts/082/082g/2025/dem/bc_082g012_2_2_1_xli1m_utm11_20250729_20250729.tif,200,True,,2026-08-29T19:29:36.920135+00:00
https://nrs.objectstore.gov.bc.ca/gdwuts/082/082g/2025/dem/bc_082g012_2_2_2_xli1m_utm11_20250729_20250729.tif,200,True,,2026-08-29T19:29:36.945630+00:00
https://nrs.objectstore.gov.bc.ca/gdwuts/082/082g/2025/dem/bc_082g012_2_2_3_xli1m_utm11_20250729_20250729.tif,200,True,,2026-08-29T19:29:37.025315+00:00
https://nrs.objectstore.gov.bc.ca/gdwuts/082/082g/2025/dem/bc_082g012_2_2_4_xli1m_utm11_20250729_20250729.tif,200,True,,2026-08-29T19:29:36.971147+00:00
https://nrs.objectstore.gov.bc.ca/gdwuts/082/082g/2025/dem/bc_082g012_2_3_2_xli1m_utm11_20250729_20250729.tif,200,True,,2026-08-29T19:29:36.967940+00:00
https://nrs.objectstore.gov.bc.ca/gdwuts/082/082g/2025/dem/bc_082g012_2_3_3_xli1m_utm11_20250729_20250927.tif,200,True,,2026-08-29T19:29:36.995520+00:00
https://nrs.objectstore.gov.bc.ca/gdwuts/082/082g/2025/dem/bc_082g012_2_3_4_xli1m_utm11_20250729_20250729.tif,200,True,,2026-08-29T19:29:36.976570+00:00
https://nrs.objectstore.gov.bc.ca/gdwuts/082/082g/2025/dem/bc_082g012_2_4_1_xli1m_utm11_20250729_20250729.tif,200,True,,2026-08-29T19:29:37.017396+00:00
https://nrs.objectstore.gov.bc.ca/gdwuts/082/082g/2025/dem/bc_082g012_2_4_2_xli1m_utm11_20250729_20250729.tif,200,True,,2026-08-29T19:29:37.075195+00:00
https://nrs.objectstore.gov.bc.ca/gdwuts/082/082g/2025/dem/bc_082g012_2_4_3_xli1m_utm11_20250729_20250729.tif,200,True,,2026-08-29T19:29:37.057724+00:00
https://nrs.objectstore.gov.bc.ca/gdwuts/082/082g/2025/dem/bc_082g012_2_4_4_xli1m_utm11_20250729_20250729.tif,200,True,,2026-08-29T19:29:37.038247+00:00
https://nrs.objectstore.gov.bc.ca/gdwuts/082/082g/2025/dem/bc_082g012_3_1_1_xli1m_utm11_20250730_20250927.tif,200,True,,2026-08-29T19:29:37.091041+00:00
https://nrs.objectstore.gov.bc.ca/gdwuts/082/082g/2025/dem/bc_082g012_3_1_2_xli1m_utm11_20250729_20250927.tif,200,True,,2026-08-29T19:29:37.081172+00:00
https://nrs.objectstore.gov.bc.ca/gdwuts/082/082g/2025/dem/bc_082g012_3_1_3_xli1m_utm11_20250730_20250815.tif,200,True,,2026-08-29T19:29:37.047542+00:00
https://nrs.objectstore.gov.bc.ca/gdwuts/082/082g/2025/dem/bc_082g012_3_1_4_xli1m_utm11_20250729_20250927.tif,200,True,,2026-08-29T19:29:37.083394+00:00
https://nrs.objectstore.gov.bc.ca/gdwuts/082/082g/2025/dem/bc_082g012_3_2_1_xli1m_utm11_20250729_20250927.tif,200,True,,2026-08-29T19:29:37.099219+00:00
https://nrs.objectstore.gov.bc.ca/gdwuts/082/082g/2025/dem/bc_082g012_3_2_3_xli1m_utm11_20250729_20250927.tif,200,True,,2026-08-29T19:29:37.114149+00:00
https://nrs.objectstore.gov.bc.ca/gdwuts/082/082g/2025/dem/bc_082g012_3_2_4_xli1m_utm11_20250729_20250927.tif,200,True,,2026-08-29T19:29:37.164696+00:00
https://nrs.objectstore.gov.bc.ca/gdwuts/082/082g/2025/dem/bc_082g012_3_3_1_xli1m_utm11_20250730_20250927.tif,200,True,,2026-08-29T19:29:37.157382+00:00
https://nrs.objectstore.gov.bc.ca/gdwuts/082/082g/2025/dem/bc_082g012_3_3_2_xli1m_utm11_20250729_20250927.tif,200,True,,2026-08-29T19:29:37.144174+00:00
https://nrs.objectstore.gov.bc.ca/gdwuts/082/082g/2025/dem/bc_082g012_3_3_3_xli1m_utm11_20250729_20250927.tif,200,True,,2026-08-29T19:29:37.151175+00:00
https://nrs.objectstore.gov.bc.ca/gdwuts/082/082g/2025/dem/bc_082g012_3_3_4_xli1m_utm11_20250729_20250815.tif,200,True,,2026-08-29T19:29:37.187218+00:00
https://nrs.objectstore.gov.bc.ca/gdwuts/082/082g/2025/dem/bc_082g012_3_4_1_xli1m_utm11_20250729_20250927.tif,200,True,,2026-08-29T19:29:37.193947+00:00
https://nrs.objectstore.gov.bc.ca/gdwuts/082/082g/2025/dem/bc_082g012_3_4_2_xli1m_utm11_20250729_20250927.tif,200,True,,2026-08-29T19:29:37.221136+00:00
https://nrs.objectstore.gov.bc.ca/gdwuts/082/082g/2025/dem/bc_082g012_3_4_3_xli1m_utm11_20250729_20250927.tif,200,True,,2026-08-29T19:29:37.217170+00:00
https://nrs.objectstore.gov.bc.ca/gdwuts/082/082g/2025/dem/bc_082g012_3_4_4_xli1m_utm11_20250729_20250927.tif,200,True,,2026-08-29T19:29:37.261244+00:00
https://nrs.objectstore.gov.bc.ca/gdwuts/082/082g/2025/dem/bc_082g012_4_1_1_xli1m_utm11_20250729_20250927.tif,200,True,,2026-08-29T19:29:37.229150+00:00
https://nrs.objectstore.gov.bc.ca/gdwuts/082/082g/2025/dem/bc_082g012_4_1_2_xli1m_utm11_20250729_20250729.tif,200,True,,2026-08-29T19:29:37.305195+00:00
https://nrs.objectstore.gov.bc.ca/gdwuts/082/082g/2025/dem/bc_082g012_4_1_3_xli1m_utm11_20250729_20250927.tif,200,True,,2026-08-29T19:29:37.272186+00:00
https://nrs.objectstore.gov.bc.ca/gdwuts/082/082g/2025/dem/bc_082g012_4_1_4_xli1m_utm11_20250729_20250927.tif,200,True,,2026-08-29T19:29:37.281868+00:00
https://nrs.objectstore.gov.bc.ca/gdwuts/082/082g/2025/dem/bc_082g012_4_2_1_xli1m_utm11_20250729_20250729.tif,200,True,,2026-08-29T19:29:37.295563+00:00
https://nrs.objectstore.gov.bc.ca/gdwuts/082/082g/2025/dem/bc_082g012_4_2_2_xli1m_utm11_20250729_20250729.tif,200,True,,2026-08-29T19:29:37.293200+00:00
https://nrs.objectstore.gov.bc.ca/gdwuts/082/082g/2025/dem/bc_082g012_4_2_3_xli1m_utm11_20250729_20250729.tif,200,True,,2026-08-29T19:29:37.344355+00:00
https://nrs.objectstore.gov.bc.ca/gdwuts/082/082g/2025/dem/bc_082g012_4_2_4_xli1m_utm11_20250729_20250729.tif,200,True,,2026-08-29T19:29:37.361132+00:00
https://nrs.objectstore.gov.bc.ca/gdwuts/082/082g/2025/dem/bc_082g012_4_3_1_xli1m_utm11_20250729_20250927.tif,200,True,,2026-08-29T19:29:37.373910+00:00
https://nrs.objectstore.gov.bc.ca/gdwuts/082/082g/2025/dem/bc_082g012_4_3_2_xli1m_utm11_20250729_20250927.tif,200,True,,2026-08-29T19:29:37.351632+00:00
https://nrs.objectstore.gov.bc.ca/gdwuts/082/082g/2025/dem/bc_082g012_4_3_3_xli1m_utm11_20250729_20250927.tif,200,True,,2026-08-29T19:29:37.376078+00:00
https://nrs.objectstore.gov.bc.ca/gdwuts/082/082g/2025/dem/bc_082g012_4_3_4_xli1m_utm11_20250729_20250927.tif,200,True,,2026-08-29T19:29:37.385255+00:00
https://nrs.objectstore.gov.bc.ca/gdwuts/082/082g/2025/dem/bc_082g012_4_4_1_xli1m_utm11_20250729_20250729.tif,200,True,,2026-08-29T19:29:37.378227+00:00
https://nrs.objectstore.gov.bc.ca/gdwuts/082/082g/2025/dem/bc_082g012_4_4_2_xli1m_utm11_20250729_20250729.tif,200,True,,2026-08-29T19:29:37.419252+00:00
https://nrs.objectstore.gov.bc.ca/gdwuts/082/082g/2025/dem/bc_082g012_4_4_3_xli1m_utm11_20250729_20250729.tif,200,True,,2026-08-29T19:29:37.426145+00:00
https://nrs.objectstore.gov.bc.ca/gdwuts/082/082g/2025/dem/bc_082g012_4_4_4_xli1m_utm11_20250729_20250729.tif,200,True,,2026-08-29T19:29:37.438164+00:00
https://nrs.objectstore.gov.bc.ca/gdwuts/082/082g/2025/dem/bc_082g013_1_1_1_xli1m_utm11_20250729_20250729.tif,200,True,,2026-08-29T19:29:37.444047+00:00
https://nrs.objectstore.gov.bc.ca/gdwuts/082/082g/2025/dem/bc_082g013_1_1_2_xli1m_utm11_20250729_20250729.tif,200,True,,2026-08-29T19:29:37.489166+00:00
https://nrs.objectstore.gov.bc.ca/gdwuts/082/082g/2025/dem/bc_082g013_1_1_3_xli1m_utm11_20250729_20250729.tif,200,True,,2026-08-29T19:29:37.462164+00:00
https://nrs.objectstore.gov.bc.ca/gdwuts/082/082g/2025/dem/bc_082g013_1_1_4_xli1m_utm11_20250729_20250729.tif,200,True,,2026-08-29T19:29:37.486092+00:00
https://nrs.objectstore.gov.bc.ca/gdwuts/082/082g/2025/dem/bc_082g013_1_2_1_xli1m_utm11_20250729_20250729.tif,200,True,,2026-08-29T19:29:37.478210+00:00
https://nrs.objectstore.gov.bc.ca/gdwuts/082/082g/2025/dem/bc_082g013_1_2_2_xli1m_utm11_20250729_20250729.tif,200,True,,2026-08-29T19:29:37.517157+00:00
https://nrs.objectstore.gov.bc.ca/gdwuts/082/082g/2025/dem/bc_082g013_1_2_3_xli1m_utm11_20250729_20250729.tif,200,True,,2026-08-29T19:29:37.545824+00:00
https://nrs.objectstore.gov.bc.ca/gdwuts/082/082g/2025/dem/bc_082g013_1_2_4_xli1m_utm11_20250729_20250729.tif,200,True,,2026-08-29T19:29:37.553695+00:00
https://nrs.objectstore.gov.bc.ca/gdwuts/082/082g/2025/dem/bc_082g013_1_3_1_xli1m_utm11_20250729_20250729.tif,200,True,,2026-08-29T19:29:37.582041+00:00
https://nrs.objectstore.gov.bc.ca/gdwuts/082/082g/2025/dem/bc_082g013_1_3_2_xli1m_utm11_20250729_20250729.tif,200,True,,2026-08-29T19:29:37.569899+00:00
https://nrs.objectstore.gov.bc.ca/gdwuts/082/082g/2025/dem/bc_082g013_1_3_3_xli1m_utm11_20250729_20250729.tif,200,True,,2026-08-29T19:29:37.551264+00:00
https://nrs.objectstore.gov.bc.ca/gdwuts/082/082g/2025/dem/bc_082g013_1_3_4_xli1m_utm11_20250729_20250729.tif,200,True,,2026-08-29T19:29:37.576218+00:00
https://nrs.objectstore.gov.bc.ca/gdwuts/082/082g/2025/dem/bc_082g013_1_4_1_xli1m_utm11_20250729_20250729.tif,200,True,,2026-08-29T19:29:37.585926+00:00
https://nrs.objectstore.gov.bc.ca/gdwuts/082/082g/2025/dem/bc_082g013_1_4_2_xli1m_utm11_20250729_20250729.tif,200,True,,2026-08-29T19:29:37.627262+00:00
https://nrs.objectstore.gov.bc.ca/gdwuts/082/082g/2025/dem/bc_082g013_1_4_3_xli1m_utm11_20250729_20250729.tif,200,True,,2026-08-29T19:29:37.729209+00:00
https://nrs.objectstore.gov.bc.ca/gdwuts/082/082g/2025/dem/bc_082g013_1_4_4_xli1m_utm11_20250729_20250729.tif,200,True,,2026-08-29T19:29:37.642376+00:00
https://nrs.objectstore.gov.bc.ca/gdwuts/082/082g/2025/dem/bc_082g013_2_1_1_xli1m_utm11_20250729_20250729.tif,200,True,,2026-08-29T19:29:37.726391+00:00
https://nrs.objectstore.gov.bc.ca/gdwuts/082/082g/2025/dem/bc_082g013_2_1_2_xli1m_utm11_20250729_20250729.tif,200,True,,2026-08-29T19:29:37.673047+00:00
https://nrs.objectstore.gov.bc.ca/gdwuts/082/082g/2025/dem/bc_082g013_2_1_3_xli1m_utm11_20250729_20250729.tif,200,True,,2026-08-29T19:29:37.667380+00:00
https://nrs.objectstore.gov.bc.ca/gdwuts/082/082g/2025/dem/bc_082g013_2_1_4_xli1m_utm11_20250729_20250729.tif,200,True,,2026-08-29T19:29:37.682873+00:00
https://nrs.objectstore.gov.bc.ca/gdwuts/082/082g/2025/dem/bc_082g013_2_2_1_xli1m_utm11_20250729_20250814.tif,200,True,,2026-08-29T19:29:37.680608+00:00
https://nrs.objectstore.gov.bc.ca/gdwuts/082/082g/2025/dem/bc_082g013_2_2_2_xli1m_utm11_20250729_20250814.tif,200,True,,2026-08-29T19:29:37.700412+00:00
https://nrs.objectstore.gov.bc.ca/gdwuts/082/082g/2025/dem/bc_082g013_2_2_3_xli1m_utm11_20250729_20250814.tif,200,True,,2026-08-29T19:29:37.742156+00:00
https://nrs.objectstore.gov.bc.ca/gdwuts/082/082g/2025/dem/bc_082g013_2_2_4_xli1m_utm11_20250729_20250814.tif,200,True,,2026-08-29T19:29:37.739234+00:00
https://nrs.objectstore.gov.bc.ca/gdwuts/082/082g/2025/dem/bc_082g013_2_3_1_xli1m_utm11_20250729_20250729.tif,200,True,,2026-08-29T19:29:37.790206+00:00
https://nrs.objectstore.gov.bc.ca/gdwuts/082/082g/2025/dem/bc_082g013_2_3_2_xli1m_utm11_20250729_20250729.tif,200,True,,2026-08-29T19:29:37.774152+00:00
https://nrs.objectstore.gov.bc.ca/gdwuts/082/082g/2025/dem/bc_082g013_2_3_3_xli1m_utm11_20250729_20250729.tif,200,True,,2026-08-29T19:29:37.763065+00:00
https://nrs.objectstore.gov.bc.ca/gdwuts/082/082g/2025/dem/bc_082g013_2_3_4_xli1m_utm11_20250729_20250729.tif,200,True,,2026-08-29T19:29:37.776423+00:00
https://nrs.objectstore.gov.bc.ca/gdwuts/082/082g/2025/dem/bc_082g013_2_4_1_xli1m_utm11_20250729_20250814.tif,200,True,,2026-08-29T19:29:37.770153+00:00
https://nrs.objectstore.gov.bc.ca/gdwuts/082/082g/2025/dem/bc_082g013_2_4_2_xli1m_utm11_20250729_20250814.tif,200,True,,2026-08-29T19:29:37.801193+00:00
https://nrs.objectstore.gov.bc.ca/gdwuts/082/082g/2025/dem/bc_082g013_2_4_3_xli1m_utm11_20250729_20250814.tif,200,True,,2026-08-29T19:29:37.803501+00:00
https://nrs.objectstore.gov.bc.ca/gdwuts/082/082g/2025/dem/bc_082g013_3_1_1_xli1m_utm11_20250729_20250729.tif,200,True,,2026-08-29T19:29:37.845263+00:00
https://nrs.objectstore.gov.bc.ca/gdwuts/082/082g/2025/dem/bc_082g013_3_1_2_xli1m_utm11_20250729_20250729.tif,200,True,,2026-08-29T19:29:37.861606+00:00
https://nrs.objectstore.gov.bc.ca/gdwuts/082/082g/2025/dem/bc_082g013_3_1_3_xli1m_utm11_20250729_20250729.tif,200,True,,2026-08-29T19:29:37.889448+00:00
https://nrs.objectstore.gov.bc.ca/gdwuts/082/082g/2025/dem/bc_082g013_3_1_4_xli1m_utm11_20250729_20250729.tif,200,True,,2026-08-29T19:29:37.895057+00:00
https://nrs.objectstore.gov.bc.ca/gdwuts/082/082g/2025/dem/bc_082g013_3_2_1_xli1m_utm11_20250729_20250729.tif,200,True,,2026-08-29T19:29:37.871624+00:00
https://nrs.objectstore.gov.bc.ca/gdwuts/082/082g/2025/dem/bc_082g013_3_2_2_xli1m_utm11_20250729_20250729.tif,200,True,,2026-08-29T19:29:37.905139+00:00
https://nrs.objectstore.gov.bc.ca/gdwuts/082/082g/2025/dem/bc_082g013_3_2_3_xli1m_utm11_20250729_20250729.tif,200,True,,2026-08-29T19:29:37.914412+00:00
https://nrs.objectstore.gov.bc.ca/gdwuts/082/082g/2025/dem/bc_082g013_3_2_4_xli1m_utm11_20250729_20250729.tif,200,True,,2026-08-29T19:29:37.971078+00:00
https://nrs.objectstore.gov.bc.ca/gdwuts/082/082g/2025/dem/bc_082g013_3_3_1_xli1m_utm11_20250729_20250729.tif,200,True,,2026-08-29T19:29:37.952994+00:00
https://nrs.objectstore.gov.bc.ca/gdwuts/082/082g/2025/dem/bc_082g013_3_3_2_xli1m_utm11_20250729_20250729.tif,200,True,,2026-08-29T19:29:37.976525+00:00
https://nrs.objectstore.gov.bc.ca/gdwuts/082/082g/2025/dem/bc_082g013_3_3_3_xli1m_utm11_20250729_20250729.tif,200,True,,2026-08-29T19:29:37.974162+00:00
https://nrs.objectstore.gov.bc.ca/gdwuts/082/082g/2025/dem/bc_082g013_3_3_4_xli1m_utm11_20250729_20250729.tif,200,True,,2026-08-29T19:29:37.982869+00:00
https://nrs.objectstore.gov.bc.ca/gdwuts/082/082g/2025/dem/bc_082g013_3_4_1_xli1m_utm11_20250729_20250729.tif,200,True,,2026-08-29T19:29:37.995126+00:00
https://nrs.objectstore.gov.bc.ca/gdwuts/082/082g/2025/dem/bc_082g013_3_4_2_xli1m_utm11_20250729_20250729.tif,200,True,,2026-08-29T19:29:38.007553+00:00
https://nrs.objectstore.gov.bc.ca/gdwuts/082/082g/2025/dem/bc_082g013_3_4_3_xli1m_utm11_20250729_20250729.tif,200,True,,2026-08-29T19:29:38.011861+00:00
https://nrs.objectstore.gov.bc.ca/gdwuts/082/082g/2025/dem/bc_082g013_3_4_4_xli1m_utm11_20250729_20250729.tif,200,True,,2026-08-29T19:29:38.015105+00:00
https://nrs.objectstore.gov.bc.ca/gdwuts/082/082g/2025/dem/bc_082g013_4_1_1_xli1m_utm11_20250729_20250729.tif,200,True,,2026-08-29T19:29:38.018379+00:00
https://nrs.objectstore.gov.bc.ca/gdwuts/082/082g/2025/dem/bc_082g013_4_1_2_xli1m_utm11_20250729_20250729.tif,200,True,,2026-08-29T19:29:38.035433+00:00
https://nrs.objectstore.gov.bc.ca/gdwuts/082/082g/2025/dem/bc_082g013_4_1_3_xli1m_utm11_20250729_20250729.tif,200,True,,2026-08-29T19:29:38.053198+00:00
https://nrs.objectstore.gov.bc.ca/gdwuts/082/082g/2025/dem/bc_082g013_4_1_4_xli1m_utm11_20250729_20250729.tif,200,True,,2026-08-29T19:29:38.064641+00:00
https://nrs.objectstore.gov.bc.ca/gdwuts/082/082g/2025/dem/bc_082g013_4_2_1_xli1m_utm11_20250729_20250729.tif,200,True,,2026-08-29T19:29:38.094621+00:00
https://nrs.objectstore.gov.bc.ca/gdwuts/082/082g/2025/dem/bc_082g013_4_3_1_xli1m_utm11_20250729_20250729.tif,200,True,,2026-08-29T19:29:38.092205+00:00
https://nrs.objectstore.gov.bc.ca/gdwuts/082/082g/2025/dem/bc_082g013_4_3_2_xli1m_utm11_20250729_20250729.tif,200,True,,2026-08-29T19:29:38.096966+00:00
https://nrs.objectstore.gov.bc.ca/gdwuts/082/082g/2025/dem/bc_082g013_4_3_3_xli1m_utm11_20250729_20250729.tif,200,True,,2026-08-29T19:29:38.129207+00:00
https://nrs.objectstore.gov.bc.ca/gdwuts/082/082g/2025/dem/bc_082g021_1_1_2_xli1m_utm11_20250730_20250730.tif,200,True,,2026-08-29T19:29:38.209521+00:00
https://nrs.objectstore.gov.bc.ca/gdwuts/082/082g/2025/dem/bc_082g021_1_1_3_xli1m_utm11_20250730_20250928.tif,200,True,,2026-08-29T19:29:38.211897+00:00
https://nrs.objectstore.gov.bc.ca/gdwuts/082/082g/2025/dem/bc_082g021_1_1_4_xli1m_utm11_20250730_20250730.tif,200,True,,2026-08-29T19:29:38.137528+00:00
https://nrs.objectstore.gov.bc.ca/gdwuts/082/082g/2025/dem/bc_082g021_1_2_1_xli1m_utm11_20250730_20250813.tif,200,True,,2026-08-29T19:29:38.182818+00:00
https://nrs.objectstore.gov.bc.ca/gdwuts/082/082g/2025/dem/bc_082g021_1_2_2_xli1m_utm11_20250730_20250813.tif,200,True,,2026-08-29T19:29:38.211352+00:00
https://nrs.objectstore.gov.bc.ca/gdwuts/082/082g/2025/dem/bc_082g021_1_2_3_xli1m_utm11_20250730_20250730.tif,200,True,,2026-08-29T19:29:38.201082+00:00
https://nrs.objectstore.gov.bc.ca/gdwuts/082/082g/2025/dem/bc_082g021_1_2_4_xli1m_utm11_20250730_20250730.tif,200,True,,2026-08-29T19:29:38.250205+00:00
https://nrs.objectstore.gov.bc.ca/gdwuts/082/082g/2025/dem/bc_082g021_1_3_1_xli1m_utm11_20250730_20250928.tif,200,True,,2026-08-29T19:29:38.242151+00:00
https://nrs.objectstore.gov.bc.ca/gdwuts/082/082g/2025/dem/bc_082g021_1_3_2_xli1m_utm11_20250730_20250928.tif,200,True,,2026-08-29T19:29:38.249731+00:00
https://nrs.objectstore.gov.bc.ca/gdwuts/082/082g/2025/dem/bc_082g021_1_3_3_xli1m_utm11_20250730_20250928.tif,200,True,,2026-08-29T19:29:38.264143+00:00
https://nrs.objectstore.gov.bc.ca/gdwuts/082/082g/2025/dem/bc_082g021_1_3_4_xli1m_utm11_20250730_20250928.tif,200,True,,2026-08-29T19:29:38.254404+00:00
https://nrs.objectstore.gov.bc.ca/gdwuts/082/082g/2025/dem/bc_082g021_1_4_1_xli1m_utm11_20250730_20250928.tif,200,True,,2026-08-29T19:29:38.284315+00:00
https://nrs.objectstore.gov.bc.ca/gdwuts/082/082g/2025/dem/bc_082g021_1_4_2_xli1m_utm11_20250730_20250927.tif,200,True,,2026-08-29T19:29:38.293869+00:00
https://nrs.objectstore.gov.bc.ca/gdwuts/082/082g/2025/dem/bc_082g021_1_4_3_xli1m_utm11_20250730_20250928.tif,200,True,,2026-08-29T19:29:38.298170+00:00
https://nrs.objectstore.gov.bc.ca/gdwuts/082/082g/2025/dem/bc_082g021_1_4_4_xli1m_utm11_20250730_20250928.tif,200,True,,2026-08-29T19:29:38.291209+00:00
https://nrs.objectstore.gov.bc.ca/gdwuts/082/082g/2025/dem/bc_082g021_2_1_1_xli1m_utm11_20250730_20250927.tif,200,True,,2026-08-29T19:29:38.311362+00:00
https://nrs.objectstore.gov.bc.ca/gdwuts/082/082g/2025/dem/bc_082g021_2_1_2_xli1m_utm11_20250730_20250927.tif,200,True,,2026-08-29T19:29:38.323163+00:00
https://nrs.objectstore.gov.bc.ca/gdwuts/082/082g/2025/dem/bc_082g021_2_1_3_xli1m_utm11_20250730_20250927.tif,200,True,,2026-08-29T19:29:38.341198+00:00
https://nrs.objectstore.gov.bc.ca/gdwuts/082/082g/2025/dem/bc_082g021_2_1_4_xli1m_utm11_20250730_20250927.tif,200,True,,2026-08-29T19:29:38.372477+00:00
https://nrs.objectstore.gov.bc.ca/gdwuts/082/082g/2025/dem/bc_082g021_2_2_1_xli1m_utm11_20250730_20250730.tif,200,True,,2026-08-29T19:29:38.388282+00:00
https://nrs.objectstore.gov.bc.ca/gdwuts/082/082g/2025/dem/bc_082g021_2_2_2_xli1m_utm11_20250730_20250927.tif,200,True,,2026-08-29T19:29:38.430272+00:00
https://nrs.objectstore.gov.bc.ca/gdwuts/082/082g/2025/dem/bc_082g021_2_2_3_xli1m_utm11_20250730_20250730.tif,200,True,,2026-08-29T19:29:38.397217+00:00
https://nrs.objectstore.gov.bc.ca/gdwuts/082/082g/2025/dem/bc_082g021_2_2_4_xli1m_utm11_20250729_20250815.tif,200,True,,2026-08-29T19:29:38.463745+00:00
https://nrs.objectstore.gov.bc.ca/gdwuts/082/082g/2025/dem/bc_082g021_2_3_1_xli1m_utm11_20250730_20250927.tif,200,True,,2026-08-29T19:29:38.436407+00:00
https://nrs.objectstore.gov.bc.ca/gdwuts/082/082g/2025/dem/bc_082g021_2_3_2_xli1m_utm11_20250730_20250927.tif,200,True,,2026-08-29T19:29:38.444214+00:00
https://nrs.objectstore.gov.bc.ca/gdwuts/082/082g/2025/dem/bc_082g021_2_3_3_xli1m_utm11_20250730_20250927.tif,200,True,,2026-08-29T19:29:38.457505+00:00
https://nrs.objectstore.gov.bc.ca/gdwuts/082/082g/2025/dem/bc_082g021_2_3_4_xli1m_utm11_20250730_20250730.tif,200,True,,2026-08-29T19:29:38.452196+00:00
https://nrs.objectstore.gov.bc.ca/gdwuts/082/082g/2025/dem/bc_082g021_2_4_1_xli1m_utm11_20250730_20250730.tif,200,True,,2026-08-29T19:29:38.463301+00:00
https://nrs.objectstore.gov.bc.ca/gdwuts/082/082g/2025/dem/bc_082g021_2_4_2_xli1m_utm11_20250729_20250815.tif,200,True,,2026-08-29T19:29:38.570508+00:00
https://nrs.objectstore.gov.bc.ca/gdwuts/082/082g/2025/dem/bc_082g021_3_1_1_xli1m_utm11_20250730_20250928.tif,200,True,,2026-08-29T19:29:38.572417+00:00
https://nrs.objectstore.gov.bc.ca/gdwuts/082/082g/2025/dem/bc_082g021_3_1_2_xli1m_utm11_20250730_20250928.tif,200,True,,2026-08-29T19:29:38.553160+00:00
https://nrs.objectstore.gov.bc.ca/gdwuts/082/082g/2025/dem/bc_082g021_3_1_3_xli1m_utm11_20250730_20250928.tif,200,True,,2026-08-29T19:29:38.542285+00:00
https://nrs.objectstore.gov.bc.ca/gdwuts/082/082g/2025/dem/bc_082g021_3_1_4_xli1m_utm11_20250730_20250928.tif,200,True,,2026-08-29T19:29:38.526083+00:00
https://nrs.objectstore.gov.bc.ca/gdwuts/082/082g/2025/dem/bc_082g021_3_2_1_xli1m_utm11_20250730_20250928.tif,200,True,,2026-08-29T19:29:38.535748+00:00
https://nrs.objectstore.gov.bc.ca/gdwuts/082/082g/2025/dem/bc_082g021_3_2_2_xli1m_utm11_20250730_20250928.tif,200,True,,2026-08-29T19:29:38.562966+00:00
https://nrs.objectstore.gov.bc.ca/gdwuts/082/082g/2025/dem/bc_082g021_3_2_3_xli1m_utm11_20250730_20250928.tif,200,True,,2026-08-29T19:29:38.600634+00:00
https://nrs.objectstore.gov.bc.ca/gdwuts/082/082g/2025/dem/bc_082g021_3_2_4_xli1m_utm11_20250730_20250928.tif,200,True,,2026-08-29T19:29:38.633879+00:00
https://nrs.objectstore.gov.bc.ca/gdwuts/082/082g/2025/dem/bc_082g021_3_3_1_xli1m_utm11_20250730_20250928.tif,200,True,,2026-08-29T19:29:38.645846+00:00
https://nrs.objectstore.gov.bc.ca/gdwuts/082/082g/2025/dem/bc_082g021_3_3_2_xli1m_utm11_20250730_20250928.tif,200,True,,2026-08-29T19:29:38.654742+00:00
https://nrs.objectstore.gov.bc.ca/gdwuts/082/082g/2025/dem/bc_082g021_3_3_3_xli1m_utm11_20250730_20250814.tif,200,True,,2026-08-29T19:29:38.654309+00:00
https://nrs.objectstore.gov.bc.ca/gdwuts/082/082g/2025/dem/bc_082g021_3_3_4_xli1m_utm11_20250730_20250927.tif,200,True,,2026-08-29T19:29:38.658612+00:00
https://nrs.objectstore.gov.bc.ca/gdwuts/082/082g/2025/dem/bc_082g021_3_4_1_xli1m_utm11_20250730_20250928.tif,200,True,,2026-08-29T19:29:38.671021+00:00
https://nrs.objectstore.gov.bc.ca/gdwuts/082/082g/2025/dem/bc_082g021_3_4_2_xli1m_utm11_20250730_20250928.tif,200,True,,2026-08-29T19:29:38.638450+00:00
https://nrs.objectstore.gov.bc.ca/gdwuts/082/082g/2025/dem/bc_082g021_3_4_3_xli1m_utm11_20250730_20250927.tif,200,True,,2026-08-29T19:29:38.663035+00:00
https://nrs.objectstore.gov.bc.ca/gdwuts/082/082g/2025/dem/bc_082g021_3_4_4_xli1m_utm11_20250730_20250928.tif,200,True,,2026-08-29T19:29:38.755055+00:00
https://nrs.objectstore.gov.bc.ca/gdwuts/082/082g/2025/dem/bc_082g021_4_1_1_xli1m_utm11_20250730_20250928.tif,200,True,,2026-08-29T19:29:38.749308+00:00
https://nrs.objectstore.gov.bc.ca/gdwuts/082/082g/2025/dem/bc_082g021_4_1_3_xli1m_utm11_20250730_20250928.tif,200,True,,2026-08-29T19:29:38.727208+00:00
https://nrs.objectstore.gov.bc.ca/gdwuts/082/082g/2025/dem/bc_082g021_4_3_1_xli1m_utm11_20250730_20250928.tif,200,True,,2026-08-29T19:29:38.758438+00:00
https://nrs.objectstore.gov.bc.ca/gdwuts/082/082g/2025/dem/bc_082g021_4_3_3_xli1m_utm11_20250730_20250928.tif,200,True,,2026-08-29T19:29:38.761670+00:00
https://nrs.objectstore.gov.bc.ca/gdwuts/082/082g/2025/dem/bc_082g022_1_1_1_xli1m_utm11_20250729_20250927.tif,200,True,,2026-08-29T19:29:38.761239+00:00
https://nrs.objectstore.gov.bc.ca/gdwuts/082/082g/2025/dem/bc_082g022_1_1_2_xli1m_utm11_20250729_20250927.tif,200,True,,2026-08-29T19:29:38.783310+00:00
https://nrs.objectstore.gov.bc.ca/gdwuts/082/082g/2025/dem/bc_082g022_1_1_3_xli1m_utm11_20250729_20250927.tif,200,True,,2026-08-29T19:29:38.774215+00:00
https://nrs.objectstore.gov.bc.ca/gdwuts/082/082g/2025/dem/bc_082g022_1_1_4_xli1m_utm11_20250729_20250927.tif,200,True,,2026-08-29T19:29:38.916286+00:00
https://nrs.objectstore.gov.bc.ca/gdwuts/082/082g/2025/dem/bc_082g022_1_2_1_xli1m_utm11_20250729_20250927.tif,200,True,,2026-08-29T19:29:38.871495+00:00
https://nrs.objectstore.gov.bc.ca/gdwuts/082/082g/2025/dem/bc_082g022_1_2_2_xli1m_utm11_20250729_20250927.tif,200,True,,2026-08-29T19:29:38.840288+00:00
https://nrs.objectstore.gov.bc.ca/gdwuts/082/082g/2025/dem/bc_082g022_1_2_3_xli1m_utm11_20250729_20250815.tif,200,True,,2026-08-29T19:29:38.880510+00:00
https://nrs.objectstore.gov.bc.ca/gdwuts/082/082g/2025/dem/bc_082g022_1_2_4_xli1m_utm11_20250729_20250927.tif,200,True,,2026-08-29T19:29:38.859330+00:00
https://nrs.objectstore.gov.bc.ca/gdwuts/082/082g/2025/dem/bc_082g022_1_3_1_xli1m_utm11_20250729_20250927.tif,200,True,,2026-08-29T19:29:38.883259+00:00
https://nrs.objectstore.gov.bc.ca/gdwuts/082/082g/2025/dem/bc_082g022_1_3_2_xli1m_utm11_20250729_20250927.tif,200,True,,2026-08-29T19:29:38.888669+00:00
https://nrs.objectstore.gov.bc.ca/gdwuts/082/082g/2025/dem/bc_082g022_1_3_3_xli1m_utm11_20250729_20250815.tif,200,True,,2026-08-29T19:29:38.853192+00:00
https://nrs.objectstore.gov.bc.ca/gdwuts/082/082g/2025/dem/bc_082g022_1_3_4_xli1m_utm11_20250729_20250927.tif,200,True,,2026-08-29T19:29:38.966898+00:00
https://nrs.objectstore.gov.bc.ca/gdwuts/082/082g/2025/dem/bc_082g022_1_4_1_xli1m_utm11_20250729_20250815.tif,200,True,,2026-08-29T19:29:38.943232+00:00
https://nrs.objectstore.gov.bc.ca/gdwuts/082/082g/2025/dem/bc_082g022_1_4_2_xli1m_utm11_20250729_20250729.tif,200,True,,2026-08-29T19:29:38.954829+00:00
https://nrs.objectstore.gov.bc.ca/gdwuts/082/082g/2025/dem/bc_082g022_1_4_3_xli1m_utm11_20250729_20250927.tif,200,True,,2026-08-29T19:29:38.993681+00:00
https://nrs.objectstore.gov.bc.ca/gdwuts/082/082g/2025/dem/bc_082g022_1_4_4_xli1m_utm11_20250729_20250729.tif,200,True,,2026-08-29T19:29:38.958030+00:00
https://nrs.objectstore.gov.bc.ca/gdwuts/082/082g/2025/dem/bc_082g022_2_1_1_xli1m_utm11_20250729_20250927.tif,200,True,,2026-08-29T19:29:38.981809+00:00
https://nrs.objectstore.gov.bc.ca/gdwuts/082/082g/2025/dem/bc_082g022_2_1_2_xli1m_utm11_20250729_20250927.tif,200,True,,2026-08-29T19:29:38.964167+00:00
https://nrs.objectstore.gov.bc.ca/gdwuts/082/082g/2025/dem/bc_082g022_2_1_3_xli1m_utm11_20250729_20250927.tif,200,True,,2026-08-29T19:29:38.985189+00:00
https://nrs.objectstore.gov.bc.ca/gdwuts/082/082g/2025/dem/bc_082g022_2_1_4_xli1m_utm11_20250729_20250729.tif,200,True,,2026-08-29T19:29:39.042855+00:00
https://nrs.objectstore.gov.bc.ca/gdwuts/082/082g/2025/dem/bc_082g022_2_2_1_xli1m_utm11_20250729_20250729.tif,200,True,,2026-08-29T19:29:39.033318+00:00
https://nrs.objectstore.gov.bc.ca/gdwuts/082/082g/2025/dem/bc_082g022_2_2_2_xli1m_utm11_20250729_20250729.tif,200,True,,2026-08-29T19:29:39.052452+00:00
https://nrs.objectstore.gov.bc.ca/gdwuts/082/082g/2025/dem/bc_082g022_2_2_3_xli1m_utm11_20250729_20250729.tif,200,True,,2026-08-29T19:29:39.052915+00:00
https://nrs.objectstore.gov.bc.ca/gdwuts/082/082g/2025/dem/bc_082g022_2_2_4_xli1m_utm11_20250729_20250729.tif,200,True,,2026-08-29T19:29:39.084148+00:00
https://nrs.objectstore.gov.bc.ca/gdwuts/082/082g/2025/dem/bc_082g022_2_3_1_xli1m_utm11_20250729_20250729.tif,200,True,,2026-08-29T19:29:39.077227+00:00
https://nrs.objectstore.gov.bc.ca/gdwuts/082/082g/2025/dem/bc_082g022_2_3_2_xli1m_utm11_20250729_20250729.tif,200,True,,2026-08-29T19:29:39.096008+00:00
https://nrs.objectstore.gov.bc.ca/gdwuts/082/082g/2025/dem/bc_082g022_2_3_3_xli1m_utm11_20250729_20250729.tif,200,True,,2026-08-29T19:29:39.091509+00:00
https://nrs.objectstore.gov.bc.ca/gdwuts/082/082g/2025/dem/bc_082g022_2_3_4_xli1m_utm11_20250729_20250729.tif,200,True,,2026-08-29T19:29:39.212377+00:00
https://nrs.objectstore.gov.bc.ca/gdwuts/082/082g/2025/dem/bc_082g022_2_4_1_xli1m_utm11_20250729_20250729.tif,200,True,,2026-08-29T19:29:39.158740+00:00
https://nrs.objectstore.gov.bc.ca/gdwuts/082/082g/2025/dem/bc_082g022_2_4_2_xli1m_utm11_20250729_20250729.tif,200,True,,2026-08-29T19:29:39.216297+00:00
https://nrs.objectstore.gov.bc.ca/gdwuts/082/082g/2025/dem/bc_082g022_2_4_3_xli1m_utm11_20250729_20250729.tif,200,True,,2026-08-29T19:29:39.176536+00:00
https://nrs.objectstore.gov.bc.ca/gdwuts/082/082g/2025/dem/bc_082g022_2_4_4_xli1m_utm11_20250729_20250729.tif,200,True,,2026-08-29T19:29:39.174149+00:00
https://nrs.objectstore.gov.bc.ca/gdwuts/082/082g/2025/dem/bc_082g022_3_1_1_xli1m_utm11_20250729_20250815.tif,200,True,,2026-08-29T19:29:39.248290+00:00
https://nrs.objectstore.gov.bc.ca/gdwuts/082/082g/2025/dem/bc_082g022_3_1_2_xli1m_utm11_20250729_20250927.tif,200,True,,2026-08-29T19:29:39.206225+00:00
https://nrs.objectstore.gov.bc.ca/gdwuts/082/082g/2025/dem/bc_082g022_3_1_4_xli1m_utm11_20250729_20250815.tif,200,True,,2026-08-29T19:29:39.191233+00:00
https://nrs.objectstore.gov.bc.ca/gdwuts/082/082g/2025/dem/bc_082g022_3_2_1_xli1m_utm11_20250729_20250927.tif,200,True,,2026-08-29T19:29:39.245640+00:00
https://nrs.objectstore.gov.bc.ca/gdwuts/082/082g/2025/dem/bc_082g022_3_2_2_xli1m_utm11_20250729_20250815.tif,200,True,,2026-08-29T19:29:39.240354+00:00
https://nrs.objectstore.gov.bc.ca/gdwuts/082/082g/2025/dem/bc_082g022_3_2_3_xli1m_utm11_20250729_20250815.tif,200,True,,2026-08-29T19:29:39.251628+00:00
https://nrs.objectstore.gov.bc.ca/gdwuts/082/082g/2025/dem/bc_082g022_3_2_4_xli1m_utm11_20250729_20250815.tif,200,True,,2026-08-29T19:29:39.273942+00:00
https://nrs.objectstore.gov.bc.ca/gdwuts/082/082g/2025/dem/bc_082g022_3_3_2_xli1m_utm11_20250729_20250815.tif,200,True,,2026-08-29T19:29:39.258159+00:00
https://nrs.objectstore.gov.bc.ca/gdwuts/082/082g/2025/dem/bc_082g022_3_3_4_xli1m_utm11_20250729_20250815.tif,200,True,,2026-08-29T19:29:39.373182+00:00
https://nrs.objectstore.gov.bc.ca/gdwuts/082/082g/2025/dem/bc_082g022_3_4_1_xli1m_utm11_20250729_20250815.tif,200,True,,2026-08-29T19:29:39.280649+00:00
https://nrs.objectstore.gov.bc.ca/gdwuts/082/082g/2025/dem/bc_082g022_3_4_2_xli1m_utm11_20250729_20250815.tif,200,True,,2026-08-29T19:29:39.304150+00:00
https://nrs.objectstore.gov.bc.ca/gdwuts/082/082g/2025/dem/bc_082g022_3_4_3_xli1m_utm11_20250729_20250815.tif,200,True,,2026-08-29T19:29:39.375681+00:00
https://nrs.objectstore.gov.bc.ca/gdwuts/082/082g/2025/dem/bc_082g022_3_4_4_xli1m_utm11_20250729_20250815.tif,200,True,,2026-08-29T19:29:39.338258+00:00
https://nrs.objectstore.gov.bc.ca/gdwuts/082/082g/2025/dem/bc_082g022_4_1_1_xli1m_utm11_20250729_20250729.tif,200,True,,2026-08-29T19:29:39.344758+00:00
https://nrs.objectstore.gov.bc.ca/gdwuts/082/082g/2025/dem/bc_082g022_4_1_2_xli1m_utm11_20250729_20250729.tif,200,True,,2026-08-29T19:29:39.359153+00:00
https://nrs.objectstore.gov.bc.ca/gdwuts/082/082g/2025/dem/bc_082g022_4_1_3_xli1m_utm11_20250729_20250815.tif,200,True,,2026-08-29T19:29:39.381143+00:00
https://nrs.objectstore.gov.bc.ca/gdwuts/082/082g/2025/dem/bc_082g022_4_1_4_xli1m_utm11_20250729_20250729.tif,200,True,,2026-08-29T19:29:39.391208+00:00
https://nrs.objectstore.gov.bc.ca/gdwuts/082/082g/2025/dem/bc_082g022_4_2_1_xli1m_utm11_20250729_20250729.tif,200,True,,2026-08-29T19:29:39.416213+00:00
https://nrs.objectstore.gov.bc.ca/gdwuts/082/082g/2025/dem/bc_082g022_4_2_2_xli1m_utm11_20250729_20250729.tif,200,True,,2026-08-29T19:29:39.410070+00:00
https://nrs.objectstore.gov.bc.ca/gdwuts/082/082g/2025/dem/bc_082g022_4_2_3_xli1m_utm11_20250729_20250729.tif,200,True,,2026-08-29T19:29:39.451166+00:00
https://nrs.objectstore.gov.bc.ca/gdwuts/082/082g/2025/dem/bc_082g022_4_2_4_xli1m_utm11_20250729_20250729.tif,200,True,,2026-08-29T19:29:39.481442+00:00
https://nrs.objectstore.gov.bc.ca/gdwuts/082/082g/2025/dem/bc_082g022_4_3_1_xli1m_utm11_20250729_20250815.tif,200,True,,2026-08-29T19:29:39.440622+00:00
https://nrs.objectstore.gov.bc.ca/gdwuts/082/082g/2025/dem/bc_082g022_4_3_2_xli1m_utm11_20250729_20250815.tif,200,True,,2026-08-29T19:29:39.458918+00:00
https://nrs.objectstore.gov.bc.ca/gdwuts/082/082g/2025/dem/bc_082g022_4_3_3_xli1m_utm11_20250729_20250815.tif,200,True,,2026-08-29T19:29:39.465235+00:00
https://nrs.objectstore.gov.bc.ca/gdwuts/082/082g/2025/dem/bc_082g022_4_3_4_xli1m_utm11_20250729_20250815.tif,200,True,,2026-08-29T19:29:39.476232+00:00
https://nrs.objectstore.gov.bc.ca/gdwuts/082/082g/2025/dem/bc_082g022_4_4_1_xli1m_utm11_20250729_20250815.tif,200,True,,2026-08-29T19:29:39.488566+00:00
https://nrs.objectstore.gov.bc.ca/gdwuts/082/082g/2025/dem/bc_082g022_4_4_2_xli1m_utm11_20250729_20250815.tif,200,True,,2026-08-29T19:29:39.546643+00:00
https://nrs.objectstore.gov.bc.ca/gdwuts/082/082g/2025/dem/bc_082g022_4_4_3_xli1m_utm11_20250729_20250815.tif,200,True,,2026-08-29T19:29:39.549660+00:00
https://nrs.objectstore.gov.bc.ca/gdwuts/082/082g/2025/dem/bc_082g022_4_4_4_xli1m_utm11_20250729_20250815.tif,200,True,,2026-08-29T19:29:39.531300+00:00
https://nrs.objectstore.gov.bc.ca/gdwuts/082/082g/2025/dem/bc_082g023_1_1_1_xli1m_utm11_20250729_20250729.tif,200,True,,2026-08-29T19:29:39.576698+00:00
https://nrs.objectstore.gov.bc.ca/gdwuts/082/082g/2025/dem/bc_082g023_1_1_2_xli1m_utm11_20250729_20250729.tif,200,True,,2026-08-29T19:29:39.592600+00:00
https://nrs.objectstore.gov.bc.ca/gdwuts/082/082g/2025/dem/bc_082g023_1_1_3_xli1m_utm11_20250729_20250729.tif,200,True,,2026-08-29T19:29:39.578209+00:00
https://nrs.objectstore.gov.bc.ca/gdwuts/082/082g/2025/dem/bc_082g023_1_1_4_xli1m_utm11_20250729_20250729.tif,200,True,,2026-08-29T19:29:39.592225+00:00
https://nrs.objectstore.gov.bc.ca/gdwuts/082/082g/2025/dem/bc_082g023_1_2_1_xli1m_utm11_20250729_20250729.tif,200,True,,2026-08-29T19:29:39.631811+00:00
https://nrs.objectstore.gov.bc.ca/gdwuts/082/082g/2025/dem/bc_082g023_1_2_2_xli1m_utm11_20250729_20250729.tif,200,True,,2026-08-29T19:29:39.626283+00:00
https://nrs.objectstore.gov.bc.ca/gdwuts/082/082g/2025/dem/bc_082g023_1_2_3_xli1m_utm11_20250729_20250729.tif,200,True,,2026-08-29T19:29:39.657181+00:00
https://nrs.objectstore.gov.bc.ca/gdwuts/082/082g/2025/dem/bc_082g023_1_2_4_xli1m_utm11_20250729_20250729.tif,200,True,,2026-08-29T19:29:39.653227+00:00
https://nrs.objectstore.gov.bc.ca/gdwuts/082/082g/2025/dem/bc_082g023_1_3_1_xli1m_utm11_20250729_20250729.tif,200,True,,2026-08-29T19:29:39.661201+00:00
https://nrs.objectstore.gov.bc.ca/gdwuts/082/082g/2025/dem/bc_082g023_1_3_2_xli1m_utm11_20250729_20250729.tif,200,True,,2026-08-29T19:29:39.669141+00:00
https://nrs.objectstore.gov.bc.ca/gdwuts/082/082g/2025/dem/bc_082g023_1_3_3_xli1m_utm11_20250729_20250729.tif,200,True,,2026-08-29T19:29:39.679389+00:00
https://nrs.objectstore.gov.bc.ca/gdwuts/082/082g/2025/dem/bc_082g023_1_3_4_xli1m_utm11_20250729_20250729.tif,200,True,,2026-08-29T19:29:39.694277+00:00
https://nrs.objectstore.gov.bc.ca/gdwuts/082/082g/2025/dem/bc_082g023_1_4_1_xli1m_utm11_20250729_20250729.tif,200,True,,2026-08-29T19:29:39.712396+00:00
https://nrs.objectstore.gov.bc.ca/gdwuts/082/082g/2025/dem/bc_082g023_1_4_2_xli1m_utm11_20250729_20250729.tif,200,True,,2026-08-29T19:29:39.702356+00:00
https://nrs.objectstore.gov.bc.ca/gdwuts/082/082g/2025/dem/bc_082g023_1_4_3_xli1m_utm11_20250729_20250729.tif,200,True,,2026-08-29T19:29:39.722183+00:00
https://nrs.objectstore.gov.bc.ca/gdwuts/082/082g/2025/dem/bc_082g023_1_4_4_xli1m_utm11_20250729_20250729.tif,200,True,,2026-08-29T19:29:39.731347+00:00
https://nrs.objectstore.gov.bc.ca/gdwuts/082/082g/2025/dem/bc_082g023_2_1_1_xli1m_utm11_20250729_20250729.tif,200,True,,2026-08-29T19:29:39.765731+00:00
https://nrs.objectstore.gov.bc.ca/gdwuts/082/082g/2025/dem/bc_082g023_2_1_3_xli1m_utm11_20250729_20250729.tif,200,True,,2026-08-29T19:29:39.773137+00:00
https://nrs.objectstore.gov.bc.ca/gdwuts/082/082g/2025/dem/bc_082g023_3_1_1_xli1m_utm11_20250729_20250729.tif,200,True,,2026-08-29T19:29:39.787990+00:00
https://nrs.objectstore.gov.bc.ca/gdwuts/082/082g/2025/dem/bc_082g023_3_1_2_xli1m_utm11_20250729_20250729.tif,200,True,,2026-08-29T19:29:39.782131+00:00
https://nrs.objectstore.gov.bc.ca/gdwuts/082/082g/2025/dem/bc_082g023_3_1_3_xli1m_utm11_20250729_20250729.tif,200,True,,2026-08-29T19:29:39.805159+00:00
https://nrs.objectstore.gov.bc.ca/gdwuts/082/082g/2025/dem/bc_082g023_3_1_4_xli1m_utm11_20250729_20250729.tif,200,True,,2026-08-29T19:29:39.813150+00:00
https://nrs.objectstore.gov.bc.ca/gdwuts/082/082g/2025/dem/bc_082g023_3_2_1_xli1m_utm11_20250729_20250729.tif,200,True,,2026-08-29T19:29:39.832265+00:00
https://nrs.objectstore.gov.bc.ca/gdwuts/082/082g/2025/dem/bc_082g023_3_2_3_xli1m_utm11_20250729_20250729.tif,200,True,,2026-08-29T19:29:39.889570+00:00
https://nrs.objectstore.gov.bc.ca/gdwuts/082/082g/2025/dem/bc_082g023_3_3_1_xli1m_utm11_20250729_20250729.tif,200,True,,2026-08-29T19:29:39.905093+00:00
https://nrs.objectstore.gov.bc.ca/gdwuts/082/082g/2025/dem/bc_082g023_3_3_2_xli1m_utm11_20250729_20250729.tif,200,True,,2026-08-29T19:29:39.885743+00:00
https://nrs.objectstore.gov.bc.ca/gdwuts/082/082g/2025/dem/bc_082g023_3_3_3_xli1m_utm11_20250729_20250815.tif,200,True,,2026-08-29T19:29:39.873986+00:00
https://nrs.objectstore.gov.bc.ca/gdwuts/082/082g/2025/dem/bc_082g023_3_3_4_xli1m_utm11_20250729_20250729.tif,200,True,,2026-08-29T19:29:39.883146+00:00
https://nrs.objectstore.gov.bc.ca/gdwuts/082/082g/2025/dem/bc_082g023_3_4_1_xli1m_utm11_20250729_20250729.tif,200,True,,2026-08-29T19:29:39.918146+00:00
https://nrs.objectstore.gov.bc.ca/gdwuts/082/082g/2025/dem/bc_082g025_3_2_2_xli1m_utm11_20250929_20250929.tif,200,True,,2026-08-29T19:29:39.918612+00:00
https://nrs.objectstore.gov.bc.ca/gdwuts/082/082g/2025/dem/bc_082g031_1_1_1_xli1m_utm11_20250730_20250814.tif,200,True,,2026-08-29T19:29:39.912904+00:00
https://nrs.objectstore.gov.bc.ca/gdwuts/082/082g/2025/dem/bc_082g031_1_1_2_xli1m_utm11_20250730_20250927.tif,200,True,,2026-08-29T19:29:39.941238+00:00
https://nrs.objectstore.gov.bc.ca/gdwuts/082/082g/2025/dem/bc_082g031_1_1_3_xli1m_utm11_20250730_20250927.tif,200,True,,2026-08-29T19:29:39.987767+00:00
https://nrs.objectstore.gov.bc.ca/gdwuts/082/082g/2025/dem/bc_082g031_1_1_4_xli1m_utm11_20250730_20250928.tif,200,True,,2026-08-29T19:29:39.975148+00:00
https://nrs.objectstore.gov.bc.ca/gdwuts/082/082g/2025/dem/bc_082g031_1_2_1_xli1m_utm11_20250730_20250927.tif,200,True,,2026-08-29T19:29:39.971228+00:00
https://nrs.objectstore.gov.bc.ca/gdwuts/082/082g/2025/dem/bc_082g031_1_2_2_xli1m_utm11_20250730_20250928.tif,200,True,,2026-08-29T19:29:39.980381+00:00
https://nrs.objectstore.gov.bc.ca/gdwuts/082/082g/2025/dem/bc_082g031_1_2_3_xli1m_utm11_20250730_20250927.tif,200,True,,2026-08-29T19:29:40.006054+00:00
https://nrs.objectstore.gov.bc.ca/gdwuts/082/082g/2025/dem/bc_082g031_1_2_4_xli1m_utm11_20250730_20250730.tif,200,True,,2026-08-29T19:29:40.031152+00:00
https://nrs.objectstore.gov.bc.ca/gdwuts/082/082g/2025/dem/bc_082g031_1_3_1_xli1m_utm11_20250730_20250927.tif,200,True,,2026-08-29T19:29:40.012555+00:00
https://nrs.objectstore.gov.bc.ca/gdwuts/082/082g/2025/dem/bc_082g031_1_3_2_xli1m_utm11_20250730_20250928.tif,200,True,,2026-08-29T19:29:40.083191+00:00
https://nrs.objectstore.gov.bc.ca/gdwuts/082/082g/2025/dem/bc_082g031_1_3_3_xli1m_utm11_20250730_20250927.tif,200,True,,2026-08-29T19:29:40.076650+00:00
https://nrs.objectstore.gov.bc.ca/gdwuts/082/082g/2025/dem/bc_082g031_1_3_4_xli1m_utm11_20250730_20250928.tif,200,True,,2026-08-29T19:29:40.089912+00:00
https://nrs.objectstore.gov.bc.ca/gdwuts/082/082g/2025/dem/bc_082g031_1_4_1_xli1m_utm11_20250730_20250928.tif,200,True,,2026-08-29T19:29:40.079387+00:00
https://nrs.objectstore.gov.bc.ca/gdwuts/082/082g/2025/dem/bc_082g031_1_4_2_xli1m_utm11_20250729_20250814.tif,200,True,,2026-08-29T19:29:40.121575+00:00
https://nrs.objectstore.gov.bc.ca/gdwuts/082/082g/2025/dem/bc_082g031_1_4_3_xli1m_utm11_20250730_20250928.tif,200,True,,2026-08-29T19:29:40.140108+00:00
https://nrs.objectstore.gov.bc.ca/gdwuts/082/082g/2025/dem/bc_082g031_1_4_4_xli1m_utm11_20250729_20250928.tif,200,True,,2026-08-29T19:29:40.110688+00:00
https://nrs.objectstore.gov.bc.ca/gdwuts/082/082g/2025/dem/bc_082g031_2_1_1_xli1m_utm11_20250729_20250928.tif,200,True,,2026-08-29T19:29:40.108257+00:00
https://nrs.objectstore.gov.bc.ca/gdwuts/082/082g/2025/dem/bc_082g031_2_1_3_xli1m_utm11_20250729_20250928.tif,200,True,,2026-08-29T19:29:40.167236+00:00
https://nrs.objectstore.gov.bc.ca/gdwuts/082/082g/2025/dem/bc_082g031_3_1_1_xli1m_utm11_20250730_20250927.tif,200,True,,2026-08-29T19:29:40.173351+00:00
https://nrs.objectstore.gov.bc.ca/gdwuts/082/082g/2025/dem/bc_082g031_3_1_2_xli1m_utm11_20250730_20250814.tif,200,True,,2026-08-29T19:29:40.181203+00:00
https://nrs.objectstore.gov.bc.ca/gdwuts/082/082g/2025/dem/bc_082g031_3_1_3_xli1m_utm11_20250730_20250927.tif,200,True,,2026-08-29T19:29:40.188589+00:00
https://nrs.objectstore.gov.bc.ca/gdwuts/082/082g/2025/dem/bc_082g031_3_1_4_xli1m_utm11_20250730_20250814.tif,200,True,,2026-08-29T19:29:40.201187+00:00
https://nrs.objectstore.gov.bc.ca/gdwuts/082/082g/2025/dem/bc_082g031_3_2_1_xli1m_utm11_20250730_20250928.tif,200,True,,2026-08-29T19:29:40.196764+00:00
https://nrs.objectstore.gov.bc.ca/gdwuts/082/082g/2025/dem/bc_082g031_3_2_2_xli1m_utm11_20250729_20250928.tif,200,True,,2026-08-29T19:29:40.204239+00:00
https://nrs.objectstore.gov.bc.ca/gdwuts/082/082g/2025/dem/bc_082g031_3_2_3_xli1m_utm11_20250729_20250928.tif,200,True,,2026-08-29T19:29:40.213163+00:00
https://nrs.objectstore.gov.bc.ca/gdwuts/082/082g/2025/dem/bc_082g031_3_2_4_xli1m_utm11_20250729_20250928.tif,200,True,,2026-08-29T19:29:40.286283+00:00
https://nrs.objectstore.gov.bc.ca/gdwuts/082/082g/2025/dem/bc_082g031_3_3_1_xli1m_utm11_20250730_20250814.tif,200,True,,2026-08-29T19:29:40.281173+00:00
https://nrs.objectstore.gov.bc.ca/gdwuts/082/082g/2025/dem/bc_082g031_3_3_2_xli1m_utm11_20250730_20250814.tif,200,True,,2026-08-29T19:29:40.294994+00:00
https://nrs.objectstore.gov.bc.ca/gdwuts/082/082g/2025/dem/bc_082g031_3_3_3_xli1m_utm11_20250730_20250814.tif,200,True,,2026-08-29T19:29:40.278420+00:00
https://nrs.objectstore.gov.bc.ca/gdwuts/082/082g/2025/dem/bc_082g031_3_3_4_xli1m_utm11_20250729_20250814.tif,200,True,,2026-08-29T19:29:40.326411+00:00
https://nrs.objectstore.gov.bc.ca/gdwuts/082/082g/2025/dem/bc_082g031_3_4_1_xli1m_utm11_20250729_20250814.tif,200,True,,2026-08-29T19:29:40.320419+00:00
https://nrs.objectstore.gov.bc.ca/gdwuts/082/082g/2025/dem/bc_082g031_3_4_2_xli1m_utm11_20250729_20250928.tif,200,True,,2026-08-29T19:29:40.315867+00:00
https://nrs.objectstore.gov.bc.ca/gdwuts/082/082g/2025/dem/bc_082g031_3_4_3_xli1m_utm11_20250729_20250814.tif,200,True,,2026-08-29T19:29:40.329202+00:00
https://nrs.objectstore.gov.bc.ca/gdwuts/082/082g/2025/dem/bc_082g031_3_4_4_xli1m_utm11_20250729_20250928.tif,200,True,,2026-08-29T19:29:40.380158+00:00
https://nrs.objectstore.gov.bc.ca/gdwuts/082/082g/2025/dem/bc_082g032_1_1_2_xli1m_utm11_20250729_20250815.tif,200,True,,2026-08-29T19:29:40.359218+00:00
https://nrs.objectstore.gov.bc.ca/gdwuts/082/082g/2025/dem/bc_082g032_1_1_4_xli1m_utm11_20250729_20250815.tif,200,True,,2026-08-29T19:29:40.368195+00:00
https://nrs.objectstore.gov.bc.ca/gdwuts/082/082g/2025/dem/bc_082g032_1_2_1_xli1m_utm11_20250729_20250815.tif,200,True,,2026-08-29T19:29:40.391121+00:00
https://nrs.objectstore.gov.bc.ca/gdwuts/082/082g/2025/dem/bc_082g032_1_2_2_xli1m_utm11_20250729_20250815.tif,200,True,,2026-08-29T19:29:40.425161+00:00
https://nrs.objectstore.gov.bc.ca/gdwuts/082/082g/2025/dem/bc_082g032_1_2_3_xli1m_utm11_20250729_20250815.tif,200,True,,2026-08-29T19:29:40.417278+00:00
https://nrs.objectstore.gov.bc.ca/gdwuts/082/082g/2025/dem/bc_082g032_1_2_4_xli1m_utm11_20250729_20250815.tif,200,True,,2026-08-29T19:29:40.396869+00:00
https://nrs.objectstore.gov.bc.ca/gdwuts/082/082g/2025/dem/bc_082g032_1_3_2_xli1m_utm11_20250729_20250815.tif,200,True,,2026-08-29T19:29:40.434878+00:00
https://nrs.objectstore.gov.bc.ca/gdwuts/082/082g/2025/dem/bc_082g032_1_3_4_xli1m_utm11_20250729_20250815.tif,200,True,,2026-08-29T19:29:40.457526+00:00
https://nrs.objectstore.gov.bc.ca/gdwuts/082/082g/2025/dem/bc_082g032_1_4_1_xli1m_utm11_20250729_20250815.tif,200,True,,2026-08-29T19:29:40.461178+00:00
https://nrs.objectstore.gov.bc.ca/gdwuts/082/082g/2025/dem/bc_082g032_1_4_2_xli1m_utm11_20250729_20250815.tif,200,True,,2026-08-29T19:29:40.484170+00:00
https://nrs.objectstore.gov.bc.ca/gdwuts/082/082g/2025/dem/bc_082g032_1_4_3_xli1m_utm11_20250729_20250815.tif,200,True,,2026-08-29T19:29:40.488211+00:00
https://nrs.objectstore.gov.bc.ca/gdwuts/082/082g/2025/dem/bc_082g032_1_4_4_xli1m_utm11_20250729_20250815.tif,200,True,,2026-08-29T19:29:40.534341+00:00
https://nrs.objectstore.gov.bc.ca/gdwuts/082/082g/2025/dem/bc_082g032_2_1_1_xli1m_utm11_20250729_20250815.tif,200,True,,2026-08-29T19:29:40.522257+00:00
https://nrs.objectstore.gov.bc.ca/gdwuts/082/082g/2025/dem/bc_082g032_2_1_2_xli1m_utm11_20250729_20250815.tif,200,True,,2026-08-29T19:29:40.501676+00:00
https://nrs.objectstore.gov.bc.ca/gdwuts/082/082g/2025/dem/bc_082g032_2_1_3_xli1m_utm11_20250729_20250815.tif,200,True,,2026-08-29T19:29:40.530184+00:00
https://nrs.objectstore.gov.bc.ca/gdwuts/082/082g/2025/dem/bc_082g032_2_1_4_xli1m_utm11_20250729_20250815.tif,200,True,,2026-08-29T19:29:40.598154+00:00
https://nrs.objectstore.gov.bc.ca/gdwuts/082/082g/2025/dem/bc_082g032_2_2_1_xli1m_utm11_20250729_20250815.tif,200,True,,2026-08-29T19:29:40.551569+00:00
https://nrs.objectstore.gov.bc.ca/gdwuts/082/082g/2025/dem/bc_082g032_2_2_2_xli1m_utm11_20250729_20250815.tif,200,True,,2026-08-29T19:29:40.583250+00:00
https://nrs.objectstore.gov.bc.ca/gdwuts/082/082g/2025/dem/bc_082g032_2_2_3_xli1m_utm11_20250729_20250815.tif,200,True,,2026-08-29T19:29:40.627172+00:00
https://nrs.objectstore.gov.bc.ca/gdwuts/082/082g/2025/dem/bc_082g032_2_2_4_xli1m_utm11_20250729_20250815.tif,200,True,,2026-08-29T19:29:40.593547+00:00
https://nrs.objectstore.gov.bc.ca/gdwuts/082/082g/2025/dem/bc_082g032_2_3_1_xli1m_utm11_20250729_20250815.tif,200,True,,2026-08-29T19:29:40.619486+00:00
https://nrs.objectstore.gov.bc.ca/gdwuts/082/082g/2025/dem/bc_082g032_2_3_2_xli1m_utm11_20250729_20250815.tif,200,True,,2026-08-29T19:29:40.613205+00:00
https://nrs.objectstore.gov.bc.ca/gdwuts/082/082g/2025/dem/bc_082g032_2_3_3_xli1m_utm11_20250729_20250815.tif,200,True,,2026-08-29T19:29:40.658239+00:00
https://nrs.objectstore.gov.bc.ca/gdwuts/082/082g/2025/dem/bc_082g032_2_3_4_xli1m_utm11_20250729_20250729.tif,200,True,,2026-08-29T19:29:40.645206+00:00
https://nrs.objectstore.gov.bc.ca/gdwuts/082/082g/2025/dem/bc_082g032_2_4_1_xli1m_utm11_20250729_20250815.tif,200,True,,2026-08-29T19:29:40.701984+00:00
https://nrs.objectstore.gov.bc.ca/gdwuts/082/082g/2025/dem/bc_082g032_2_4_2_xli1m_utm11_20250729_20250815.tif,200,True,,2026-08-29T19:29:40.663155+00:00
https://nrs.objectstore.gov.bc.ca/gdwuts/082/082g/2025/dem/bc_082g032_2_4_3_xli1m_utm11_20250729_20250815.tif,200,True,,2026-08-29T19:29:40.677195+00:00
https://nrs.objectstore.gov.bc.ca/gdwuts/082/082g/2025/dem/bc_082g032_2_4_4_xli1m_utm11_20250729_20250815.tif,200,True,,2026-08-29T19:29:40.693947+00:00
https://nrs.objectstore.gov.bc.ca/gdwuts/082/082g/2025/dem/bc_082g032_3_2_1_xli1m_utm11_20250729_20250815.tif,200,True,,2026-08-29T19:29:40.732199+00:00
https://nrs.objectstore.gov.bc.ca/gdwuts/082/082g/2025/dem/bc_082g032_3_2_2_xli1m_utm11_20250729_20250815.tif,200,True,,2026-08-29T19:29:40.728238+00:00
https://nrs.objectstore.gov.bc.ca/gdwuts/082/082g/2025/dem/bc_082g032_3_2_3_xli1m_utm11_20250729_20250815.tif,200,True,,2026-08-29T19:29:40.739477+00:00
https://nrs.objectstore.gov.bc.ca/gdwuts/082/082g/2025/dem/bc_082g032_3_2_4_xli1m_utm11_20250729_20250815.tif,200,True,,2026-08-29T19:29:40.737349+00:00
https://nrs.objectstore.gov.bc.ca/gdwuts/082/082g/2025/dem/bc_082g032_3_4_1_xli1m_utm11_20250729_20250815.tif,200,True,,2026-08-29T19:29:40.767582+00:00
https://nrs.objectstore.gov.bc.ca/gdwuts/082/082g/2025/dem/bc_082g032_3_4_2_xli1m_utm11_20250729_20250815.tif,200,True,,2026-08-29T19:29:40.772151+00:00
https://nrs.objectstore.gov.bc.ca/gdwuts/082/082g/2025/dem/bc_082g032_3_4_3_xli1m_utm11_20250729_20250815.tif,200,True,,2026-08-29T19:29:40.774331+00:00
https://nrs.objectstore.gov.bc.ca/gdwuts/082/082g/2025/dem/bc_082g032_3_4_4_xli1m_utm11_20250729_20250815.tif,200,True,,2026-08-29T19:29:40.800121+00:00
https://nrs.objectstore.gov.bc.ca/gdwuts/082/082g/2025/dem/bc_082g032_4_1_1_xli1m_utm11_20250729_20250815.tif,200,True,,2026-08-29T19:29:40.822160+00:00
https://nrs.objectstore.gov.bc.ca/gdwuts/082/082g/2025/dem/bc_082g032_4_1_2_xli1m_utm11_20250729_20250815.tif,200,True,,2026-08-29T19:29:40.839195+00:00
https://nrs.objectstore.gov.bc.ca/gdwuts/082/082g/2025/dem/bc_082g032_4_1_3_xli1m_utm11_20250729_20250815.tif,200,True,,2026-08-29T19:29:40.818221+00:00
https://nrs.objectstore.gov.bc.ca/gdwuts/082/082g/2025/dem/bc_082g032_4_1_4_xli1m_utm11_20250729_20250815.tif,200,True,,2026-08-29T19:29:40.849230+00:00
https://nrs.objectstore.gov.bc.ca/gdwuts/082/082g/2025/dem/bc_082g032_4_2_1_xli1m_utm11_20250729_20250815.tif,200,True,,2026-08-29T19:29:40.878113+00:00
https://nrs.objectstore.gov.bc.ca/gdwuts/082/082g/2025/dem/bc_082g032_4_2_2_xli1m_utm11_20250729_20250815.tif,200,True,,2026-08-29T19:29:40.846158+00:00
https://nrs.objectstore.gov.bc.ca/gdwuts/082/082g/2025/dem/bc_082g032_4_2_3_xli1m_utm11_20250729_20250729.tif,200,True,,2026-08-29T19:29:40.886113+00:00
https://nrs.objectstore.gov.bc.ca/gdwuts/082/082g/2025/dem/bc_082g032_4_2_4_xli1m_utm11_20250729_20250815.tif,200,True,,2026-08-29T19:29:40.924087+00:00
https://nrs.objectstore.gov.bc.ca/gdwuts/082/082g/2025/dem/bc_082g032_4_3_1_xli1m_utm11_20250729_20250815.tif,200,True,,2026-08-29T19:29:40.907192+00:00
https://nrs.objectstore.gov.bc.ca/gdwuts/082/082g/2025/dem/bc_082g032_4_3_2_xli1m_utm11_20250729_20250815.tif,200,True,,2026-08-29T19:29:40.931061+00:00
https://nrs.objectstore.gov.bc.ca/gdwuts/082/082g/2025/dem/bc_082g032_4_3_3_xli1m_utm11_20250729_20250815.tif,200,True,,2026-08-29T19:29:40.955283+00:00
https://nrs.objectstore.gov.bc.ca/gdwuts/082/082g/2025/dem/bc_082g032_4_3_4_xli1m_utm11_20250729_20250815.tif,200,True,,2026-08-29T19:29:40.921277+00:00
https://nrs.objectstore.gov.bc.ca/gdwuts/082/082g/2025/dem/bc_082g032_4_4_1_xli1m_utm11_20250729_20250729.tif,200,True,,2026-08-29T19:29:40.997421+00:00
https://nrs.objectstore.gov.bc.ca/gdwuts/082/082g/2025/dem/bc_082g032_4_4_3_xli1m_utm11_20250729_20250729.tif,200,True,,2026-08-29T19:29:41.015272+00:00
https://nrs.objectstore.gov.bc.ca/gdwuts/082/082g/2025/dem/bc_082g033_1_1_1_xli1m_utm11_20250729_20250815.tif,200,True,,2026-08-29T19:29:40.995036+00:00
https://nrs.objectstore.gov.bc.ca/gdwuts/082/082g/2025/dem/bc_082g033_1_1_2_xli1m_utm11_20250729_20250815.tif,200,True,,2026-08-29T19:29:40.992629+00:00
https://nrs.objectstore.gov.bc.ca/gdwuts/082/082g/2025/dem/bc_082g033_1_1_3_xli1m_utm11_20250729_20250815.tif,200,True,,2026-08-29T19:29:41.058181+00:00
https://nrs.objectstore.gov.bc.ca/gdwuts/082/082g/2025/dem/bc_082g033_1_1_4_xli1m_utm11_20250729_20250815.tif,200,True,,2026-08-29T19:29:41.007765+00:00
https://nrs.objectstore.gov.bc.ca/gdwuts/082/082g/2025/dem/bc_082g033_1_3_1_xli1m_utm11_20250729_20250815.tif,200,True,,2026-08-29T19:29:41.030082+00:00
https://nrs.objectstore.gov.bc.ca/gdwuts/082/082g/2025/dem/bc_082g033_1_3_3_xli1m_utm11_20250729_20250815.tif,200,True,,2026-08-29T19:29:41.043164+00:00
https://nrs.objectstore.gov.bc.ca/gdwuts/082/082g/2025/dem/bc_082g041_1_1_1_xli1m_utm11_20250730_20250730.tif,200,True,,2026-08-29T19:29:41.033162+00:00
https://nrs.objectstore.gov.bc.ca/gdwuts/082/082g/2025/dem/bc_082g041_1_1_2_xli1m_utm11_20250729_20250814.tif,200,True,,2026-08-29T19:29:41.099157+00:00
https://nrs.objectstore.gov.bc.ca/gdwuts/082/082g/2025/dem/bc_082g041_1_1_3_xli1m_utm11_20250730_20250730.tif,200,True,,2026-08-29T19:29:41.071084+00:00
https://nrs.objectstore.gov.bc.ca/gdwuts/082/082g/2025/dem/bc_082g041_1_1_4_xli1m_utm11_20250729_20250814.tif,200,True,,2026-08-29T19:29:41.085206+00:00
https://nrs.objectstore.gov.bc.ca/gdwuts/082/082g/2025/dem/bc_082g041_1_3_1_xli1m_utm11_20250729_20250927.tif,200,True,,2026-08-29T19:29:41.110185+00:00
https://nrs.objectstore.gov.bc.ca/gdwuts/082/082g/2025/dem/bc_082g041_1_3_2_xli1m_utm11_20250729_20250814.tif,200,True,,2026-08-29T19:29:41.119282+00:00
https://nrs.objectstore.gov.bc.ca/gdwuts/082/082g/2025/dem/bc_082g041_1_3_3_xli1m_utm11_20250729_20250927.tif,200,True,,2026-08-29T19:29:41.127873+00:00
https://nrs.objectstore.gov.bc.ca/gdwuts/082/082g/2025/dem/bc_082g041_1_3_4_xli1m_utm11_20250729_20250927.tif,200,True,,2026-08-29T19:29:41.151236+00:00
https://nrs.objectstore.gov.bc.ca/gdwuts/082/082g/2025/dem/bc_082g041_3_1_1_xli1m_utm11_20250729_20250927.tif,200,True,,2026-08-29T19:29:41.195412+00:00
https://nrs.objectstore.gov.bc.ca/gdwuts/082/082g/2025/dem/bc_082g041_3_1_2_xli1m_utm11_20250729_20250927.tif,200,True,,2026-08-29T19:29:41.171854+00:00
https://nrs.objectstore.gov.bc.ca/gdwuts/082/082g/2025/dem/bc_082g041_3_1_4_xli1m_utm11_20250729_20250927.tif,200,True,,2026-08-29T19:29:41.183610+00:00
https://nrs.objectstore.gov.bc.ca/gdwuts/082/082g/2025/dem/bc_082g041_3_3_2_xli1m_utm11_20250927_20250927.tif,200,True,,2026-08-29T19:29:41.240057+00:00
https://nrs.objectstore.gov.bc.ca/gdwuts/082/082g/2025/dem/bc_082g042_1_2_1_xli1m_utm11_20250729_20250815.tif,200,True,,2026-08-29T19:29:41.207186+00:00
https://nrs.objectstore.gov.bc.ca/gdwuts/082/082g/2025/dem/bc_082g042_1_2_2_xli1m_utm11_20250729_20250815.tif,200,True,,2026-08-29T19:29:41.229179+00:00
https://nrs.objectstore.gov.bc.ca/gdwuts/082/082g/2025/dem/bc_082g042_2_1_1_xli1m_utm11_20250729_20250815.tif,200,True,,2026-08-29T19:29:41.220229+00:00
https://nrs.objectstore.gov.bc.ca/gdwuts/082/082g/2025/dem/bc_082g042_2_1_2_xli1m_utm11_20250729_20250729.tif,200,True,,2026-08-29T19:29:41.270270+00:00
https://nrs.objectstore.gov.bc.ca/gdwuts/082/082g/2025/dem/bc_082g042_2_2_1_xli1m_utm11_20250729_20250729.tif,200,True,,2026-08-29T19:29:41.262259+00:00
https://nrs.objectstore.gov.bc.ca/gdwuts/082/082g/2025/dem/bc_082g042_4_2_2_xli1m_utm11_20250927_20250927.tif,200,True,,2026-08-29T19:29:41.325141+00:00
https://nrs.objectstore.gov.bc.ca/gdwuts/082/082g/2025/dem/bc_082g042_4_2_4_xli1m_utm11_20250927_20250927.tif,200,True,,2026-08-29T19:29:41.285153+00:00
https://nrs.objectstore.gov.bc.ca/gdwuts/082/082g/2025/dem/bc_082g042_4_4_2_xli1m_utm11_20250927_20250927.tif,200,True,,2026-08-29T19:29:41.336986+00:00
https://nrs.objectstore.gov.bc.ca/gdwuts/082/082g/2025/dem/bc_082g042_4_4_3_xli1m_utm11_20250927_20250927.tif,200,True,,2026-08-29T19:29:41.336546+00:00
https://nrs.objectstore.gov.bc.ca/gdwuts/092/092l/2023/dem/bc_092l041_3_1_1_xli1m_utm9_20231028_20231028.tif,200,True,,2026-08-29T19:29:41.343098+00:00
https://nrs.objectstore.gov.bc.ca/gdwuts/092/092l/2023/dem/bc_092l041_3_1_2_xli1m_utm9_20231028_20231028.tif,200,True,,2026-08-29T19:29:41.331134+00:00
https://nrs.objectstore.gov.bc.ca/gdwuts/092/092l/2023/dem/bc_092l041_3_1_3_xli1m_utm9_20231028_20231028.tif,200,True,,2026-08-29T19:29:41.339229+00:00
https://nrs.objectstore.gov.bc.ca/gdwuts/092/092l/2023/dem/bc_092l041_3_3_1_xli1m_utm9_20231028_20231030.tif,200,True,,2026-08-29T19:29:41.363526+00:00
https://nrs.objectstore.gov.bc.ca/gdwuts/092/092l/2023/dem/bc_092l041_3_3_3_xli1m_utm9_20231028_20231030.tif,200,True,,2026-08-29T19:29:41.361159+00:00
https://nrs.objectstore.gov.bc.ca/gdwuts/092/092l/2023/dem/bc_092l041_3_4_1_xli1m_utm9_20231028_20231030.tif,200,True,,2026-08-29T19:29:41.375111+00:00
https://nrs.objectstore.gov.bc.ca/gdwuts/092/092l/2023/dem/bc_092l041_3_4_2_xli1m_utm9_20231028_20231028.tif,200,True,,2026-08-29T19:29:41.400425+00:00
https://nrs.objectstore.gov.bc.ca/gdwuts/092/092l/2023/dem/bc_092l041_4_3_1_xli1m_utm9_20231028_20231028.tif,200,True,,2026-08-29T19:29:41.405221+00:00
https://nrs.objectstore.gov.bc.ca/gdwuts/092/092l/2023/dem/bc_092l041_4_3_2_xli1m_utm9_20231028_20231028.tif,200,True,,2026-08-29T19:29:41.417160+00:00
https://nrs.objectstore.gov.bc.ca/gdwuts/092/092l/2023/dem/bc_092l041_4_4_1_xli1m_utm9_20231028_20231028.tif,200,True,,2026-08-29T19:29:41.421913+00:00
https://nrs.objectstore.gov.bc.ca/gdwuts/092/092l/2023/dem/bc_092l041_4_4_2_xli1m_utm9_20231028_20231028.tif,200,True,,2026-08-29T19:29:41.443170+00:00
https://nrs.objectstore.gov.bc.ca/gdwuts/092/092l/2023/dem/bc_092l042_3_3_3_xli1m_utm9_20231028_20231028.tif,200,True,,2026-08-29T19:29:41.445479+00:00
https://nrs.objectstore.gov.bc.ca/gdwuts/092/092l/2023/dem/bc_092l042_3_3_4_xli1m_utm9_20231028_20231028.tif,200,True,,2026-08-29T19:29:41.453533+00:00
https://nrs.objectstore.gov.bc.ca/gdwuts/092/092l/2023/dem/bc_092l042_4_4_3_xli1m_utm9_20231028_20231030.tif,200,True,,2026-08-29T19:29:41.484153+00:00
https://nrs.objectstore.gov.bc.ca/gdwuts/092/092l/2023/dem/bc_092l052_1_1_2_xli1m_utm9_20231028_20231028.tif,200,True,,2026-08-29T19:29:41.509581+00:00
https://nrs.objectstore.gov.bc.ca/gdwuts/092/092l/2023/dem/bc_092l052_2_1_2_xli1m_utm9_20231028_20231030.tif,200,True,,2026-08-29T19:29:41.587153+00:00
https://nrs.objectstore.gov.bc.ca/gdwuts/092/092l/2023/dem/bc_092l052_2_1_4_xli1m_utm9_20231027_20231030.tif,200,True,,2026-08-29T19:29:41.561004+00:00
https://nrs.objectstore.gov.bc.ca/gdwuts/092/092l/2023/dem/bc_092l052_2_2_1_xli1m_utm9_20231027_20231030.tif,200,True,,2026-08-29T19:29:41.557290+00:00
https://nrs.objectstore.gov.bc.ca/gdwuts/092/092l/2023/dem/bc_092l052_2_2_2_xli1m_utm9_20231027_20231028.tif,200,True,,2026-08-29T19:29:41.526184+00:00
https://nrs.objectstore.gov.bc.ca/gdwuts/092/092l/2023/dem/bc_092l052_2_2_3_xli1m_utm9_20231027_20231030.tif,200,True,,2026-08-29T19:29:41.621739+00:00
https://nrs.objectstore.gov.bc.ca/gdwuts/092/092l/2023/dem/bc_092l054_3_4_3_xli1m_utm9_20231031_20240316.tif,200,True,,2026-08-29T19:29:41.599200+00:00
https://nrs.objectstore.gov.bc.ca/gdwuts/092/092l/2023/dem/bc_092l054_3_4_4_xli1m_utm9_20231031_20240316.tif,200,True,,2026-08-29T19:29:41.581295+00:00
https://nrs.objectstore.gov.bc.ca/gdwuts/092/092l/2023/dem/bc_092l054_4_1_4_xli1m_utm9_20231031_20240316.tif,200,True,,2026-08-29T19:29:41.641135+00:00
https://nrs.objectstore.gov.bc.ca/gdwuts/092/092l/2023/dem/bc_092l054_4_2_2_xli1m_utm9_20231031_20240316.tif,200,True,,2026-08-29T19:29:41.617226+00:00
https://nrs.objectstore.gov.bc.ca/gdwuts/092/092l/2023/dem/bc_092l054_4_2_3_xli1m_utm9_20231031_20240316.tif,200,True,,2026-08-29T19:29:41.604144+00:00
https://nrs.objectstore.gov.bc.ca/gdwuts/092/092l/2023/dem/bc_092l054_4_3_1_xli1m_utm9_20231031_20240316.tif,200,True,,2026-08-29T19:29:41.641537+00:00
https://nrs.objectstore.gov.bc.ca/gdwuts/092/092l/2023/dem/bc_092l055_1_3_4_xli1m_utm9_20231031_20240316.tif,200,True,,2026-08-29T19:29:41.673661+00:00
https://nrs.objectstore.gov.bc.ca/gdwuts/092/092l/2023/dem/bc_092l055_1_4_1_xli1m_utm9_20231031_20240316.tif,200,True,,2026-08-29T19:29:41.633345+00:00
https://nrs.objectstore.gov.bc.ca/gdwuts/092/092l/2023/dem/bc_092l055_1_4_2_xli1m_utm9_20231031_20240316.tif,200,True,,2026-08-29T19:29:41.665245+00:00
https://nrs.objectstore.gov.bc.ca/gdwuts/092/092l/2023/dem/bc_092l055_3_1_1_xli1m_utm9_20231031_20240316.tif,200,True,,2026-08-29T19:29:41.712167+00:00
https://nrs.objectstore.gov.bc.ca/gdwuts/092/092l/2023/dem/bc_092l061_1_1_1_xli1m_utm9_20231028_20231030.tif,200,True,,2026-08-29T19:29:41.692089+00:00
https://nrs.objectstore.gov.bc.ca/gdwuts/092/092l/2023/dem/bc_092l062_4_3_4_xli1m_utm9_20231031_20240316.tif,200,True,,2026-08-29T19:29:41.704173+00:00
https://nrs.objectstore.gov.bc.ca/gdwuts/092/092l/2023/dem/bc_092l062_4_4_1_xli1m_utm9_20231031_20240316.tif,200,True,,2026-08-29T19:29:41.725186+00:00
https://nrs.objectstore.gov.bc.ca/gdwuts/092/092l/2023/dem/bc_092l062_4_4_2_xli1m_utm9_20231031_20240316.tif,200,True,,2026-08-29T19:29:41.719403+00:00
https://nrs.objectstore.gov.bc.ca/gdwuts/092/092l/2023/dem/bc_092l062_4_4_3_xli1m_utm9_20231031_20240316.tif,200,True,,2026-08-29T19:29:41.776218+00:00
https://nrs.objectstore.gov.bc.ca/gdwuts/092/092l/2023/dem/bc_092l063_2_2_4_xli1m_utm9_20231031_20240316.tif,200,True,,2026-08-29T19:29:41.759263+00:00
https://nrs.objectstore.gov.bc.ca/gdwuts/092/092l/2023/dem/bc_092l063_2_3_2_xli1m_utm9_20231031_20240316.tif,200,True,,2026-08-29T19:29:41.819160+00:00
https://nrs.objectstore.gov.bc.ca/gdwuts/092/092l/2023/dem/bc_092l063_2_3_3_xli1m_utm9_20231031_20240316.tif,200,True,,2026-08-29T19:29:41.791407+00:00
https://nrs.objectstore.gov.bc.ca/gdwuts/092/092l/2023/dem/bc_092l063_2_4_1_xli1m_utm9_20231031_20240316.tif,200,True,,2026-08-29T19:29:41.843768+00:00
https://nrs.objectstore.gov.bc.ca/gdwuts/092/092l/2023/dem/bc_092l063_3_1_3_xli1m_utm9_20231031_20240316.tif,200,True,,2026-08-29T19:29:41.913142+00:00
https://nrs.objectstore.gov.bc.ca/gdwuts/092/092l/2023/dem/bc_092l063_3_1_4_xli1m_utm9_20231031_20240316.tif,200,True,,2026-08-29T19:29:41.839377+00:00
https://nrs.objectstore.gov.bc.ca/gdwuts/092/092l/2023/dem/bc_092l063_3_2_1_xli1m_utm9_20231031_20240316.tif,200,True,,2026-08-29T19:29:41.837492+00:00
https://nrs.objectstore.gov.bc.ca/gdwuts/092/092l/2023/dem/bc_092l064_1_1_1_xli1m_utm9_20231031_20240316.tif,200,True,,2026-08-29T19:29:41.860598+00:00
https://nrs.objectstore.gov.bc.ca/gdwuts/092/092l/2023/dem/bc_092l064_1_1_2_xli1m_utm9_20231031_20240316.tif,200,True,,2026-08-29T19:29:41.875495+00:00
https://nrs.objectstore.gov.bc.ca/gdwuts/092/092l/2023/dem/bc_092l064_2_4_4_xli1m_utm9_20231031_20231031.tif,200,True,,2026-08-29T19:29:41.884152+00:00
https://nrs.objectstore.gov.bc.ca/gdwuts/092/092l/2023/dem/bc_092l064_3_3_4_xli1m_utm9_20231030_20231031.tif,200,True,,2026-08-29T19:29:41.900465+00:00
https://nrs.objectstore.gov.bc.ca/gdwuts/092/092l/2023/dem/bc_092l064_3_4_1_xli1m_utm9_20231031_20231031.tif,200,True,,2026-08-29T19:29:41.921129+00:00
https://nrs.objectstore.gov.bc.ca/gdwuts/092/092l/2023/dem/bc_092l064_3_4_2_xli1m_utm9_20231031_20231031.tif,200,True,,2026-08-29T19:29:41.915140+00:00
https://nrs.objectstore.gov.bc.ca/gdwuts/092/092l/2023/dem/bc_092l064_3_4_3_xli1m_utm9_20231030_20231031.tif,200,True,,2026-08-29T19:29:41.922621+00:00
https://nrs.objectstore.gov.bc.ca/gdwuts/092/092l/2023/dem/bc_092l064_4_1_3_xli1m_utm9_20231031_20231031.tif,200,True,,2026-08-29T19:29:41.905214+00:00
https://nrs.objectstore.gov.bc.ca/gdwuts/092/092l/2023/dem/bc_092l064_4_1_4_xli1m_utm9_20231031_20231031.tif,200,True,,2026-08-29T19:29:41.943252+00:00
https://nrs.objectstore.gov.bc.ca/gdwuts/092/092l/2023/dem/bc_092l064_4_2_1_xli1m_utm9_20231031_20231031.tif,200,True,,2026-08-29T19:29:41.947123+00:00
https://nrs.objectstore.gov.bc.ca/gdwuts/092/092l/2023/dem/bc_092l064_4_3_1_xli1m_utm9_20231031_20231031.tif,200,True,,2026-08-29T19:29:41.954170+00:00
https://nrs.objectstore.gov.bc.ca/gdwuts/092/092l/2023/dem/bc_092l065_2_1_1_xli1m_utm9_20231031_20231031.tif,200,True,,2026-08-29T19:29:41.986234+00:00
https://nrs.objectstore.gov.bc.ca/gdwuts/092/092l/2023/dem/bc_092l071_2_4_3_xli1m_utm9_20231031_20240316.tif,200,True,,2026-08-29T19:29:42.010173+00:00
https://nrs.objectstore.gov.bc.ca/gdwuts/092/092l/2023/dem/bc_092l071_2_4_4_xli1m_utm9_20231031_20240316.tif,200,True,,2026-08-29T19:29:42.018151+00:00
https://nrs.objectstore.gov.bc.ca/gdwuts/092/092l/2023/dem/bc_092l071_3_2_4_xli1m_utm9_20231031_20240316.tif,200,True,,2026-08-29T19:29:42.028170+00:00
https://nrs.objectstore.gov.bc.ca/gdwuts/092/092l/2023/dem/bc_092l071_3_3_2_xli1m_utm9_20231031_20240316.tif,200,True,,2026-08-29T19:29:42.043172+00:00
https://nrs.objectstore.gov.bc.ca/gdwuts/092/092l/2023/dem/bc_092l071_3_3_3_xli1m_utm9_20231031_20240316.tif,200,True,,2026-08-29T19:29:42.060165+00:00
https://nrs.objectstore.gov.bc.ca/gdwuts/092/092l/2023/dem/bc_092l071_3_4_1_xli1m_utm9_20231031_20240316.tif,200,True,,2026-08-29T19:29:42.099906+00:00
https://nrs.objectstore.gov.bc.ca/gdwuts/092/092l/2023/dem/bc_092l071_4_1_1_xli1m_utm9_20231031_20240316.tif,200,True,,2026-08-29T19:29:42.124579+00:00
https://nrs.objectstore.gov.bc.ca/gdwuts/092/092l/2023/dem/bc_092l071_4_1_2_xli1m_utm9_20231031_20240316.tif,200,True,,2026-08-29T19:29:42.077693+00:00
https://nrs.objectstore.gov.bc.ca/gdwuts/092/092l/2023/dem/bc_092l071_4_1_3_xli1m_utm9_20231031_20240316.tif,200,True,,2026-08-29T19:29:42.182228+00:00
https://nrs.objectstore.gov.bc.ca/gdwuts/092/092l/2023/dem/bc_092l072_1_1_4_xli1m_utm9_20231031_20240316.tif,200,True,,2026-08-29T19:29:42.155139+00:00
https://nrs.objectstore.gov.bc.ca/gdwuts/092/092l/2023/dem/bc_092l072_1_2_2_xli1m_utm9_20231031_20240316.tif,200,True,,2026-08-29T19:29:42.115182+00:00
https://nrs.objectstore.gov.bc.ca/gdwuts/092/092l/2023/dem/bc_092l072_1_2_3_xli1m_utm9_20231031_20240316.tif,200,True,,2026-08-29T19:29:42.179585+00:00
https://nrs.objectstore.gov.bc.ca/gdwuts/092/092l/2023/dem/bc_092l072_1_3_1_xli1m_utm9_20231031_20240316.tif,200,True,,2026-08-29T19:29:42.175127+00:00
https://nrs.objectstore.gov.bc.ca/gdwuts/092/092l/2023/dem/bc_092l072_1_3_2_xli1m_utm9_20231031_20240316.tif,200,True,,2026-08-29T19:29:42.141648+00:00
https://nrs.objectstore.gov.bc.ca/gdwuts/092/092l/2023/dem/bc_092l072_2_1_1_xli1m_utm9_20231031_20240316.tif,200,True,,2026-08-29T19:29:42.147175+00:00
https://nrs.objectstore.gov.bc.ca/gdwuts/092/092l/2023/dem/bc_092l083_1_1_4_xli1m_utm9_20231030_20231030.tif,200,True,,2026-08-29T19:29:42.185945+00:00
https://nrs.objectstore.gov.bc.ca/gdwuts/092/092l/2023/dem/bc_092l083_1_2_1_xli1m_utm9_20231030_20231030.tif,200,True,,2026-08-29T19:29:42.197053+00:00
https://nrs.objectstore.gov.bc.ca/gdwuts/092/092l/2023/dem/bc_092l083_1_2_3_xli1m_utm9_20231030_20231030.tif,200,True,,2026-08-29T19:29:42.227432+00:00
https://nrs.objectstore.gov.bc.ca/gdwuts/092/092l/2023/dem/bc_092l083_1_2_4_xli1m_utm9_20231030_20231030.tif,200,True,,2026-08-29T19:29:42.219294+00:00
https://nrs.objectstore.gov.bc.ca/gdwuts/092/092l/2023/dem/bc_092l083_1_3_2_xli1m_utm9_20231030_20231030.tif,200,True,,2026-08-29T19:29:42.231189+00:00
https://nrs.objectstore.gov.bc.ca/gdwuts/092/092l/2023/dem/bc_092l083_1_4_1_xli1m_utm9_20231030_20231030.tif,200,True,,2026-08-29T19:29:42.247149+00:00
https://nrs.objectstore.gov.bc.ca/gdwuts/092/092l/2023/dem/bc_092l083_1_4_2_xli1m_utm9_20231030_20231030.tif,200,True,,2026-08-29T19:29:42.263155+00:00
https://nrs.objectstore.gov.bc.ca/gdwuts/092/092l/2023/dem/bc_092l083_1_4_3_xli1m_utm9_20231030_20231030.tif,200,True,,2026-08-29T19:29:42.286179+00:00
https://nrs.objectstore.gov.bc.ca/gdwuts/092/092l/2023/dem/bc_092l083_1_4_4_xli1m_utm9_20231030_20231030.tif,200,True,,2026-08-29T19:29:42.278737+00:00
https://nrs.objectstore.gov.bc.ca/gdwuts/092/092l/2023/dem/bc_092l083_2_1_1_xli1m_utm9_20231030_20231030.tif,200,True,,2026-08-29T19:29:42.298216+00:00
https://nrs.objectstore.gov.bc.ca/gdwuts/092/092l/2023/dem/bc_092l083_2_1_2_xli1m_utm9_20231030_20231030.tif,200,True,,2026-08-29T19:29:42.312341+00:00
https://nrs.objectstore.gov.bc.ca/gdwuts/092/092l/2023/dem/bc_092l083_2_1_3_xli1m_utm9_20231030_20231030.tif,200,True,,2026-08-29T19:29:42.319486+00:00
https://nrs.objectstore.gov.bc.ca/gdwuts/092/092l/2023/dem/bc_092l083_2_1_4_xli1m_utm9_20231030_20231030.tif,200,True,,2026-08-29T19:29:42.344282+00:00
https://nrs.objectstore.gov.bc.ca/gdwuts/092/092l/2023/dem/bc_092l083_2_3_1_xli1m_utm9_20231030_20231030.tif,200,True,,2026-08-29T19:29:42.386143+00:00
https://nrs.objectstore.gov.bc.ca/gdwuts/092/092l/2023/dem/bc_092l083_2_3_2_xli1m_utm9_20231030_20231030.tif,200,True,,2026-08-29T19:29:42.375277+00:00
https://nrs.objectstore.gov.bc.ca/gdwuts/092/092l/2023/dem/bc_092l083_3_1_2_xli1m_utm9_20231030_20231030.tif,200,True,,2026-08-29T19:29:42.431189+00:00
https://nrs.objectstore.gov.bc.ca/gdwuts/092/092l/2023/dem/bc_092l083_3_2_4_xli1m_utm9_20231030_20231030.tif,200,True,,2026-08-29T19:29:42.383320+00:00
https://nrs.objectstore.gov.bc.ca/gdwuts/092/092l/2023/dem/bc_092l083_3_3_3_xli1m_utm9_20231030_20231030.tif,200,True,,2026-08-29T19:29:42.422344+00:00
https://nrs.objectstore.gov.bc.ca/gdwuts/092/092l/2023/dem/bc_092l083_3_3_4_xli1m_utm9_20231030_20231030.tif,200,True,,2026-08-29T19:29:42.415165+00:00
https://nrs.objectstore.gov.bc.ca/gdwuts/092/092l/2023/dem/bc_092l083_3_4_1_xli1m_utm9_20231030_20231030.tif,200,True,,2026-08-29T19:29:42.478711+00:00
https://nrs.objectstore.gov.bc.ca/gdwuts/092/092l/2023/dem/bc_092l083_3_4_2_xli1m_utm9_20231030_20231030.tif,200,True,,2026-08-29T19:29:42.442129+00:00
https://nrs.objectstore.gov.bc.ca/gdwuts/092/092l/2023/dem/bc_092l083_3_4_3_xli1m_utm9_20231030_20231030.tif,200,True,,2026-08-29T19:29:42.483634+00:00
https://nrs.objectstore.gov.bc.ca/gdwuts/092/092l/2023/dem/bc_092l083_3_4_4_xli1m_utm9_20231030_20231030.tif,200,True,,2026-08-29T19:29:42.463212+00:00
https://nrs.objectstore.gov.bc.ca/gdwuts/092/092l/2023/dem/bc_092l083_4_1_3_xli1m_utm9_20231030_20231030.tif,200,True,,2026-08-29T19:29:42.490947+00:00
https://nrs.objectstore.gov.bc.ca/gdwuts/092/092l/2023/dem/bc_092l083_4_1_4_xli1m_utm9_20231030_20231030.tif,200,True,,2026-08-29T19:29:42.481455+00:00
https://nrs.objectstore.gov.bc.ca/gdwuts/092/092l/2023/dem/bc_092l083_4_2_3_xli1m_utm9_20231030_20231030.tif,200,True,,2026-08-29T19:29:42.502168+00:00
https://nrs.objectstore.gov.bc.ca/gdwuts/092/092l/2023/dem/bc_092l083_4_3_1_xli1m_utm9_20231030_20231030.tif,200,True,,2026-08-29T19:29:42.508832+00:00
https://nrs.objectstore.gov.bc.ca/gdwuts/092/092l/2023/dem/bc_092l083_4_3_2_xli1m_utm9_20231030_20231030.tif,200,True,,2026-08-29T19:29:42.527884+00:00
https://nrs.objectstore.gov.bc.ca/gdwuts/092/092l/2023/dem/bc_092l083_4_3_3_xli1m_utm9_20231030_20231030.tif,200,True,,2026-08-29T19:29:42.535153+00:00
https://nrs.objectstore.gov.bc.ca/gdwuts/092/092l/2023/dem/bc_092l083_4_3_4_xli1m_utm9_20231030_20231030.tif,200,True,,2026-08-29T19:29:42.552801+00:00
https://nrs.objectstore.gov.bc.ca/gdwuts/092/092l/2023/dem/bc_092l083_4_4_1_xli1m_utm9_20231030_20231030.tif,200,True,,2026-08-29T19:29:42.560151+00:00
https://nrs.objectstore.gov.bc.ca/gdwuts/092/092l/2023/dem/bc_092l093_1_1_1_xli1m_utm9_20231030_20231030.tif,200,True,,2026-08-29T19:29:42.564799+00:00
https://nrs.objectstore.gov.bc.ca/gdwuts/092/092l/2023/dem/bc_092l093_1_2_2_xli1m_utm9_20231030_20231030.tif,200,True,,2026-08-29T19:29:42.600437+00:00
https://nrs.objectstore.gov.bc.ca/gdwuts/092/092l/2023/dem/bc_092l093_1_2_3_xli1m_utm9_20231030_20231030.tif,200,True,,2026-08-29T19:29:42.595237+00:00
https://nrs.objectstore.gov.bc.ca/gdwuts/092/092l/2023/dem/bc_092l093_1_3_2_xli1m_utm9_20231030_20231030.tif,200,True,,2026-08-29T19:29:42.628194+00:00
https://nrs.objectstore.gov.bc.ca/gdwuts/092/092l/2023/dem/bc_092l093_1_4_1_xli1m_utm9_20231030_20231030.tif,200,True,,2026-08-29T19:29:42.610380+00:00
https://nrs.objectstore.gov.bc.ca/gdwuts/092/092m/2023/dem/bc_092m002_1_2_3_xli1m_utm9_20231030_20231030.tif,200,True,,2026-08-29T19:29:42.670346+00:00
https://nrs.objectstore.gov.bc.ca/gdwuts/092/092m/2023/dem/bc_092m002_1_2_4_xli1m_utm9_20231030_20231030.tif,200,True,,2026-08-29T19:29:42.658207+00:00
https://nrs.objectstore.gov.bc.ca/gdwuts/092/092m/2023/dem/bc_092m002_1_4_1_xli1m_utm9_20231030_20231030.tif,200,True,,2026-08-29T19:29:42.673129+00:00
https://nrs.objectstore.gov.bc.ca/gdwuts/092/092m/2023/dem/bc_092m002_1_4_2_xli1m_utm9_20231030_20231030.tif,200,True,,2026-08-29T19:29:42.701463+00:00
https://nrs.objectstore.gov.bc.ca/gdwuts/092/092m/2023/dem/bc_092m002_2_1_3_xli1m_utm9_20231030_20231030.tif,200,True,,2026-08-29T19:29:42.709155+00:00
https://nrs.objectstore.gov.bc.ca/gdwuts/093/093e/2025/dem/bc_093e008_4_1_4_xli1m_utm9_20250720_20250720.tif,200,True,,2026-08-29T19:29:42.722160+00:00
https://nrs.objectstore.gov.bc.ca/gdwuts/093/093e/2025/dem/bc_093e008_4_2_3_xli1m_utm9_20250720_20250720.tif,200,True,,2026-08-29T19:29:42.717358+00:00
https://nrs.objectstore.gov.bc.ca/gdwuts/093/093e/2025/dem/bc_093e008_4_3_2_xli1m_utm9_20250720_20250720.tif,200,True,,2026-08-29T19:29:42.732915+00:00
https://nrs.objectstore.gov.bc.ca/gdwuts/093/093e/2025/dem/bc_093e008_4_3_4_xli1m_utm9_20250720_20250720.tif,200,True,,2026-08-29T19:29:42.730677+00:00
https://nrs.objectstore.gov.bc.ca/gdwuts/093/093e/2025/dem/bc_093e008_4_4_1_xli1m_utm9_20250720_20250720.tif,200,True,,2026-08-29T19:29:42.749144+00:00
https://nrs.objectstore.gov.bc.ca/gdwuts/093/093e/2025/dem/bc_093e008_4_4_2_xli1m_utm9_20250720_20250720.tif,200,True,,2026-08-29T19:29:42.910290+00:00
https://nrs.objectstore.gov.bc.ca/gdwuts/093/093e/2025/dem/bc_093e008_4_4_3_xli1m_utm9_20250720_20250720.tif,200,True,,2026-08-29T19:29:42.772152+00:00
https://nrs.objectstore.gov.bc.ca/gdwuts/093/093e/2025/dem/bc_093e008_4_4_4_xli1m_utm9_20250720_20250720.tif,200,True,,2026-08-29T19:29:42.783142+00:00
https://nrs.objectstore.gov.bc.ca/gdwuts/093/093e/2025/dem/bc_093e009_3_3_1_xli1m_utm9_20250720_20250720.tif,200,True,,2026-08-29T19:29:42.912842+00:00
https://nrs.objectstore.gov.bc.ca/gdwuts/093/093e/2025/dem/bc_093e009_3_3_2_xli1m_utm9_20250720_20250720.tif,200,True,,2026-08-29T19:29:42.790034+00:00
https://nrs.objectstore.gov.bc.ca/gdwuts/093/093e/2025/dem/bc_093e009_3_3_3_xli1m_utm9_20250720_20250720.tif,200,True,,2026-08-29T19:29:42.820695+00:00
https://nrs.objectstore.gov.bc.ca/gdwuts/093/093e/2025/dem/bc_093e009_3_3_4_xli1m_utm9_20250720_20250720.tif,200,True,,2026-08-29T19:29:42.826594+00:00
https://nrs.objectstore.gov.bc.ca/gdwuts/093/093e/2025/dem/bc_093e009_3_4_1_xli1m_utm9_20250720_20250720.tif,200,True,,2026-08-29T19:29:42.852177+00:00
https://nrs.objectstore.gov.bc.ca/gdwuts/093/093e/2025/dem/bc_093e009_3_4_2_xli1m_utm9_20250720_20250720.tif,200,True,,2026-08-29T19:29:42.849152+00:00
https://nrs.objectstore.gov.bc.ca/gdwuts/093/093e/2025/dem/bc_093e009_3_4_3_xli1m_utm9_20250720_20250720.tif,200,True,,2026-08-29T19:29:42.887296+00:00
https://nrs.objectstore.gov.bc.ca/gdwuts/093/093e/2025/dem/bc_093e009_3_4_4_xli1m_utm9_20250720_20250720.tif,200,True,,2026-08-29T19:29:42.884130+00:00
https://nrs.objectstore.gov.bc.ca/gdwuts/093/093e/2025/dem/bc_093e009_4_3_1_xli1m_utm9_20250720_20250720.tif,200,True,,2026-08-29T19:29:42.919174+00:00
https://nrs.objectstore.gov.bc.ca/gdwuts/093/093e/2025/dem/bc_093e009_4_3_2_xli1m_utm9_20250720_20250720.tif,200,True,,2026-08-29T19:29:42.922570+00:00
https://nrs.objectstore.gov.bc.ca/gdwuts/093/093e/2025/dem/bc_093e009_4_3_3_xli1m_utm9_20250720_20250720.tif,200,True,,2026-08-29T19:29:42.929986+00:00
https://nrs.objectstore.gov.bc.ca/gdwuts/093/093e/2025/dem/bc_093e009_4_3_4_xli1m_utm9_20250720_20250720.tif,200,True,,2026-08-29T19:29:42.935507+00:00
https://nrs.objectstore.gov.bc.ca/gdwuts/093/093e/2025/dem/bc_093e009_4_4_1_xli1m_utm9_20250720_20250720.tif,200,True,,2026-08-29T19:29:42.959250+00:00
https://nrs.objectstore.gov.bc.ca/gdwuts/093/093e/2025/dem/bc_093e009_4_4_2_xli1m_utm9_20250720_20250720.tif,200,True,,2026-08-29T19:29:42.962915+00:00
https://nrs.objectstore.gov.bc.ca/gdwuts/093/093e/2025/dem/bc_093e009_4_4_3_xli1m_utm9_20250720_20250720.tif,200,True,,2026-08-29T19:29:42.972164+00:00
https://nrs.objectstore.gov.bc.ca/gdwuts/093/093e/2025/dem/bc_093e009_4_4_4_xli1m_utm9_20250720_20250720.tif,200,True,,2026-08-29T19:29:42.974396+00:00
https://nrs.objectstore.gov.bc.ca/gdwuts/093/093e/2025/dem/bc_093e010_3_3_1_xli1m_utm9_20250720_20250720.tif,200,True,,2026-08-29T19:29:42.996272+00:00
https://nrs.objectstore.gov.bc.ca/gdwuts/093/093e/2025/dem/bc_093e010_3_3_2_xli1m_utm9_20250720_20250720.tif,200,True,,2026-08-29T19:29:43.007204+00:00
https://nrs.objectstore.gov.bc.ca/gdwuts/093/093e/2025/dem/bc_093e010_3_3_3_xli1m_utm9_20250720_20250720.tif,200,True,,2026-08-29T19:29:43.033865+00:00
https://nrs.objectstore.gov.bc.ca/gdwuts/093/093e/2025/dem/bc_093e010_3_3_4_xli1m_utm9_20250720_20250720.tif,200,True,,2026-08-29T19:29:43.026196+00:00
https://nrs.objectstore.gov.bc.ca/gdwuts/093/093e/2025/dem/bc_093e010_3_4_1_xli1m_utm9_20250720_20250720.tif,200,True,,2026-08-29T19:29:43.060535+00:00
https://nrs.objectstore.gov.bc.ca/gdwuts/093/093e/2025/dem/bc_093e010_3_4_2_xli1m_utm9_20250720_20250720.tif,200,True,,2026-08-29T19:29:43.074209+00:00
https://nrs.objectstore.gov.bc.ca/gdwuts/093/093e/2025/dem/bc_093e010_3_4_3_xli1m_utm9_20250720_20250720.tif,200,True,,2026-08-29T19:29:43.102907+00:00
https://nrs.objectstore.gov.bc.ca/gdwuts/093/093e/2025/dem/bc_093e010_3_4_4_xli1m_utm9_20250720_20250720.tif,200,True,,2026-08-29T19:29:43.127177+00:00
https://nrs.objectstore.gov.bc.ca/gdwuts/093/093e/2025/dem/bc_093e010_4_3_1_xli1m_utm9_20250720_20250720.tif,200,True,,2026-08-29T19:29:43.145194+00:00
https://nrs.objectstore.gov.bc.ca/gdwuts/093/093e/2025/dem/bc_093e010_4_3_2_xli1m_utm9_20250720_20250720.tif,200,True,,2026-08-29T19:29:43.154500+00:00
https://nrs.objectstore.gov.bc.ca/gdwuts/093/093e/2025/dem/bc_093e010_4_3_3_xli1m_utm9_20250720_20250720.tif,200,True,,2026-08-29T19:29:43.134226+00:00
https://nrs.objectstore.gov.bc.ca/gdwuts/093/093e/2025/dem/bc_093e010_4_3_4_xli1m_utm9_20250720_20250720.tif,200,True,,2026-08-29T19:29:43.154949+00:00
https://nrs.objectstore.gov.bc.ca/gdwuts/093/093e/2025/dem/bc_093e010_4_4_1_xli1m_utm9_20250720_20250720.tif,200,True,,2026-08-29T19:29:43.171054+00:00
https://nrs.objectstore.gov.bc.ca/gdwuts/093/093e/2025/dem/bc_093e010_4_4_2_xli1m_utm9_20250720_20250720.tif,200,True,,2026-08-29T19:29:43.176479+00:00
https://nrs.objectstore.gov.bc.ca/gdwuts/093/093e/2025/dem/bc_093e010_4_4_3_xli1m_utm9_20250720_20250720.tif,200,True,,2026-08-29T19:29:43.183237+00:00
https://nrs.objectstore.gov.bc.ca/gdwuts/093/093e/2025/dem/bc_093e010_4_4_4_xli1m_utm9_20250720_20250720.tif,200,True,,2026-08-29T19:29:43.216354+00:00
https://nrs.objectstore.gov.bc.ca/gdwuts/093/093e/2025/dem/bc_093e018_1_1_1_xli1m_utm9_20250720_20250720.tif,200,True,,2026-08-29T19:29:43.196969+00:00
https://nrs.objectstore.gov.bc.ca/gdwuts/093/093e/2025/dem/bc_093e018_1_1_2_xli1m_utm9_20250720_20250720.tif,200,True,,2026-08-29T19:29:43.241414+00:00
https://nrs.objectstore.gov.bc.ca/gdwuts/093/093e/2025/dem/bc_093e018_1_1_3_xli1m_utm9_20250615_20250720.tif,200,True,,2026-08-29T19:29:43.206545+00:00
https://nrs.objectstore.gov.bc.ca/gdwuts/093/093e/2025/dem/bc_093e018_1_1_4_xli1m_utm9_20250615_20250720.tif,200,True,,2026-08-29T19:29:43.239199+00:00
https://nrs.objectstore.gov.bc.ca/gdwuts/093/093e/2025/dem/bc_093e018_1_2_1_xli1m_utm9_20250720_20250720.tif,200,True,,2026-08-29T19:29:43.250591+00:00
https://nrs.objectstore.gov.bc.ca/gdwuts/093/093e/2025/dem/bc_093e018_1_2_2_xli1m_utm9_20250720_20250720.tif,200,True,,2026-08-29T19:29:43.264458+00:00
https://nrs.objectstore.gov.bc.ca/gdwuts/093/093e/2025/dem/bc_093e018_1_2_3_xli1m_utm9_20250615_20250720.tif,200,True,,2026-08-29T19:29:43.272925+00:00
https://nrs.objectstore.gov.bc.ca/gdwuts/093/093e/2025/dem/bc_093e018_1_2_4_xli1m_utm9_20250615_20250720.tif,200,True,,2026-08-29T19:29:43.296633+00:00
https://nrs.objectstore.gov.bc.ca/gdwuts/093/093e/2025/dem/bc_093e018_2_1_1_xli1m_utm9_20250720_20250720.tif,200,True,,2026-08-29T19:29:43.302347+00:00
https://nrs.objectstore.gov.bc.ca/gdwuts/093/093e/2025/dem/bc_093e018_2_1_2_xli1m_utm9_20250720_20250720.tif,200,True,,2026-08-29T19:29:43.360813+00:00
https://nrs.objectstore.gov.bc.ca/gdwuts/093/093e/2025/dem/bc_093e018_2_1_3_xli1m_utm9_20250615_20250720.tif,200,True,,2026-08-29T19:29:43.359222+00:00
https://nrs.objectstore.gov.bc.ca/gdwuts/093/093e/2025/dem/bc_093e018_2_1_4_xli1m_utm9_20250615_20250720.tif,200,True,,2026-08-29T19:29:43.332267+00:00
https://nrs.objectstore.gov.bc.ca/gdwuts/093/093e/2025/dem/bc_093e018_2_2_1_xli1m_utm9_20250720_20250720.tif,200,True,,2026-08-29T19:29:43.361226+00:00
https://nrs.objectstore.gov.bc.ca/gdwuts/093/093e/2025/dem/bc_093e018_2_2_2_xli1m_utm9_20250720_20250720.tif,200,True,,2026-08-29T19:29:43.372058+00:00
https://nrs.objectstore.gov.bc.ca/gdwuts/093/093e/2025/dem/bc_093e018_2_2_3_xli1m_utm9_20250615_20250720.tif,200,True,,2026-08-29T19:29:43.394074+00:00
https://nrs.objectstore.gov.bc.ca/gdwuts/093/093e/2025/dem/bc_093e019_1_1_1_xli1m_utm9_20250720_20250720.tif,200,True,,2026-08-29T19:29:43.403532+00:00
https://nrs.objectstore.gov.bc.ca/gdwuts/093/093e/2025/dem/bc_093e019_1_1_2_xli1m_utm9_20250720_20250720.tif,200,True,,2026-08-29T19:29:43.454175+00:00
https://nrs.objectstore.gov.bc.ca/gdwuts/093/093e/2025/dem/bc_093e019_1_2_1_xli1m_utm9_20250720_20250720.tif,200,True,,2026-08-29T19:29:43.430518+00:00
https://nrs.objectstore.gov.bc.ca/gdwuts/093/093e/2025/dem/bc_093e019_1_2_2_xli1m_utm9_20250720_20250720.tif,200,True,,2026-08-29T19:29:43.435173+00:00
https://nrs.objectstore.gov.bc.ca/gdwuts/093/093e/2025/dem/bc_093e019_2_1_1_xli1m_utm9_20250720_20250720.tif,200,True,,2026-08-29T19:29:43.464169+00:00
https://nrs.objectstore.gov.bc.ca/gdwuts/093/093e/2025/dem/bc_093e019_2_1_2_xli1m_utm9_20250720_20250720.tif,200,True,,2026-08-29T19:29:43.480212+00:00
https://nrs.objectstore.gov.bc.ca/gdwuts/093/093e/2025/dem/bc_093e019_2_1_3_xli1m_utm9_20250615_20250720.tif,200,True,,2026-08-29T19:29:43.444962+00:00
https://nrs.objectstore.gov.bc.ca/gdwuts/093/093e/2025/dem/bc_093e019_2_1_4_xli1m_utm9_20250615_20250720.tif,200,True,,2026-08-29T19:29:43.505162+00:00
https://nrs.objectstore.gov.bc.ca/gdwuts/093/093e/2025/dem/bc_093e019_2_2_1_xli1m_utm9_20250720_20250720.tif,200,True,,2026-08-29T19:29:43.490357+00:00
https://nrs.objectstore.gov.bc.ca/gdwuts/093/093e/2025/dem/bc_093e019_2_2_2_xli1m_utm9_20250720_20250720.tif,200,True,,2026-08-29T19:29:43.480650+00:00
https://nrs.objectstore.gov.bc.ca/gdwuts/093/093e/2025/dem/bc_093e020_1_1_1_xli1m_utm9_20250720_20250720.tif,200,True,,2026-08-29T19:29:43.510911+00:00
https://nrs.objectstore.gov.bc.ca/gdwuts/093/093e/2025/dem/bc_093e020_1_1_2_xli1m_utm9_20250720_20250720.tif,200,True,,2026-08-29T19:29:43.563156+00:00
https://nrs.objectstore.gov.bc.ca/gdwuts/093/093e/2025/dem/bc_093e020_1_1_3_xli1m_utm9_20250720_20250720.tif,200,True,,2026-08-29T19:29:43.550247+00:00
https://nrs.objectstore.gov.bc.ca/gdwuts/093/093e/2025/dem/bc_093e020_1_1_4_xli1m_utm9_20250720_20250720.tif,200,True,,2026-08-29T19:29:43.552508+00:00
https://nrs.objectstore.gov.bc.ca/gdwuts/093/093e/2025/dem/bc_093e020_1_2_1_xli1m_utm9_20250720_20250720.tif,200,True,,2026-08-29T19:29:43.568464+00:00
https://nrs.objectstore.gov.bc.ca/gdwuts/093/093e/2025/dem/bc_093e020_1_2_2_xli1m_utm9_20250720_20250720.tif,200,True,,2026-08-29T19:29:43.623745+00:00
https://nrs.objectstore.gov.bc.ca/gdwuts/093/093e/2025/dem/bc_093e020_1_2_3_xli1m_utm9_20250720_20250720.tif,200,True,,2026-08-29T19:29:43.584180+00:00
https://nrs.objectstore.gov.bc.ca/gdwuts/093/093e/2025/dem/bc_093e020_1_2_4_xli1m_utm9_20250720_20250720.tif,200,True,,2026-08-29T19:29:43.637044+00:00
https://nrs.objectstore.gov.bc.ca/gdwuts/093/093e/2025/dem/bc_093e020_1_3_1_xli1m_utm9_20250615_20250720.tif,200,True,,2026-08-29T19:29:43.630765+00:00
https://nrs.objectstore.gov.bc.ca/gdwuts/093/093e/2025/dem/bc_093e020_1_3_2_xli1m_utm9_20250615_20250720.tif,200,True,,2026-08-29T19:29:43.650174+00:00
https://nrs.objectstore.gov.bc.ca/gdwuts/093/093e/2025/dem/bc_093e020_1_4_1_xli1m_utm9_20250615_20250720.tif,200,True,,2026-08-29T19:29:43.670282+00:00
https://nrs.objectstore.gov.bc.ca/gdwuts/093/093e/2025/dem/bc_093e020_2_1_1_xli1m_utm9_20250720_20250720.tif,200,True,,2026-08-29T19:29:43.664164+00:00
https://nrs.objectstore.gov.bc.ca/gdwuts/093/093e/2025/dem/bc_093e020_2_1_2_xli1m_utm9_20250720_20250720.tif,200,True,,2026-08-29T19:29:43.711330+00:00
https://nrs.objectstore.gov.bc.ca/gdwuts/093/093e/2025/dem/bc_093e020_2_1_3_xli1m_utm9_20250720_20250720.tif,200,True,,2026-08-29T19:29:43.685919+00:00
https://nrs.objectstore.gov.bc.ca/gdwuts/093/093e/2025/dem/bc_093e020_2_1_4_xli1m_utm9_20250720_20250720.tif,200,True,,2026-08-29T19:29:43.724203+00:00
https://nrs.objectstore.gov.bc.ca/gdwuts/093/093e/2025/dem/bc_093e020_2_2_1_xli1m_utm9_20250720_20250720.tif,200,True,,2026-08-29T19:29:43.710888+00:00
https://nrs.objectstore.gov.bc.ca/gdwuts/093/093e/2025/dem/bc_093e020_2_2_2_xli1m_utm9_20250720_20250720.tif,200,True,,2026-08-29T19:29:43.694800+00:00
https://nrs.objectstore.gov.bc.ca/gdwuts/093/093e/2025/dem/bc_093e020_2_2_3_xli1m_utm9_20250720_20250720.tif,200,True,,2026-08-29T19:29:43.749275+00:00
https://nrs.objectstore.gov.bc.ca/gdwuts/093/093e/2025/dem/bc_093e020_2_2_4_xli1m_utm9_20250720_20250720.tif,200,True,,2026-08-29T19:29:43.743198+00:00
https://nrs.objectstore.gov.bc.ca/gdwuts/093/093e/2025/dem/bc_093e020_2_3_2_xli1m_utm9_20250615_20250720.tif,200,True,,2026-08-29T19:29:43.765157+00:00
https://nrs.objectstore.gov.bc.ca/gdwuts/093/093e/2025/dem/bc_093e020_2_4_1_xli1m_utm9_20250615_20250720.tif,200,True,,2026-08-29T19:29:43.757220+00:00
https://nrs.objectstore.gov.bc.ca/gdwuts/093/093e/2025/dem/bc_093e020_2_4_2_xli1m_utm9_20250615_20250720.tif,200,True,,2026-08-29T19:29:43.775133+00:00
https://nrs.objectstore.gov.bc.ca/gdwuts/093/093g/2024/dem/bc_093g088_3_2_2_xli1m_utm10_20240710_20240710.tif,200,True,,2026-08-29T19:29:43.797146+00:00
https://nrs.objectstore.gov.bc.ca/gdwuts/093/093g/2024/dem/bc_093g088_3_2_3_xli1m_utm10_20240710_20240714.tif,200,True,,2026-08-29T19:29:43.821326+00:00
https://nrs.objectstore.gov.bc.ca/gdwuts/093/093g/2024/dem/bc_093g088_3_2_4_xli1m_utm10_20240710_20240710.tif,200,True,,2026-08-29T19:29:43.814393+00:00
https://nrs.objectstore.gov.bc.ca/gdwuts/093/093g/2024/dem/bc_093g088_3_3_1_xli1m_utm10_20240714_20240714.tif,200,True,,2026-08-29T19:29:43.859214+00:00
https://nrs.objectstore.gov.bc.ca/gdwuts/093/093g/2024/dem/bc_093g088_3_4_1_xli1m_utm10_20240710_20240714.tif,200,True,,2026-08-29T19:29:43.862026+00:00
https://nrs.objectstore.gov.bc.ca/gdwuts/093/093g/2024/dem/bc_093g088_3_4_2_xli1m_utm10_20240710_20240710.tif,200,True,,2026-08-29T19:29:43.869330+00:00
https://nrs.objectstore.gov.bc.ca/gdwuts/093/093g/2024/dem/bc_093g088_3_4_4_xli1m_utm10_20240710_20240710.tif,200,True,,2026-08-29T19:29:43.866132+00:00
https://nrs.objectstore.gov.bc.ca/gdwuts/093/093g/2024/dem/bc_093g088_4_1_2_xli1m_utm10_20240709_20240913.tif,200,True,,2026-08-29T19:29:43.886131+00:00
https://nrs.objectstore.gov.bc.ca/gdwuts/093/093g/2024/dem/bc_093g088_4_1_4_xli1m_utm10_20240709_20240913.tif,200,True,,2026-08-29T19:29:43.933133+00:00
https://nrs.objectstore.gov.bc.ca/gdwuts/093/093g/2024/dem/bc_093g088_4_2_1_xli1m_utm10_20240709_20240913.tif,200,True,,2026-08-29T19:29:43.913188+00:00
https://nrs.objectstore.gov.bc.ca/gdwuts/093/093g/2024/dem/bc_093g088_4_2_2_xli1m_utm10_20240913_20240913.tif,200,True,,2026-08-29T19:29:43.972896+00:00
https://nrs.objectstore.gov.bc.ca/gdwuts/093/093g/2024/dem/bc_093g088_4_2_4_xli1m_utm10_20240913_20240913.tif,200,True,,2026-08-29T19:29:43.936396+00:00
https://nrs.objectstore.gov.bc.ca/gdwuts/093/093g/2024/dem/bc_093g088_4_3_2_xli1m_utm10_20240709_20240913.tif,200,True,,2026-08-29T19:29:43.926605+00:00
https://nrs.objectstore.gov.bc.ca/gdwuts/093/093g/2024/dem/bc_093g088_4_4_1_xli1m_utm10_20240709_20240913.tif,200,True,,2026-08-29T19:29:43.964904+00:00
https://nrs.objectstore.gov.bc.ca/gdwuts/093/093g/2024/dem/bc_093g088_4_4_2_xli1m_utm10_20240913_20240913.tif,200,True,,2026-08-29T19:29:44.002397+00:00
https://nrs.objectstore.gov.bc.ca/gdwuts/093/093g/2024/dem/bc_093g088_4_4_3_xli1m_utm10_20240709_20240913.tif,200,True,,2026-08-29T19:29:43.990093+00:00
https://nrs.objectstore.gov.bc.ca/gdwuts/093/093g/2024/dem/bc_093g088_4_4_4_xli1m_utm10_20240913_20240913.tif,200,True,,2026-08-29T19:29:44.009206+00:00
https://nrs.objectstore.gov.bc.ca/gdwuts/093/093g/2024/dem/bc_093g089_1_1_1_xli1m_utm10_20240913_20250528.tif,200,True,,2026-08-29T19:29:43.998145+00:00
https://nrs.objectstore.gov.bc.ca/gdwuts/093/093g/2024/dem/bc_093g089_1_1_2_xli1m_utm10_20240913_20250604.tif,200,True,,2026-08-29T19:29:44.014989+00:00
https://nrs.objectstore.gov.bc.ca/gdwuts/093/093g/2024/dem/bc_093g089_1_1_3_xli1m_utm10_20240913_20250528.tif,200,True,,2026-08-29T19:29:44.052018+00:00
https://nrs.objectstore.gov.bc.ca/gdwuts/093/093g/2024/dem/bc_093g089_1_1_4_xli1m_utm10_20240913_20250604.tif,200,True,,2026-08-29T19:29:44.071466+00:00
https://nrs.objectstore.gov.bc.ca/gdwuts/093/093g/2024/dem/bc_093g089_1_3_1_xli1m_utm10_20240913_20250528.tif,200,True,,2026-08-29T19:29:44.047205+00:00
https://nrs.objectstore.gov.bc.ca/gdwuts/093/093g/2024/dem/bc_093g089_1_3_2_xli1m_utm10_20240913_20250604.tif,200,True,,2026-08-29T19:29:44.062391+00:00
https://nrs.objectstore.gov.bc.ca/gdwuts/093/093g/2024/dem/bc_093g089_1_3_3_xli1m_utm10_20240913_20250528.tif,200,True,,2026-08-29T19:29:44.074877+00:00
https://nrs.objectstore.gov.bc.ca/gdwuts/093/093g/2024/dem/bc_093g089_1_3_4_xli1m_utm10_20240913_20250604.tif,200,True,,2026-08-29T19:29:44.095842+00:00
https://nrs.objectstore.gov.bc.ca/gdwuts/093/093g/2024/dem/bc_093g089_3_1_1_xli1m_utm10_20240913_20250528.tif,200,True,,2026-08-29T19:29:44.128221+00:00
https://nrs.objectstore.gov.bc.ca/gdwuts/093/093g/2024/dem/bc_093g089_3_1_2_xli1m_utm10_20240913_20250604.tif,200,True,,2026-08-29T19:29:44.130538+00:00
https://nrs.objectstore.gov.bc.ca/gdwuts/093/093g/2024/dem/bc_093g089_3_1_3_xli1m_utm10_20240913_20250528.tif,200,True,,2026-08-29T19:29:44.141279+00:00
https://nrs.objectstore.gov.bc.ca/gdwuts/093/093g/2024/dem/bc_093g089_3_1_4_xli1m_utm10_20240913_20250604.tif,200,True,,2026-08-29T19:29:44.157136+00:00
https://nrs.objectstore.gov.bc.ca/gdwuts/093/093g/2024/dem/bc_093g098_1_3_1_xli1m_utm10_20240714_20240714.tif,200,True,,2026-08-29T19:29:44.160655+00:00
https://nrs.objectstore.gov.bc.ca/gdwuts/093/093g/2024/dem/bc_093g098_1_3_2_xli1m_utm10_20240710_20240714.tif,200,True,,2026-08-29T19:29:44.165735+00:00
https://nrs.objectstore.gov.bc.ca/gdwuts/093/093g/2024/dem/bc_093g098_1_3_4_xli1m_utm10_20240710_20240714.tif,200,True,,2026-08-29T19:29:44.204035+00:00
https://nrs.objectstore.gov.bc.ca/gdwuts/093/093g/2024/dem/bc_093g098_1_4_1_xli1m_utm10_20240710_20240714.tif,200,True,,2026-08-29T19:29:44.190557+00:00
https://nrs.objectstore.gov.bc.ca/gdwuts/093/093g/2024/dem/bc_093g098_1_4_2_xli1m_utm10_20240710_20240710.tif,200,True,,2026-08-29T19:29:44.212187+00:00
https://nrs.objectstore.gov.bc.ca/gdwuts/093/093g/2024/dem/bc_093g098_1_4_3_xli1m_utm10_20240710_20240714.tif,200,True,,2026-08-29T19:29:44.220252+00:00
https://nrs.objectstore.gov.bc.ca/gdwuts/093/093g/2024/dem/bc_093g098_1_4_4_xli1m_utm10_20240710_20240710.tif,200,True,,2026-08-29T19:29:44.266426+00:00
https://nrs.objectstore.gov.bc.ca/gdwuts/093/093g/2024/dem/bc_093g098_2_3_2_xli1m_utm10_20240709_20240913.tif,200,True,,2026-08-29T19:29:44.244952+00:00
https://nrs.objectstore.gov.bc.ca/gdwuts/093/093g/2024/dem/bc_093g098_2_4_1_xli1m_utm10_20240709_20240913.tif,200,True,,2026-08-29T19:29:44.275886+00:00
https://nrs.objectstore.gov.bc.ca/gdwuts/093/093g/2024/dem/bc_093g098_2_4_3_xli1m_utm10_20240709_20240913.tif,200,True,,2026-08-29T19:29:44.260963+00:00
https://nrs.objectstore.gov.bc.ca/gdwuts/093/093g/2024/dem/bc_093g098_3_1_1_xli1m_utm10_20240714_20240714.tif,200,True,,2026-08-29T19:29:44.282119+00:00
https://nrs.objectstore.gov.bc.ca/gdwuts/093/093g/2024/dem/bc_093g098_3_1_2_xli1m_utm10_20240710_20240714.tif,200,True,,2026-08-29T19:29:44.302273+00:00
https://nrs.objectstore.gov.bc.ca/gdwuts/093/093g/2024/dem/bc_093g098_3_1_3_xli1m_utm10_20240714_20240714.tif,200,True,,2026-08-29T19:29:44.323266+00:00
https://nrs.objectstore.gov.bc.ca/gdwuts/093/093g/2024/dem/bc_093g098_3_1_4_xli1m_utm10_20240710_20240714.tif,200,True,,2026-08-29T19:29:44.333838+00:00
https://nrs.objectstore.gov.bc.ca/gdwuts/093/093g/2024/dem/bc_093g098_3_2_1_xli1m_utm10_20240710_20240714.tif,200,True,,2026-08-29T19:29:44.343244+00:00
https://nrs.objectstore.gov.bc.ca/gdwuts/093/093g/2024/dem/bc_093g098_3_2_3_xli1m_utm10_20240710_20240714.tif,200,True,,2026-08-29T19:29:44.337340+00:00
https://nrs.objectstore.gov.bc.ca/gdwuts/093/093g/2024/dem/bc_093g098_3_3_1_xli1m_utm10_20240714_20240714.tif,200,True,,2026-08-29T19:29:44.386722+00:00
https://nrs.objectstore.gov.bc.ca/gdwuts/093/093g/2024/dem/bc_093g098_3_3_2_xli1m_utm10_20240710_20240714.tif,200,True,,2026-08-29T19:29:44.368415+00:00
https://nrs.objectstore.gov.bc.ca/gdwuts/093/093g/2024/dem/bc_093g098_3_3_3_xli1m_utm10_20240714_20240714.tif,200,True,,2026-08-29T19:29:44.384230+00:00
https://nrs.objectstore.gov.bc.ca/gdwuts/093/093g/2024/dem/bc_093g098_3_3_4_xli1m_utm10_20240710_20240714.tif,200,True,,2026-08-29T19:29:44.404198+00:00
https://nrs.objectstore.gov.bc.ca/gdwuts/093/093g/2024/dem/bc_093g098_3_4_1_xli1m_utm10_20240710_20240714.tif,200,True,,2026-08-29T19:29:44.397563+00:00
https://nrs.objectstore.gov.bc.ca/gdwuts/093/093g/2024/dem/bc_093g098_3_4_3_xli1m_utm10_20240710_20240714.tif,200,True,,2026-08-29T19:29:44.405233+00:00
https://nrs.objectstore.gov.bc.ca/gdwuts/093/093g/2024/dem/bc_093g098_3_4_4_xli1m_utm10_20240710_20240710.tif,200,True,,2026-08-29T19:29:44.427261+00:00
https://nrs.objectstore.gov.bc.ca/gdwuts/093/093g/2024/dem/bc_093g098_4_1_1_xli1m_utm10_20240710_20240710.tif,200,True,,2026-08-29T19:29:44.457189+00:00
https://nrs.objectstore.gov.bc.ca/gdwuts/093/093g/2024/dem/bc_093g098_4_1_2_xli1m_utm10_20240709_20240913.tif,200,True,,2026-08-29T19:29:44.472529+00:00
https://nrs.objectstore.gov.bc.ca/gdwuts/093/093g/2024/dem/bc_093g098_4_1_3_xli1m_utm10_20240710_20240710.tif,200,True,,2026-08-29T19:29:44.478131+00:00
https://nrs.objectstore.gov.bc.ca/gdwuts/093/093g/2024/dem/bc_093g098_4_1_4_xli1m_utm10_20240709_20240913.tif,200,True,,2026-08-29T19:29:44.487593+00:00
https://nrs.objectstore.gov.bc.ca/gdwuts/093/093g/2024/dem/bc_093g098_4_2_3_xli1m_utm10_20240709_20240913.tif,200,True,,2026-08-29T19:29:44.506188+00:00
https://nrs.objectstore.gov.bc.ca/gdwuts/093/093g/2024/dem/bc_093g098_4_3_1_xli1m_utm10_20240710_20240710.tif,200,True,,2026-08-29T19:29:44.529761+00:00
https://nrs.objectstore.gov.bc.ca/gdwuts/093/093g/2024/dem/bc_093g098_4_3_2_xli1m_utm10_20240709_20240913.tif,200,True,,2026-08-29T19:29:44.545136+00:00
https://nrs.objectstore.gov.bc.ca/gdwuts/093/093g/2024/dem/bc_093g098_4_3_3_xli1m_utm10_20240710_20240710.tif,200,True,,2026-08-29T19:29:44.522152+00:00
https://nrs.objectstore.gov.bc.ca/gdwuts/093/093g/2024/dem/bc_093g098_4_4_1_xli1m_utm10_20240709_20240913.tif,200,True,,2026-08-29T19:29:44.524415+00:00
https://nrs.objectstore.gov.bc.ca/gdwuts/093/093g/2024/dem/bc_093g098_4_4_3_xli1m_utm10_20240709_20240913.tif,200,True,,2026-08-29T19:29:44.585162+00:00
https://nrs.objectstore.gov.bc.ca/gdwuts/093/093g/2024/dem/bc_093g099_3_1_4_xli1m_utm10_20240913_20250604.tif,200,True,,2026-08-29T19:29:44.608218+00:00
https://nrs.objectstore.gov.bc.ca/gdwuts/093/093g/2024/dem/bc_093g099_3_3_2_xli1m_utm10_20240913_20250604.tif,200,True,,2026-08-29T19:29:44.571557+00:00
https://nrs.objectstore.gov.bc.ca/gdwuts/093/093g/2024/dem/bc_093g099_3_3_4_xli1m_utm10_20240913_20250604.tif,200,True,,2026-08-29T19:29:44.637482+00:00
https://nrs.objectstore.gov.bc.ca/gdwuts/093/093g/2025/dem/bc_093g089_1_2_1_xli1m_utm10_20250528_20250604.tif,200,True,,2026-08-29T19:29:44.590972+00:00
https://nrs.objectstore.gov.bc.ca/gdwuts/093/093g/2025/dem/bc_093g089_1_2_2_xli1m_utm10_20250530_20250604.tif,200,True,,2026-08-29T19:29:44.631284+00:00
https://nrs.objectstore.gov.bc.ca/gdwuts/093/093g/2025/dem/bc_093g089_1_2_3_xli1m_utm10_20250528_20250604.tif,200,True,,2026-08-29T19:29:44.640164+00:00
https://nrs.objectstore.gov.bc.ca/gdwuts/093/093g/2025/dem/bc_093g089_1_2_4_xli1m_utm10_20250530_20250604.tif,200,True,,2026-08-29T19:29:44.633868+00:00
https://nrs.objectstore.gov.bc.ca/gdwuts/093/093g/2025/dem/bc_093g089_1_4_1_xli1m_utm10_20250528_20250604.tif,200,True,,2026-08-29T19:29:44.657307+00:00
https://nrs.objectstore.gov.bc.ca/gdwuts/093/093g/2025/dem/bc_093g089_1_4_2_xli1m_utm10_20250530_20250604.tif,200,True,,2026-08-29T19:29:44.671745+00:00
https://nrs.objectstore.gov.bc.ca/gdwuts/093/093g/2025/dem/bc_093g089_1_4_3_xli1m_utm10_20250528_20250604.tif,200,True,,2026-08-29T19:29:44.772163+00:00
https://nrs.objectstore.gov.bc.ca/gdwuts/093/093g/2025/dem/bc_093g089_2_1_1_xli1m_utm10_20250604_20250604.tif,200,True,,2026-08-29T19:29:44.708316+00:00
https://nrs.objectstore.gov.bc.ca/gdwuts/093/093g/2025/dem/bc_093g089_2_1_2_xli1m_utm10_20250604_20250604.tif,200,True,,2026-08-29T19:29:44.731601+00:00
https://nrs.objectstore.gov.bc.ca/gdwuts/093/093g/2025/dem/bc_093g089_2_1_3_xli1m_utm10_20250604_20250604.tif,200,True,,2026-08-29T19:29:44.710870+00:00
https://nrs.objectstore.gov.bc.ca/gdwuts/093/093g/2025/dem/bc_093g089_2_1_4_xli1m_utm10_20250604_20250604.tif,200,True,,2026-08-29T19:29:44.729211+00:00
https://nrs.objectstore.gov.bc.ca/gdwuts/093/093g/2025/dem/bc_093g089_2_2_1_xli1m_utm10_20250604_20250604.tif,200,True,,2026-08-29T19:29:44.739220+00:00
https://nrs.objectstore.gov.bc.ca/gdwuts/093/093g/2025/dem/bc_093g089_2_2_3_xli1m_utm10_20250604_20250604.tif,200,True,,2026-08-29T19:29:44.755356+00:00
https://nrs.objectstore.gov.bc.ca/gdwuts/093/093g/2025/dem/bc_093g089_2_2_4_xli1m_utm10_20250604_20250605.tif,200,True,,2026-08-29T19:29:44.776805+00:00
https://nrs.objectstore.gov.bc.ca/gdwuts/093/093g/2025/dem/bc_093g089_2_3_1_xli1m_utm10_20250604_20250604.tif,200,True,,2026-08-29T19:29:44.769800+00:00
https://nrs.objectstore.gov.bc.ca/gdwuts/093/093g/2025/dem/bc_093g089_2_3_2_xli1m_utm10_20250604_20250604.tif,200,True,,2026-08-29T19:29:44.789185+00:00
https://nrs.objectstore.gov.bc.ca/gdwuts/093/093g/2025/dem/bc_093g089_2_3_3_xli1m_utm10_20250604_20250604.tif,200,True,,2026-08-29T19:29:44.825745+00:00
https://nrs.objectstore.gov.bc.ca/gdwuts/093/093g/2025/dem/bc_093g089_2_3_4_xli1m_utm10_20250604_20250604.tif,200,True,,2026-08-29T19:29:44.848163+00:00
https://nrs.objectstore.gov.bc.ca/gdwuts/093/093g/2025/dem/bc_093g089_2_4_1_xli1m_utm10_20250604_20250605.tif,200,True,,2026-08-29T19:29:44.854301+00:00
https://nrs.objectstore.gov.bc.ca/gdwuts/093/093g/2025/dem/bc_093g089_2_4_2_xli1m_utm10_20250604_20250605.tif,200,True,,2026-08-29T19:29:44.856339+00:00
https://nrs.objectstore.gov.bc.ca/gdwuts/093/093g/2025/dem/bc_093g089_2_4_3_xli1m_utm10_20250604_20250605.tif,200,True,,2026-08-29T19:29:44.834253+00:00
https://nrs.objectstore.gov.bc.ca/gdwuts/093/093g/2025/dem/bc_093g089_2_4_4_xli1m_utm10_20250604_20250605.tif,200,True,,2026-08-29T19:29:44.858090+00:00
https://nrs.objectstore.gov.bc.ca/gdwuts/093/093g/2025/dem/bc_093g089_3_2_1_xli1m_utm10_20250528_20250604.tif,200,True,,2026-08-29T19:29:44.889181+00:00
https://nrs.objectstore.gov.bc.ca/gdwuts/093/093g/2025/dem/bc_093g099_3_2_3_xli1m_utm10_20250528_20250604.tif,200,True,,2026-08-29T19:29:44.968096+00:00
https://nrs.objectstore.gov.bc.ca/gdwuts/093/093g/2025/dem/bc_093g099_3_4_1_xli1m_utm10_20250528_20250604.tif,200,True,,2026-08-29T19:29:44.971435+00:00
https://nrs.objectstore.gov.bc.ca/gdwuts/093/093h/2024/dem/bc_093h011_1_3_2_xli1m_utm10_20240608_20240608.tif,200,True,,2026-08-29T19:29:44.925263+00:00
https://nrs.objectstore.gov.bc.ca/gdwuts/093/093h/2025/dem/bc_093h081_3_4_3_xli1m_utm10_20250525_20250525.tif,200,True,,2026-08-29T19:29:44.971874+00:00
https://nrs.objectstore.gov.bc.ca/gdwuts/093/093h/2025/dem/bc_093h081_3_4_4_xli1m_utm10_20250525_20250528.tif,200,True,,2026-08-29T19:29:44.931142+00:00
https://nrs.objectstore.gov.bc.ca/gdwuts/093/093j/2024/dem/bc_093j062_4_4_3_xli1m_utm10_20240716_20240716.tif,200,True,,2026-08-29T19:29:44.966450+00:00
https://nrs.objectstore.gov.bc.ca/gdwuts/093/093j/2024/dem/bc_093j062_4_4_4_xli1m_utm10_20240716_20240716.tif,200,True,,2026-08-29T19:29:44.957221+00:00
https://nrs.objectstore.gov.bc.ca/gdwuts/093/093j/2025/dem/bc_093j076_4_4_2_xli1m_utm10_20250515_20250515.tif,200,True,,2026-08-29T19:29:44.990550+00:00
https://nrs.objectstore.gov.bc.ca/gdwuts/093/093o/2025/dem/bc_093o016_1_1_1_xli1m_utm10_20250805_20250805.tif,200,True,,2026-08-29T19:29:45.091994+00:00
https://nrs.objectstore.gov.bc.ca/gdwuts/093/093o/2025/dem/bc_093o016_1_1_2_xli1m_utm10_20250805_20250805.tif,200,True,,2026-08-29T19:29:44.999146+00:00
https://nrs.objectstore.gov.bc.ca/gdwuts/093/093o/2025/dem/bc_093o016_1_1_3_xli1m_utm10_20250805_20250805.tif,200,True,,2026-08-29T19:29:45.026252+00:00
https://nrs.objectstore.gov.bc.ca/gdwuts/093/093o/2025/dem/bc_093o016_1_1_4_xli1m_utm10_20250804_20250805.tif,200,True,,2026-08-29T19:29:45.034187+00:00
https://nrs.objectstore.gov.bc.ca/gdwuts/093/093o/2025/dem/bc_093o016_1_2_1_xli1m_utm10_20250804_20250805.tif,200,True,,2026-08-29T19:29:45.042084+00:00
https://nrs.objectstore.gov.bc.ca/gdwuts/093/093o/2025/dem/bc_093o016_1_2_2_xli1m_utm10_20250804_20250805.tif,200,True,,2026-08-29T19:29:45.083176+00:00
https://nrs.objectstore.gov.bc.ca/gdwuts/093/093o/2025/dem/bc_093o016_1_2_3_xli1m_utm10_20250804_20250805.tif,200,True,,2026-08-29T19:29:45.064120+00:00
https://nrs.objectstore.gov.bc.ca/gdwuts/093/093o/2025/dem/bc_093o016_1_2_4_xli1m_utm10_20250804_20250804.tif,200,True,,2026-08-29T19:29:45.071226+00:00
https://nrs.objectstore.gov.bc.ca/gdwuts/093/093o/2025/dem/bc_093o016_1_3_1_xli1m_utm10_20250805_20250805.tif,200,True,,2026-08-29T19:29:45.094204+00:00
https://nrs.objectstore.gov.bc.ca/gdwuts/093/093o/2025/dem/bc_093o016_1_3_2_xli1m_utm10_20250804_20250805.tif,200,True,,2026-08-29T19:29:45.096430+00:00
https://nrs.objectstore.gov.bc.ca/gdwuts/093/093o/2025/dem/bc_093o016_1_3_3_xli1m_utm10_20250804_20250805.tif,200,True,,2026-08-29T19:29:45.134855+00:00
https://nrs.objectstore.gov.bc.ca/gdwuts/093/093o/2025/dem/bc_093o016_1_3_4_xli1m_utm10_20250804_20250805.tif,200,True,,2026-08-29T19:29:45.188354+00:00
https://nrs.objectstore.gov.bc.ca/gdwuts/093/093o/2025/dem/bc_093o016_1_4_1_xli1m_utm10_20250804_20250805.tif,200,True,,2026-08-29T19:29:45.148258+00:00
https://nrs.objectstore.gov.bc.ca/gdwuts/093/093o/2025/dem/bc_093o016_1_4_2_xli1m_utm10_20250804_20250804.tif,200,True,,2026-08-29T19:29:45.186225+00:00
https://nrs.objectstore.gov.bc.ca/gdwuts/093/093o/2025/dem/bc_093o016_1_4_3_xli1m_utm10_20250804_20250804.tif,200,True,,2026-08-29T19:29:45.166292+00:00
https://nrs.objectstore.gov.bc.ca/gdwuts/093/093o/2025/dem/bc_093o016_1_4_4_xli1m_utm10_20250804_20250804.tif,200,True,,2026-08-29T19:29:45.200891+00:00
https://nrs.objectstore.gov.bc.ca/gdwuts/093/093o/2025/dem/bc_093o016_2_1_1_xli1m_utm10_20250804_20250804.tif,200,True,,2026-08-29T19:29:45.196291+00:00
https://nrs.objectstore.gov.bc.ca/gdwuts/093/093o/2025/dem/bc_093o016_2_1_2_xli1m_utm10_20250804_20250804.tif,200,True,,2026-08-29T19:29:45.205708+00:00
https://nrs.objectstore.gov.bc.ca/gdwuts/093/093o/2025/dem/bc_093o016_2_1_3_xli1m_utm10_20250804_20250804.tif,200,True,,2026-08-29T19:29:45.246699+00:00
https://nrs.objectstore.gov.bc.ca/gdwuts/093/093o/2025/dem/bc_093o016_2_1_4_xli1m_utm10_20250804_20250804.tif,200,True,,2026-08-29T19:29:45.235911+00:00
https://nrs.objectstore.gov.bc.ca/gdwuts/093/093o/2025/dem/bc_093o016_2_2_1_xli1m_utm10_20250804_20250804.tif,200,True,,2026-08-29T19:29:45.282196+00:00
https://nrs.objectstore.gov.bc.ca/gdwuts/093/093o/2025/dem/bc_093o016_2_2_2_xli1m_utm10_20250804_20250804.tif,200,True,,2026-08-29T19:29:45.266616+00:00
https://nrs.objectstore.gov.bc.ca/gdwuts/093/093o/2025/dem/bc_093o016_2_2_3_xli1m_utm10_20250804_20250804.tif,200,True,,2026-08-29T19:29:45.286442+00:00
https://nrs.objectstore.gov.bc.ca/gdwuts/093/093o/2025/dem/bc_093o016_2_2_4_xli1m_utm10_20250804_20250804.tif,200,True,,2026-08-29T19:29:45.305165+00:00
https://nrs.objectstore.gov.bc.ca/gdwuts/093/093o/2025/dem/bc_093o016_2_3_1_xli1m_utm10_20250804_20250804.tif,200,True,,2026-08-29T19:29:45.287479+00:00
https://nrs.objectstore.gov.bc.ca/gdwuts/093/093o/2025/dem/bc_093o016_2_3_2_xli1m_utm10_20250804_20250804.tif,200,True,,2026-08-29T19:29:45.294554+00:00
https://nrs.objectstore.gov.bc.ca/gdwuts/093/093o/2025/dem/bc_093o016_2_3_3_xli1m_utm10_20250804_20250804.tif,200,True,,2026-08-29T19:29:45.321731+00:00
https://nrs.objectstore.gov.bc.ca/gdwuts/093/093o/2025/dem/bc_093o016_2_3_4_xli1m_utm10_20250804_20250804.tif,200,True,,2026-08-29T19:29:45.318972+00:00
https://nrs.objectstore.gov.bc.ca/gdwuts/093/093o/2025/dem/bc_093o016_2_4_1_xli1m_utm10_20250804_20250804.tif,200,True,,2026-08-29T19:29:45.351245+00:00
https://nrs.objectstore.gov.bc.ca/gdwuts/093/093o/2025/dem/bc_093o016_3_1_1_xli1m_utm10_20250804_20250805.tif,200,True,,2026-08-29T19:29:45.422766+00:00
https://nrs.objectstore.gov.bc.ca/gdwuts/093/093o/2025/dem/bc_093o016_3_1_2_xli1m_utm10_20250804_20250804.tif,200,True,,2026-08-29T19:29:45.386261+00:00
https://nrs.objectstore.gov.bc.ca/gdwuts/093/093o/2025/dem/bc_093o016_3_1_3_xli1m_utm10_20250804_20250805.tif,200,True,,2026-08-29T19:29:45.368197+00:00
https://nrs.objectstore.gov.bc.ca/gdwuts/093/093o/2025/dem/bc_093o016_3_1_4_xli1m_utm10_20250804_20250804.tif,200,True,,2026-08-29T19:29:45.429472+00:00
https://nrs.objectstore.gov.bc.ca/gdwuts/093/093o/2025/dem/bc_093o016_3_2_1_xli1m_utm10_20250804_20250804.tif,200,True,,2026-08-29T19:29:45.435902+00:00
https://nrs.objectstore.gov.bc.ca/gdwuts/093/093o/2025/dem/bc_093o016_3_2_2_xli1m_utm10_20250804_20250804.tif,200,True,,2026-08-29T19:29:45.417236+00:00
https://nrs.objectstore.gov.bc.ca/gdwuts/093/093o/2025/dem/bc_093o016_3_2_3_xli1m_utm10_20250804_20250804.tif,200,True,,2026-08-29T19:29:45.445681+00:00
https://nrs.objectstore.gov.bc.ca/gdwuts/093/093o/2025/dem/bc_093o016_3_2_4_xli1m_utm10_20250804_20250804.tif,200,True,,2026-08-29T19:29:45.496883+00:00
https://nrs.objectstore.gov.bc.ca/gdwuts/093/093o/2025/dem/bc_093o016_3_3_1_xli1m_utm10_20250804_20250804.tif,200,True,,2026-08-29T19:29:45.495322+00:00
https://nrs.objectstore.gov.bc.ca/gdwuts/093/093o/2025/dem/bc_093o016_3_3_2_xli1m_utm10_20250804_20250804.tif,200,True,,2026-08-29T19:29:45.497302+00:00
https://nrs.objectstore.gov.bc.ca/gdwuts/093/093o/2025/dem/bc_093o016_3_3_3_xli1m_utm10_20250804_20250804.tif,200,True,,2026-08-29T19:29:45.531956+00:00
https://nrs.objectstore.gov.bc.ca/gdwuts/093/093o/2025/dem/bc_093o016_3_3_4_xli1m_utm10_20250804_20250804.tif,200,True,,2026-08-29T19:29:45.469505+00:00
https://nrs.objectstore.gov.bc.ca/gdwuts/093/093o/2025/dem/bc_093o016_3_4_1_xli1m_utm10_20250804_20250804.tif,200,True,,2026-08-29T19:29:45.527563+00:00
https://nrs.objectstore.gov.bc.ca/gdwuts/093/093o/2025/dem/bc_093o016_3_4_2_xli1m_utm10_20250804_20250804.tif,200,True,,2026-08-29T19:29:45.534248+00:00
https://nrs.objectstore.gov.bc.ca/gdwuts/093/093o/2025/dem/bc_093o016_3_4_3_xli1m_utm10_20250804_20250804.tif,200,True,,2026-08-29T19:29:45.527139+00:00
https://nrs.objectstore.gov.bc.ca/gdwuts/093/093o/2025/dem/bc_093o016_3_4_4_xli1m_utm10_20250804_20250804.tif,200,True,,2026-08-29T19:29:45.544170+00:00
https://nrs.objectstore.gov.bc.ca/gdwuts/093/093o/2025/dem/bc_093o016_4_1_1_xli1m_utm10_20250804_20250804.tif,200,True,,2026-08-29T19:29:45.544585+00:00
https://nrs.objectstore.gov.bc.ca/gdwuts/093/093o/2025/dem/bc_093o016_4_1_2_xli1m_utm10_20250804_20250804.tif,200,True,,2026-08-29T19:29:45.555343+00:00
https://nrs.objectstore.gov.bc.ca/gdwuts/093/093o/2025/dem/bc_093o016_4_1_3_xli1m_utm10_20250804_20250804.tif,200,True,,2026-08-29T19:29:45.600266+00:00
https://nrs.objectstore.gov.bc.ca/gdwuts/093/093o/2025/dem/bc_093o016_4_3_1_xli1m_utm10_20250804_20250804.tif,200,True,,2026-08-29T19:29:45.626148+00:00
https://nrs.objectstore.gov.bc.ca/gdwuts/093/093o/2025/dem/bc_093o017_1_1_1_xli1m_utm10_20250804_20250804.tif,200,True,,2026-08-29T19:29:45.612169+00:00
https://nrs.objectstore.gov.bc.ca/gdwuts/093/093o/2025/dem/bc_093o021_1_1_1_xli1m_utm10_20250622_20250822.tif,200,True,,2026-08-29T19:29:45.620498+00:00
https://nrs.objectstore.gov.bc.ca/gdwuts/093/093o/2025/dem/bc_093o021_1_1_2_xli1m_utm10_20250515_20250622.tif,200,True,,2026-08-29T19:29:45.674203+00:00
https://nrs.objectstore.gov.bc.ca/gdwuts/093/093o/2025/dem/bc_093o021_1_1_3_xli1m_utm10_20250515_20250622.tif,200,True,,2026-08-29T19:29:45.657188+00:00
https://nrs.objectstore.gov.bc.ca/gdwuts/093/093o/2025/dem/bc_093o021_1_1_4_xli1m_utm10_20250515_20250622.tif,200,True,,2026-08-29T19:29:45.692886+00:00
https://nrs.objectstore.gov.bc.ca/gdwuts/093/093o/2025/dem/bc_093o021_1_2_1_xli1m_utm10_20250515_20250622.tif,200,True,,2026-08-29T19:29:45.760172+00:00
https://nrs.objectstore.gov.bc.ca/gdwuts/093/093o/2025/dem/bc_093o021_1_2_2_xli1m_utm10_20250515_20250622.tif,200,True,,2026-08-29T19:29:45.704499+00:00
https://nrs.objectstore.gov.bc.ca/gdwuts/093/093o/2025/dem/bc_093o021_1_2_3_xli1m_utm10_20250515_20250622.tif,200,True,,2026-08-29T19:29:45.764926+00:00
https://nrs.objectstore.gov.bc.ca/gdwuts/093/093o/2025/dem/bc_093o021_1_2_4_xli1m_utm10_20250515_20250622.tif,200,True,,2026-08-29T19:29:45.731492+00:00
https://nrs.objectstore.gov.bc.ca/gdwuts/093/093o/2025/dem/bc_093o021_1_3_1_xli1m_utm10_20250515_20250622.tif,200,True,,2026-08-29T19:29:45.771628+00:00
https://nrs.objectstore.gov.bc.ca/gdwuts/093/093o/2025/dem/bc_093o021_1_3_2_xli1m_utm10_20250515_20250622.tif,200,True,,2026-08-29T19:29:45.766537+00:00
https://nrs.objectstore.gov.bc.ca/gdwuts/093/093o/2025/dem/bc_093o021_1_3_3_xli1m_utm10_20250515_20250622.tif,200,True,,2026-08-29T19:29:45.791956+00:00
https://nrs.objectstore.gov.bc.ca/gdwuts/093/093o/2025/dem/bc_093o021_1_3_4_xli1m_utm10_20250515_20250622.tif,200,True,,2026-08-29T19:29:45.748842+00:00
https://nrs.objectstore.gov.bc.ca/gdwuts/093/093o/2025/dem/bc_093o021_1_4_1_xli1m_utm10_20250515_20250622.tif,200,True,,2026-08-29T19:29:45.760620+00:00
https://nrs.objectstore.gov.bc.ca/gdwuts/093/093o/2025/dem/bc_093o021_1_4_2_xli1m_utm10_20250515_20250515.tif,200,True,,2026-08-29T19:29:45.819966+00:00
https://nrs.objectstore.gov.bc.ca/gdwuts/093/093o/2025/dem/bc_093o021_1_4_3_xli1m_utm10_20250515_20250622.tif,200,True,,2026-08-29T19:29:45.812159+00:00
https://nrs.objectstore.gov.bc.ca/gdwuts/093/093o/2025/dem/bc_093o021_1_4_4_xli1m_utm10_20250515_20250515.tif,200,True,,2026-08-29T19:29:45.797058+00:00
https://nrs.objectstore.gov.bc.ca/gdwuts/093/093o/2025/dem/bc_093o021_2_1_1_xli1m_utm10_20250515_20250515.tif,200,True,,2026-08-29T19:29:45.815600+00:00
https://nrs.objectstore.gov.bc.ca/gdwuts/093/093o/2025/dem/bc_093o021_2_1_2_xli1m_utm10_20250515_20250515.tif,200,True,,2026-08-29T19:29:45.851430+00:00
https://nrs.objectstore.gov.bc.ca/gdwuts/093/093o/2025/dem/bc_093o021_2_1_3_xli1m_utm10_20250515_20250515.tif,200,True,,2026-08-29T19:29:45.843212+00:00
https://nrs.objectstore.gov.bc.ca/gdwuts/093/093o/2025/dem/bc_093o021_2_1_4_xli1m_utm10_20250515_20250515.tif,200,True,,2026-08-29T19:29:45.855901+00:00
https://nrs.objectstore.gov.bc.ca/gdwuts/093/093o/2025/dem/bc_093o021_2_2_1_xli1m_utm10_20250515_20250515.tif,200,True,,2026-08-29T19:29:45.863246+00:00
https://nrs.objectstore.gov.bc.ca/gdwuts/093/093o/2025/dem/bc_093o021_2_2_2_xli1m_utm10_20250515_20250515.tif,200,True,,2026-08-29T19:29:45.890232+00:00
https://nrs.objectstore.gov.bc.ca/gdwuts/093/093o/2025/dem/bc_093o021_2_2_3_xli1m_utm10_20250515_20250515.tif,200,True,,2026-08-29T19:29:45.938250+00:00
https://nrs.objectstore.gov.bc.ca/gdwuts/093/093o/2025/dem/bc_093o021_2_2_4_xli1m_utm10_20250515_20250515.tif,200,True,,2026-08-29T19:29:45.984149+00:00
https://nrs.objectstore.gov.bc.ca/gdwuts/093/093o/2025/dem/bc_093o021_2_3_1_xli1m_utm10_20250515_20250515.tif,200,True,,2026-08-29T19:29:45.981800+00:00
https://nrs.objectstore.gov.bc.ca/gdwuts/093/093o/2025/dem/bc_093o021_2_3_2_xli1m_utm10_20250515_20250515.tif,200,True,,2026-08-29T19:29:45.960285+00:00
https://nrs.objectstore.gov.bc.ca/gdwuts/093/093o/2025/dem/bc_093o021_2_3_3_xli1m_utm10_20250515_20250515.tif,200,True,,2026-08-29T19:29:45.975869+00:00
https://nrs.objectstore.gov.bc.ca/gdwuts/093/093o/2025/dem/bc_093o021_2_3_4_xli1m_utm10_20250515_20250515.tif,200,True,,2026-08-29T19:29:45.999663+00:00
https://nrs.objectstore.gov.bc.ca/gdwuts/093/093o/2025/dem/bc_093o021_2_4_1_xli1m_utm10_20250515_20250515.tif,200,True,,2026-08-29T19:29:46.044168+00:00
https://nrs.objectstore.gov.bc.ca/gdwuts/093/093o/2025/dem/bc_093o021_2_4_2_xli1m_utm10_20250515_20250515.tif,200,True,,2026-08-29T19:29:46.049142+00:00
https://nrs.objectstore.gov.bc.ca/gdwuts/093/093o/2025/dem/bc_093o021_2_4_3_xli1m_utm10_20250515_20250515.tif,200,True,,2026-08-29T19:29:46.039345+00:00
https://nrs.objectstore.gov.bc.ca/gdwuts/093/093o/2025/dem/bc_093o021_2_4_4_xli1m_utm10_20250515_20250515.tif,200,True,,2026-08-29T19:29:46.020919+00:00
https://nrs.objectstore.gov.bc.ca/gdwuts/093/093o/2025/dem/bc_093o021_3_1_1_xli1m_utm10_20250515_20250622.tif,200,True,,2026-08-29T19:29:46.057596+00:00
https://nrs.objectstore.gov.bc.ca/gdwuts/093/093o/2025/dem/bc_093o021_3_1_2_xli1m_utm10_20250515_20250622.tif,200,True,,2026-08-29T19:29:46.074336+00:00
https://nrs.objectstore.gov.bc.ca/gdwuts/093/093o/2025/dem/bc_093o021_3_1_3_xli1m_utm10_20250515_20250622.tif,200,True,,2026-08-29T19:29:46.071879+00:00
https://nrs.objectstore.gov.bc.ca/gdwuts/093/093o/2025/dem/bc_093o021_3_1_4_xli1m_utm10_20250515_20250622.tif,200,True,,2026-08-29T19:29:46.057179+00:00
https://nrs.objectstore.gov.bc.ca/gdwuts/093/093o/2025/dem/bc_093o021_3_2_1_xli1m_utm10_20250515_20250515.tif,200,True,,2026-08-29T19:29:46.066765+00:00
https://nrs.objectstore.gov.bc.ca/gdwuts/093/093o/2025/dem/bc_093o021_3_2_2_xli1m_utm10_20250515_20250515.tif,200,True,,2026-08-29T19:29:46.096210+00:00
https://nrs.objectstore.gov.bc.ca/gdwuts/093/093o/2025/dem/bc_093o021_3_2_3_xli1m_utm10_20250515_20250515.tif,200,True,,2026-08-29T19:29:46.116410+00:00
https://nrs.objectstore.gov.bc.ca/gdwuts/093/093o/2025/dem/bc_093o021_3_2_4_xli1m_utm10_20250515_20250515.tif,200,True,,2026-08-29T19:29:46.128179+00:00
https://nrs.objectstore.gov.bc.ca/gdwuts/093/093o/2025/dem/bc_093o021_3_3_1_xli1m_utm10_20250515_20250622.tif,200,True,,2026-08-29T19:29:46.171185+00:00
https://nrs.objectstore.gov.bc.ca/gdwuts/093/093o/2025/dem/bc_093o021_3_3_2_xli1m_utm10_20250515_20250515.tif,200,True,,2026-08-29T19:29:46.184538+00:00
https://nrs.objectstore.gov.bc.ca/gdwuts/093/093o/2025/dem/bc_093o021_3_3_3_xli1m_utm10_20250515_20250515.tif,200,True,,2026-08-29T19:29:46.165177+00:00
https://nrs.objectstore.gov.bc.ca/gdwuts/093/093o/2025/dem/bc_093o021_3_3_4_xli1m_utm10_20250515_20250515.tif,200,True,,2026-08-29T19:29:46.180256+00:00
https://nrs.objectstore.gov.bc.ca/gdwuts/093/093o/2025/dem/bc_093o021_3_4_1_xli1m_utm10_20250515_20250515.tif,200,True,,2026-08-29T19:29:46.187127+00:00
https://nrs.objectstore.gov.bc.ca/gdwuts/093/093o/2025/dem/bc_093o021_3_4_2_xli1m_utm10_20250515_20250515.tif,200,True,,2026-08-29T19:29:46.241189+00:00
https://nrs.objectstore.gov.bc.ca/gdwuts/093/093o/2025/dem/bc_093o021_3_4_3_xli1m_utm10_20250515_20250515.tif,200,True,,2026-08-29T19:29:46.235252+00:00
https://nrs.objectstore.gov.bc.ca/gdwuts/093/093o/2025/dem/bc_093o021_3_4_4_xli1m_utm10_20250515_20250515.tif,200,True,,2026-08-29T19:29:46.251132+00:00
https://nrs.objectstore.gov.bc.ca/gdwuts/093/093o/2025/dem/bc_093o021_4_1_1_xli1m_utm10_20250515_20250515.tif,200,True,,2026-08-29T19:29:46.293155+00:00
https://nrs.objectstore.gov.bc.ca/gdwuts/093/093o/2025/dem/bc_093o021_4_1_2_xli1m_utm10_20250515_20250515.tif,200,True,,2026-08-29T19:29:46.298852+00:00
https://nrs.objectstore.gov.bc.ca/gdwuts/093/093o/2025/dem/bc_093o021_4_1_3_xli1m_utm10_20250515_20250515.tif,200,True,,2026-08-29T19:29:46.298447+00:00
https://nrs.objectstore.gov.bc.ca/gdwuts/093/093o/2025/dem/bc_093o021_4_1_4_xli1m_utm10_20250515_20250515.tif,200,True,,2026-08-29T19:29:46.281079+00:00
https://nrs.objectstore.gov.bc.ca/gdwuts/093/093o/2025/dem/bc_093o021_4_2_1_xli1m_utm10_20250515_20250515.tif,200,True,,2026-08-29T19:29:46.278842+00:00
https://nrs.objectstore.gov.bc.ca/gdwuts/093/093o/2025/dem/bc_093o021_4_2_2_xli1m_utm10_20250515_20251005.tif,200,True,,2026-08-29T19:29:46.345225+00:00
https://nrs.objectstore.gov.bc.ca/gdwuts/093/093o/2025/dem/bc_093o021_4_2_3_xli1m_utm10_20250515_20250515.tif,200,True,,2026-08-29T19:29:46.301135+00:00
https://nrs.objectstore.gov.bc.ca/gdwuts/093/093o/2025/dem/bc_093o021_4_2_4_xli1m_utm10_20250515_20251005.tif,200,True,,2026-08-29T19:29:46.339006+00:00
https://nrs.objectstore.gov.bc.ca/gdwuts/093/093o/2025/dem/bc_093o021_4_3_1_xli1m_utm10_20250515_20250515.tif,200,True,,2026-08-29T19:29:46.355421+00:00
https://nrs.objectstore.gov.bc.ca/gdwuts/093/093o/2025/dem/bc_093o021_4_3_2_xli1m_utm10_20250515_20250515.tif,200,True,,2026-08-29T19:29:46.371137+00:00
https://nrs.objectstore.gov.bc.ca/gdwuts/093/093o/2025/dem/bc_093o021_4_3_3_xli1m_utm10_20250515_20250515.tif,200,True,,2026-08-29T19:29:46.376401+00:00
https://nrs.objectstore.gov.bc.ca/gdwuts/093/093o/2025/dem/bc_093o021_4_3_4_xli1m_utm10_20250515_20250515.tif,200,True,,2026-08-29T19:29:46.394725+00:00
https://nrs.objectstore.gov.bc.ca/gdwuts/093/093o/2025/dem/bc_093o021_4_4_1_xli1m_utm10_20250515_20250812.tif,200,True,,2026-08-29T19:29:46.382240+00:00
https://nrs.objectstore.gov.bc.ca/gdwuts/093/093o/2025/dem/bc_093o021_4_4_2_xli1m_utm10_20250515_20251005.tif,200,True,,2026-08-29T19:29:46.407164+00:00
https://nrs.objectstore.gov.bc.ca/gdwuts/093/093o/2025/dem/bc_093o021_4_4_3_xli1m_utm10_20250515_20251005.tif,200,True,,2026-08-29T19:29:46.428133+00:00
https://nrs.objectstore.gov.bc.ca/gdwuts/093/093o/2025/dem/bc_093o021_4_4_4_xli1m_utm10_20250515_20251005.tif,200,True,,2026-08-29T19:29:46.424156+00:00
https://nrs.objectstore.gov.bc.ca/gdwuts/093/093o/2025/dem/bc_093o022_1_1_1_xli1m_utm10_20250515_20250515.tif,200,True,,2026-08-29T19:29:46.465146+00:00
https://nrs.objectstore.gov.bc.ca/gdwuts/093/093o/2025/dem/bc_093o022_1_1_2_xli1m_utm10_20250515_20250515.tif,200,True,,2026-08-29T19:29:46.469191+00:00
https://nrs.objectstore.gov.bc.ca/gdwuts/093/093o/2025/dem/bc_093o022_1_1_3_xli1m_utm10_20250515_20250515.tif,200,True,,2026-08-29T19:29:46.488204+00:00
https://nrs.objectstore.gov.bc.ca/gdwuts/093/093o/2025/dem/bc_093o022_1_1_4_xli1m_utm10_20250515_20250812.tif,200,True,,2026-08-29T19:29:46.461699+00:00
https://nrs.objectstore.gov.bc.ca/gdwuts/093/093o/2025/dem/bc_093o022_1_2_1_xli1m_utm10_20250515_20250812.tif,200,True,,2026-08-29T19:29:46.507884+00:00
https://nrs.objectstore.gov.bc.ca/gdwuts/093/093o/2025/dem/bc_093o022_1_2_2_xli1m_utm10_20250515_20250812.tif,200,True,,2026-08-29T19:29:46.504227+00:00
https://nrs.objectstore.gov.bc.ca/gdwuts/093/093o/2025/dem/bc_093o022_1_2_3_xli1m_utm10_20250515_20250812.tif,200,True,,2026-08-29T19:29:46.564260+00:00
https://nrs.objectstore.gov.bc.ca/gdwuts/093/093o/2025/dem/bc_093o022_1_2_4_xli1m_utm10_20250515_20250812.tif,200,True,,2026-08-29T19:29:46.539270+00:00
https://nrs.objectstore.gov.bc.ca/gdwuts/093/093o/2025/dem/bc_093o022_1_3_1_xli1m_utm10_20250515_20250812.tif,200,True,,2026-08-29T19:29:46.567157+00:00
https://nrs.objectstore.gov.bc.ca/gdwuts/093/093o/2025/dem/bc_093o022_1_3_2_xli1m_utm10_20250515_20250812.tif,200,True,,2026-08-29T19:29:46.585215+00:00
https://nrs.objectstore.gov.bc.ca/gdwuts/093/093o/2025/dem/bc_093o022_1_3_3_xli1m_utm10_20250515_20251005.tif,200,True,,2026-08-29T19:29:46.594747+00:00
https://nrs.objectstore.gov.bc.ca/gdwuts/093/093o/2025/dem/bc_093o022_1_3_4_xli1m_utm10_20250515_20251005.tif,200,True,,2026-08-29T19:29:46.599535+00:00
https://nrs.objectstore.gov.bc.ca/gdwuts/093/093o/2025/dem/bc_093o022_1_4_1_xli1m_utm10_20250515_20250812.tif,200,True,,2026-08-29T19:29:46.613233+00:00
https://nrs.objectstore.gov.bc.ca/gdwuts/093/093o/2025/dem/bc_093o022_1_4_2_xli1m_utm10_20250812_20250812.tif,200,True,,2026-08-29T19:29:46.622500+00:00
https://nrs.objectstore.gov.bc.ca/gdwuts/093/093o/2025/dem/bc_093o022_1_4_3_xli1m_utm10_20250515_20250812.tif,200,True,,2026-08-29T19:29:46.622064+00:00
https://nrs.objectstore.gov.bc.ca/gdwuts/093/093o/2025/dem/bc_093o022_1_4_4_xli1m_utm10_20250812_20250812.tif,200,True,,2026-08-29T19:29:46.631425+00:00
https://nrs.objectstore.gov.bc.ca/gdwuts/093/093o/2025/dem/bc_093o022_2_1_1_xli1m_utm10_20250812_20250812.tif,200,True,,2026-08-29T19:29:46.659300+00:00
https://nrs.objectstore.gov.bc.ca/gdwuts/093/093o/2025/dem/bc_093o022_2_1_2_xli1m_utm10_20250812_20250812.tif,200,True,,2026-08-29T19:29:46.687489+00:00
https://nrs.objectstore.gov.bc.ca/gdwuts/093/093o/2025/dem/bc_093o022_2_1_3_xli1m_utm10_20250812_20250812.tif,200,True,,2026-08-29T19:29:46.667041+00:00
https://nrs.objectstore.gov.bc.ca/gdwuts/093/093o/2025/dem/bc_093o022_2_1_4_xli1m_utm10_20250812_20250812.tif,200,True,,2026-08-29T19:29:46.698489+00:00
https://nrs.objectstore.gov.bc.ca/gdwuts/093/093o/2025/dem/bc_093o022_2_2_1_xli1m_utm10_20250812_20250812.tif,200,True,,2026-08-29T19:29:46.704463+00:00
https://nrs.objectstore.gov.bc.ca/gdwuts/093/093o/2025/dem/bc_093o022_2_2_2_xli1m_utm10_20250812_20251005.tif,200,True,,2026-08-29T19:29:46.694305+00:00
https://nrs.objectstore.gov.bc.ca/gdwuts/093/093o/2025/dem/bc_093o022_2_2_3_xli1m_utm10_20250812_20251005.tif,200,True,,2026-08-29T19:29:46.736278+00:00
https://nrs.objectstore.gov.bc.ca/gdwuts/093/093o/2025/dem/bc_093o022_2_3_1_xli1m_utm10_20250812_20250812.tif,200,True,,2026-08-29T19:29:46.747444+00:00
https://nrs.objectstore.gov.bc.ca/gdwuts/093/093o/2025/dem/bc_093o022_2_3_2_xli1m_utm10_20250812_20250812.tif,200,True,,2026-08-29T19:29:46.736724+00:00
https://nrs.objectstore.gov.bc.ca/gdwuts/093/093o/2025/dem/bc_093o022_2_3_3_xli1m_utm10_20250812_20250812.tif,200,True,,2026-08-29T19:29:46.811108+00:00
https://nrs.objectstore.gov.bc.ca/gdwuts/093/093o/2025/dem/bc_093o022_2_3_4_xli1m_utm10_20250812_20251005.tif,200,True,,2026-08-29T19:29:46.828881+00:00
https://nrs.objectstore.gov.bc.ca/gdwuts/093/093o/2025/dem/bc_093o022_2_4_1_xli1m_utm10_20250812_20251005.tif,200,True,,2026-08-29T19:29:46.799248+00:00
https://nrs.objectstore.gov.bc.ca/gdwuts/093/093o/2025/dem/bc_093o022_3_1_1_xli1m_utm10_20250515_20251005.tif,200,True,,2026-08-29T19:29:46.802060+00:00
https://nrs.objectstore.gov.bc.ca/gdwuts/093/093o/2025/dem/bc_093o022_3_1_2_xli1m_utm10_20250515_20251005.tif,200,True,,2026-08-29T19:29:46.822592+00:00
https://nrs.objectstore.gov.bc.ca/gdwuts/093/093o/2025/dem/bc_093o022_3_2_1_xli1m_utm10_20250812_20251005.tif,200,True,,2026-08-29T19:29:46.819176+00:00
https://nrs.objectstore.gov.bc.ca/gdwuts/093/093o/2025/dem/bc_093o022_3_2_2_xli1m_utm10_20250812_20251005.tif,200,True,,2026-08-29T19:29:46.838829+00:00
https://nrs.objectstore.gov.bc.ca/gdwuts/093/093o/2025/dem/bc_093o022_3_2_3_xli1m_utm10_20250812_20251005.tif,200,True,,2026-08-29T19:29:46.843970+00:00
https://nrs.objectstore.gov.bc.ca/gdwuts/093/093o/2025/dem/bc_093o022_3_2_4_xli1m_utm10_20250812_20251005.tif,200,True,,2026-08-29T19:29:46.883109+00:00
https://nrs.objectstore.gov.bc.ca/gdwuts/093/093o/2025/dem/bc_093o022_3_4_1_xli1m_utm10_20250812_20251005.tif,200,True,,2026-08-29T19:29:46.895282+00:00
https://nrs.objectstore.gov.bc.ca/gdwuts/093/093o/2025/dem/bc_093o022_3_4_2_xli1m_utm10_20250812_20251005.tif,200,True,,2026-08-29T19:29:46.942215+00:00
https://nrs.objectstore.gov.bc.ca/gdwuts/093/093o/2025/dem/bc_093o022_3_4_3_xli1m_utm10_20250812_20251005.tif,200,True,,2026-08-29T19:29:46.902243+00:00
https://nrs.objectstore.gov.bc.ca/gdwuts/093/093o/2025/dem/bc_093o022_4_1_1_xli1m_utm10_20250812_20251005.tif,200,True,,2026-08-29T19:29:46.890136+00:00
https://nrs.objectstore.gov.bc.ca/gdwuts/093/093o/2025/dem/bc_093o022_4_1_3_xli1m_utm10_20250812_20251005.tif,200,True,,2026-08-29T19:29:46.916154+00:00
https://nrs.objectstore.gov.bc.ca/gdwuts/093/093o/2025/dem/bc_093o023_1_2_2_xli1m_utm10_20250811_20250811.tif,200,True,,2026-08-29T19:29:46.923181+00:00
https://nrs.objectstore.gov.bc.ca/gdwuts/093/093o/2025/dem/bc_093o023_1_2_3_xli1m_utm10_20250811_20250811.tif,200,True,,2026-08-29T19:29:46.931364+00:00
https://nrs.objectstore.gov.bc.ca/gdwuts/093/093o/2025/dem/bc_093o023_1_2_4_xli1m_utm10_20250811_20250811.tif,200,True,,2026-08-29T19:29:46.999585+00:00
https://nrs.objectstore.gov.bc.ca/gdwuts/093/093o/2025/dem/bc_093o023_1_4_1_xli1m_utm10_20250811_20250811.tif,200,True,,2026-08-29T19:29:46.996238+00:00
https://nrs.objectstore.gov.bc.ca/gdwuts/093/093o/2025/dem/bc_093o023_1_4_2_xli1m_utm10_20250811_20250811.tif,200,True,,2026-08-29T19:29:46.978089+00:00
https://nrs.objectstore.gov.bc.ca/gdwuts/093/093o/2025/dem/bc_093o023_1_4_3_xli1m_utm10_20250811_20250811.tif,200,True,,2026-08-29T19:29:47.018380+00:00
https://nrs.objectstore.gov.bc.ca/gdwuts/093/093o/2025/dem/bc_093o023_1_4_4_xli1m_utm10_20250811_20250811.tif,200,True,,2026-08-29T19:29:46.987190+00:00
https://nrs.objectstore.gov.bc.ca/gdwuts/093/093o/2025/dem/bc_093o023_2_1_1_xli1m_utm10_20250811_20250811.tif,200,True,,2026-08-29T19:29:47.023978+00:00
https://nrs.objectstore.gov.bc.ca/gdwuts/093/093o/2025/dem/bc_093o023_2_1_3_xli1m_utm10_20250811_20250811.tif,200,True,,2026-08-29T19:29:47.047536+00:00
https://nrs.objectstore.gov.bc.ca/gdwuts/093/093o/2025/dem/bc_093o023_2_3_1_xli1m_utm10_20250811_20250811.tif,200,True,,2026-08-29T19:29:47.039082+00:00
https://nrs.objectstore.gov.bc.ca/gdwuts/093/093o/2025/dem/bc_093o023_3_1_4_xli1m_utm10_20250811_20250811.tif,200,True,,2026-08-29T19:29:47.093194+00:00
https://nrs.objectstore.gov.bc.ca/gdwuts/093/093o/2025/dem/bc_093o023_3_2_1_xli1m_utm10_20250811_20250811.tif,200,True,,2026-08-29T19:29:47.085178+00:00
https://nrs.objectstore.gov.bc.ca/gdwuts/093/093o/2025/dem/bc_093o023_3_2_2_xli1m_utm10_20250811_20250811.tif,200,True,,2026-08-29T19:29:47.101958+00:00
https://nrs.objectstore.gov.bc.ca/gdwuts/093/093o/2025/dem/bc_093o023_3_2_3_xli1m_utm10_20250811_20250811.tif,200,True,,2026-08-29T19:29:47.075702+00:00
https://nrs.objectstore.gov.bc.ca/gdwuts/093/093o/2025/dem/bc_093o023_3_2_4_xli1m_utm10_20250811_20250811.tif,200,True,,2026-08-29T19:29:47.126205+00:00
https://nrs.objectstore.gov.bc.ca/gdwuts/093/093o/2025/dem/bc_093o023_3_3_2_xli1m_utm10_20250811_20250811.tif,200,True,,2026-08-29T19:29:47.119323+00:00
https://nrs.objectstore.gov.bc.ca/gdwuts/093/093o/2025/dem/bc_093o023_3_3_4_xli1m_utm10_20250811_20250811.tif,200,True,,2026-08-29T19:29:47.142127+00:00
https://nrs.objectstore.gov.bc.ca/gdwuts/093/093o/2025/dem/bc_093o023_3_4_3_xli1m_utm10_20250811_20250811.tif,200,True,,2026-08-29T19:29:47.147877+00:00
https://nrs.objectstore.gov.bc.ca/gdwuts/093/093o/2025/dem/bc_093o024_1_2_1_xli1m_utm10_20250811_20250812.tif,200,True,,2026-08-29T19:29:47.196174+00:00
https://nrs.objectstore.gov.bc.ca/gdwuts/093/093o/2025/dem/bc_093o024_1_2_2_xli1m_utm10_20250811_20250812.tif,200,True,,2026-08-29T19:29:47.199122+00:00
https://nrs.objectstore.gov.bc.ca/gdwuts/093/093o/2025/dem/bc_093o024_1_2_3_xli1m_utm10_20250811_20250812.tif,200,True,,2026-08-29T19:29:47.186674+00:00
https://nrs.objectstore.gov.bc.ca/gdwuts/093/093o/2025/dem/bc_093o024_1_2_4_xli1m_utm10_20250811_20250811.tif,200,True,,2026-08-29T19:29:47.185109+00:00
https://nrs.objectstore.gov.bc.ca/gdwuts/093/093o/2025/dem/bc_093o024_1_3_4_xli1m_utm10_20250811_20250811.tif,200,True,,2026-08-29T19:29:47.232394+00:00
https://nrs.objectstore.gov.bc.ca/gdwuts/093/093o/2025/dem/bc_093o024_1_4_1_xli1m_utm10_20250811_20250811.tif,200,True,,2026-08-29T19:29:47.227221+00:00
https://nrs.objectstore.gov.bc.ca/gdwuts/093/093o/2025/dem/bc_093o024_1_4_2_xli1m_utm10_20250811_20250811.tif,200,True,,2026-08-29T19:29:47.227658+00:00
https://nrs.objectstore.gov.bc.ca/gdwuts/093/093o/2025/dem/bc_093o024_1_4_3_xli1m_utm10_20250811_20250811.tif,200,True,,2026-08-29T19:29:47.234270+00:00
https://nrs.objectstore.gov.bc.ca/gdwuts/093/093o/2025/dem/bc_093o024_1_4_4_xli1m_utm10_20250810_20250811.tif,200,True,,2026-08-29T19:29:47.266192+00:00
https://nrs.objectstore.gov.bc.ca/gdwuts/093/093o/2025/dem/bc_093o024_2_1_1_xli1m_utm10_20250811_20250811.tif,200,True,,2026-08-29T19:29:47.292263+00:00
https://nrs.objectstore.gov.bc.ca/gdwuts/093/093o/2025/dem/bc_093o024_2_1_2_xli1m_utm10_20250806_20250811.tif,200,True,,2026-08-29T19:29:47.287191+00:00
https://nrs.objectstore.gov.bc.ca/gdwuts/093/093o/2025/dem/bc_093o024_2_1_3_xli1m_utm10_20250810_20250811.tif,200,True,,2026-08-29T19:29:47.274758+00:00
https://nrs.objectstore.gov.bc.ca/gdwuts/093/093o/2025/dem/bc_093o024_2_1_4_xli1m_utm10_20250806_20250811.tif,200,True,,2026-08-29T19:29:47.305862+00:00
https://nrs.objectstore.gov.bc.ca/gdwuts/093/093o/2025/dem/bc_093o024_2_2_1_xli1m_utm10_20250806_20250811.tif,200,True,,2026-08-29T19:29:47.337229+00:00
https://nrs.objectstore.gov.bc.ca/gdwuts/093/093o/2025/dem/bc_093o024_2_2_2_xli1m_utm10_20250806_20250810.tif,200,True,,2026-08-29T19:29:47.340223+00:00
https://nrs.objectstore.gov.bc.ca/gdwuts/093/093o/2025/dem/bc_093o024_2_2_3_xli1m_utm10_20250806_20250810.tif,200,True,,2026-08-29T19:29:47.329964+00:00
https://nrs.objectstore.gov.bc.ca/gdwuts/093/093o/2025/dem/bc_093o024_2_2_4_xli1m_utm10_20250805_20250806.tif,200,True,,2026-08-29T19:29:47.360261+00:00
https://nrs.objectstore.gov.bc.ca/gdwuts/093/093o/2025/dem/bc_093o024_2_3_1_xli1m_utm10_20250806_20250811.tif,200,True,,2026-08-29T19:29:47.402758+00:00
https://nrs.objectstore.gov.bc.ca/gdwuts/093/093o/2025/dem/bc_093o024_2_4_1_xli1m_utm10_20250805_20250806.tif,200,True,,2026-08-29T19:29:47.410246+00:00
https://nrs.objectstore.gov.bc.ca/gdwuts/093/093o/2025/dem/bc_093o024_2_4_2_xli1m_utm10_20250805_20250806.tif,200,True,,2026-08-29T19:29:47.396960+00:00
https://nrs.objectstore.gov.bc.ca/gdwuts/093/093o/2025/dem/bc_093o024_2_4_3_xli1m_utm10_20250805_20250806.tif,200,True,,2026-08-29T19:29:47.430189+00:00
https://nrs.objectstore.gov.bc.ca/gdwuts/093/093o/2025/dem/bc_093o024_2_4_4_xli1m_utm10_20250805_20250806.tif,200,True,,2026-08-29T19:29:47.462317+00:00
https://nrs.objectstore.gov.bc.ca/gdwuts/093/093o/2025/dem/bc_093o024_3_1_2_xli1m_utm10_20250811_20250811.tif,200,True,,2026-08-29T19:29:47.466171+00:00
https://nrs.objectstore.gov.bc.ca/gdwuts/093/093o/2025/dem/bc_093o024_3_1_4_xli1m_utm10_20250811_20250811.tif,200,True,,2026-08-29T19:29:47.470108+00:00
https://nrs.objectstore.gov.bc.ca/gdwuts/093/093o/2025/dem/bc_093o024_3_2_1_xli1m_utm10_20250810_20250811.tif,200,True,,2026-08-29T19:29:47.478507+00:00
https://nrs.objectstore.gov.bc.ca/gdwuts/093/093o/2025/dem/bc_093o024_3_2_3_xli1m_utm10_20250806_20250811.tif,200,True,,2026-08-29T19:29:47.480246+00:00
https://nrs.objectstore.gov.bc.ca/gdwuts/093/093o/2025/dem/bc_093o024_3_2_4_xli1m_utm10_20250806_20250811.tif,200,True,,2026-08-29T19:29:47.485367+00:00
https://nrs.objectstore.gov.bc.ca/gdwuts/093/093o/2025/dem/bc_093o024_3_3_1_xli1m_utm10_20250811_20250811.tif,200,True,,2026-08-29T19:29:47.529183+00:00
https://nrs.objectstore.gov.bc.ca/gdwuts/093/093o/2025/dem/bc_093o024_3_3_2_xli1m_utm10_20250810_20250811.tif,200,True,,2026-08-29T19:29:47.530651+00:00
https://nrs.objectstore.gov.bc.ca/gdwuts/093/093o/2025/dem/bc_093o024_3_3_3_xli1m_utm10_20250810_20250811.tif,200,True,,2026-08-29T19:29:47.536862+00:00
https://nrs.objectstore.gov.bc.ca/gdwuts/093/093o/2025/dem/bc_093o024_3_3_4_xli1m_utm10_20250806_20250811.tif,200,True,,2026-08-29T19:29:47.520891+00:00
https://nrs.objectstore.gov.bc.ca/gdwuts/093/093o/2025/dem/bc_093o024_3_4_1_xli1m_utm10_20250806_20250811.tif,200,True,,2026-08-29T19:29:47.530073+00:00
https://nrs.objectstore.gov.bc.ca/gdwuts/093/093o/2025/dem/bc_093o024_3_4_2_xli1m_utm10_20250806_20250810.tif,200,True,,2026-08-29T19:29:47.547117+00:00
https://nrs.objectstore.gov.bc.ca/gdwuts/093/093o/2025/dem/bc_093o024_3_4_3_xli1m_utm10_20250806_20250810.tif,200,True,,2026-08-29T19:29:47.563147+00:00
https://nrs.objectstore.gov.bc.ca/gdwuts/093/093o/2025/dem/bc_093o024_4_1_2_xli1m_utm10_20250805_20250806.tif,200,True,,2026-08-29T19:29:47.605938+00:00
https://nrs.objectstore.gov.bc.ca/gdwuts/093/093o/2025/dem/bc_093o024_4_1_3_xli1m_utm10_20250805_20250806.tif,200,True,,2026-08-29T19:29:47.605460+00:00
https://nrs.objectstore.gov.bc.ca/gdwuts/093/093o/2025/dem/bc_093o024_4_1_4_xli1m_utm10_20250805_20250806.tif,200,True,,2026-08-29T19:29:47.596168+00:00
https://nrs.objectstore.gov.bc.ca/gdwuts/093/093o/2025/dem/bc_093o024_4_2_1_xli1m_utm10_20250805_20250806.tif,200,True,,2026-08-29T19:29:47.629218+00:00
https://nrs.objectstore.gov.bc.ca/gdwuts/093/093o/2025/dem/bc_093o024_4_2_2_xli1m_utm10_20250805_20250805.tif,200,True,,2026-08-29T19:29:47.654017+00:00
https://nrs.objectstore.gov.bc.ca/gdwuts/093/093o/2025/dem/bc_093o024_4_2_3_xli1m_utm10_20250805_20250805.tif,200,True,,2026-08-29T19:29:47.643155+00:00
https://nrs.objectstore.gov.bc.ca/gdwuts/093/093o/2025/dem/bc_093o024_4_2_4_xli1m_utm10_20250805_20250805.tif,200,True,,2026-08-29T19:29:47.678232+00:00
https://nrs.objectstore.gov.bc.ca/gdwuts/093/093o/2025/dem/bc_093o024_4_3_1_xli1m_utm10_20250805_20250806.tif,200,True,,2026-08-29T19:29:47.779812+00:00
https://nrs.objectstore.gov.bc.ca/gdwuts/093/093o/2025/dem/bc_093o024_4_3_2_xli1m_utm10_20250805_20250806.tif,200,True,,2026-08-29T19:29:47.709919+00:00
https://nrs.objectstore.gov.bc.ca/gdwuts/093/093o/2025/dem/bc_093o024_4_3_4_xli1m_utm10_20250805_20250805.tif,200,True,,2026-08-29T19:29:47.781021+00:00
https://nrs.objectstore.gov.bc.ca/gdwuts/093/093o/2025/dem/bc_093o024_4_4_1_xli1m_utm10_20250805_20250805.tif,200,True,,2026-08-29T19:29:47.745705+00:00
https://nrs.objectstore.gov.bc.ca/gdwuts/093/093o/2025/dem/bc_093o024_4_4_2_xli1m_utm10_20250805_20250805.tif,200,True,,2026-08-29T19:29:47.777253+00:00
https://nrs.objectstore.gov.bc.ca/gdwuts/093/093o/2025/dem/bc_093o024_4_4_3_xli1m_utm10_20250805_20250805.tif,200,True,,2026-08-29T19:29:47.714337+00:00
https://nrs.objectstore.gov.bc.ca/gdwuts/093/093o/2025/dem/bc_093o024_4_4_4_xli1m_utm10_20250805_20250805.tif,200,True,,2026-08-29T19:29:47.750094+00:00
https://nrs.objectstore.gov.bc.ca/gdwuts/093/093o/2025/dem/bc_093o025_1_1_1_xli1m_utm10_20250805_20250806.tif,200,True,,2026-08-29T19:29:47.740403+00:00
https://nrs.objectstore.gov.bc.ca/gdwuts/093/093o/2025/dem/bc_093o025_1_1_2_xli1m_utm10_20250805_20250806.tif,200,True,,2026-08-29T19:29:47.788509+00:00
https://nrs.objectstore.gov.bc.ca/gdwuts/093/093o/2025/dem/bc_093o025_1_1_3_xli1m_utm10_20250805_20250806.tif,200,True,,2026-08-29T19:29:47.806697+00:00
https://nrs.objectstore.gov.bc.ca/gdwuts/093/093o/2025/dem/bc_093o025_1_1_4_xli1m_utm10_20250805_20250805.tif,200,True,,2026-08-29T19:29:47.817567+00:00
https://nrs.objectstore.gov.bc.ca/gdwuts/093/093o/2025/dem/bc_093o025_1_2_1_xli1m_utm10_20250805_20250805.tif,200,True,,2026-08-29T19:29:47.808329+00:00
https://nrs.objectstore.gov.bc.ca/gdwuts/093/093o/2025/dem/bc_093o025_1_2_2_xli1m_utm10_20250805_20250805.tif,200,True,,2026-08-29T19:29:47.844575+00:00
https://nrs.objectstore.gov.bc.ca/gdwuts/093/093o/2025/dem/bc_093o025_1_2_3_xli1m_utm10_20250805_20250805.tif,200,True,,2026-08-29T19:29:47.832068+00:00
https://nrs.objectstore.gov.bc.ca/gdwuts/093/093o/2025/dem/bc_093o025_1_2_4_xli1m_utm10_20250805_20250805.tif,200,True,,2026-08-29T19:29:47.840297+00:00
https://nrs.objectstore.gov.bc.ca/gdwuts/093/093o/2025/dem/bc_093o025_1_3_1_xli1m_utm10_20250805_20250806.tif,200,True,,2026-08-29T19:29:47.852956+00:00
https://nrs.objectstore.gov.bc.ca/gdwuts/093/093o/2025/dem/bc_093o025_1_3_2_xli1m_utm10_20250805_20250805.tif,200,True,,2026-08-29T19:29:47.881868+00:00
https://nrs.objectstore.gov.bc.ca/gdwuts/093/093o/2025/dem/bc_093o025_1_3_3_xli1m_utm10_20250805_20250805.tif,200,True,,2026-08-29T19:29:47.875199+00:00
https://nrs.objectstore.gov.bc.ca/gdwuts/093/093o/2025/dem/bc_093o025_1_3_4_xli1m_utm10_20250805_20250805.tif,200,True,,2026-08-29T19:29:47.943057+00:00
https://nrs.objectstore.gov.bc.ca/gdwuts/093/093o/2025/dem/bc_093o025_1_4_1_xli1m_utm10_20250805_20250805.tif,200,True,,2026-08-29T19:29:47.921229+00:00
https://nrs.objectstore.gov.bc.ca/gdwuts/093/093o/2025/dem/bc_093o025_1_4_2_xli1m_utm10_20250804_20250805.tif,200,True,,2026-08-29T19:29:47.940253+00:00
https://nrs.objectstore.gov.bc.ca/gdwuts/093/093o/2025/dem/bc_093o025_1_4_3_xli1m_utm10_20250805_20250805.tif,200,True,,2026-08-29T19:29:48.006267+00:00
https://nrs.objectstore.gov.bc.ca/gdwuts/093/093o/2025/dem/bc_093o025_1_4_4_xli1m_utm10_20250804_20250805.tif,200,True,,2026-08-29T19:29:47.954170+00:00
https://nrs.objectstore.gov.bc.ca/gdwuts/093/093o/2025/dem/bc_093o025_2_1_1_xli1m_utm10_20250805_20250805.tif,200,True,,2026-08-29T19:29:47.978520+00:00
https://nrs.objectstore.gov.bc.ca/gdwuts/093/093o/2025/dem/bc_093o025_2_1_2_xli1m_utm10_20250804_20250805.tif,200,True,,2026-08-29T19:29:47.975993+00:00
https://nrs.objectstore.gov.bc.ca/gdwuts/093/093o/2025/dem/bc_093o025_2_1_3_xli1m_utm10_20250804_20250805.tif,200,True,,2026-08-29T19:29:48.050202+00:00
https://nrs.objectstore.gov.bc.ca/gdwuts/093/093o/2025/dem/bc_093o025_2_1_4_xli1m_utm10_20250804_20250805.tif,200,True,,2026-08-29T19:29:48.061465+00:00
https://nrs.objectstore.gov.bc.ca/gdwuts/093/093o/2025/dem/bc_093o025_2_2_1_xli1m_utm10_20250804_20250805.tif,200,True,,2026-08-29T19:29:48.023761+00:00
https://nrs.objectstore.gov.bc.ca/gdwuts/093/093o/2025/dem/bc_093o025_2_2_2_xli1m_utm10_20250804_20250804.tif,200,True,,2026-08-29T19:29:48.084726+00:00
https://nrs.objectstore.gov.bc.ca/gdwuts/093/093o/2025/dem/bc_093o025_2_2_3_xli1m_utm10_20250804_20250804.tif,200,True,,2026-08-29T19:29:48.088755+00:00
https://nrs.objectstore.gov.bc.ca/gdwuts/093/093o/2025/dem/bc_093o025_2_2_4_xli1m_utm10_20250804_20250804.tif,200,True,,2026-08-29T19:29:48.059244+00:00
https://nrs.objectstore.gov.bc.ca/gdwuts/093/093o/2025/dem/bc_093o025_2_3_1_xli1m_utm10_20250804_20250805.tif,200,True,,2026-08-29T19:29:48.066216+00:00
https://nrs.objectstore.gov.bc.ca/gdwuts/093/093o/2025/dem/bc_093o025_2_3_2_xli1m_utm10_20250804_20250804.tif,200,True,,2026-08-29T19:29:48.055146+00:00
https://nrs.objectstore.gov.bc.ca/gdwuts/093/093o/2025/dem/bc_093o025_2_3_3_xli1m_utm10_20250804_20250805.tif,200,True,,2026-08-29T19:29:48.096199+00:00
https://nrs.objectstore.gov.bc.ca/gdwuts/093/093o/2025/dem/bc_093o025_2_3_4_xli1m_utm10_20250804_20250804.tif,200,True,,2026-08-29T19:29:48.104200+00:00
https://nrs.objectstore.gov.bc.ca/gdwuts/093/093o/2025/dem/bc_093o025_2_4_1_xli1m_utm10_20250804_20250804.tif,200,True,,2026-08-29T19:29:48.124224+00:00
https://nrs.objectstore.gov.bc.ca/gdwuts/093/093o/2025/dem/bc_093o025_2_4_2_xli1m_utm10_20250804_20250804.tif,200,True,,2026-08-29T19:29:48.132825+00:00
https://nrs.objectstore.gov.bc.ca/gdwuts/093/093o/2025/dem/bc_093o025_2_4_3_xli1m_utm10_20250804_20250804.tif,200,True,,2026-08-29T19:29:48.151155+00:00
https://nrs.objectstore.gov.bc.ca/gdwuts/093/093o/2025/dem/bc_093o025_2_4_4_xli1m_utm10_20250804_20250804.tif,200,True,,2026-08-29T19:29:48.165335+00:00
https://nrs.objectstore.gov.bc.ca/gdwuts/093/093o/2025/dem/bc_093o025_3_1_1_xli1m_utm10_20250805_20250805.tif,200,True,,2026-08-29T19:29:48.163159+00:00
https://nrs.objectstore.gov.bc.ca/gdwuts/093/093o/2025/dem/bc_093o025_3_1_2_xli1m_utm10_20250805_20250805.tif,200,True,,2026-08-29T19:29:48.171151+00:00
https://nrs.objectstore.gov.bc.ca/gdwuts/093/093o/2025/dem/bc_093o025_3_1_3_xli1m_utm10_20250805_20250805.tif,200,True,,2026-08-29T19:29:48.192948+00:00
https://nrs.objectstore.gov.bc.ca/gdwuts/093/093o/2025/dem/bc_093o025_3_1_4_xli1m_utm10_20250805_20250805.tif,200,True,,2026-08-29T19:29:48.277201+00:00
https://nrs.objectstore.gov.bc.ca/gdwuts/093/093o/2025/dem/bc_093o025_3_2_1_xli1m_utm10_20250804_20250805.tif,200,True,,2026-08-29T19:29:48.281231+00:00
https://nrs.objectstore.gov.bc.ca/gdwuts/093/093o/2025/dem/bc_093o025_3_2_2_xli1m_utm10_20250804_20250805.tif,200,True,,2026-08-29T19:29:48.271563+00:00
https://nrs.objectstore.gov.bc.ca/gdwuts/093/093o/2025/dem/bc_093o025_3_2_3_xli1m_utm10_20250804_20250805.tif,200,True,,2026-08-29T19:29:48.258125+00:00
https://nrs.objectstore.gov.bc.ca/gdwuts/093/093o/2025/dem/bc_093o025_3_2_4_xli1m_utm10_20250804_20250805.tif,200,True,,2026-08-29T19:29:48.255361+00:00
https://nrs.objectstore.gov.bc.ca/gdwuts/093/093o/2025/dem/bc_093o025_3_3_1_xli1m_utm10_20250805_20250805.tif,200,True,,2026-08-29T19:29:48.334445+00:00
https://nrs.objectstore.gov.bc.ca/gdwuts/093/093o/2025/dem/bc_093o025_3_3_2_xli1m_utm10_20250804_20250805.tif,200,True,,2026-08-29T19:29:48.337393+00:00
https://nrs.objectstore.gov.bc.ca/gdwuts/093/093o/2025/dem/bc_093o025_3_3_3_xli1m_utm10_20250804_20250805.tif,200,True,,2026-08-29T19:29:48.319177+00:00
https://nrs.objectstore.gov.bc.ca/gdwuts/093/093o/2025/dem/bc_093o025_3_3_4_xli1m_utm10_20250804_20250805.tif,200,True,,2026-08-29T19:29:48.330446+00:00
https://nrs.objectstore.gov.bc.ca/gdwuts/093/093o/2025/dem/bc_093o025_3_4_1_xli1m_utm10_20250804_20250805.tif,200,True,,2026-08-29T19:29:48.345228+00:00
https://nrs.objectstore.gov.bc.ca/gdwuts/093/093o/2025/dem/bc_093o025_3_4_2_xli1m_utm10_20250804_20250804.tif,200,True,,2026-08-29T19:29:48.327547+00:00
https://nrs.objectstore.gov.bc.ca/gdwuts/093/093o/2025/dem/bc_093o025_3_4_3_xli1m_utm10_20250804_20250804.tif,200,True,,2026-08-29T19:29:48.394134+00:00
https://nrs.objectstore.gov.bc.ca/gdwuts/093/093o/2025/dem/bc_093o025_3_4_4_xli1m_utm10_20250804_20250804.tif,200,True,,2026-08-29T19:29:48.385363+00:00
https://nrs.objectstore.gov.bc.ca/gdwuts/093/093o/2025/dem/bc_093o025_4_1_1_xli1m_utm10_20250804_20250804.tif,200,True,,2026-08-29T19:29:48.387561+00:00
https://nrs.objectstore.gov.bc.ca/gdwuts/093/093o/2025/dem/bc_093o025_4_1_2_xli1m_utm10_20250804_20250804.tif,200,True,,2026-08-29T19:29:48.379768+00:00
https://nrs.objectstore.gov.bc.ca/gdwuts/093/093o/2025/dem/bc_093o025_4_1_3_xli1m_utm10_20250804_20250804.tif,200,True,,2026-08-29T19:29:48.393326+00:00
https://nrs.objectstore.gov.bc.ca/gdwuts/093/093o/2025/dem/bc_093o025_4_1_4_xli1m_utm10_20250804_20250804.tif,200,True,,2026-08-29T19:29:48.421187+00:00
https://nrs.objectstore.gov.bc.ca/gdwuts/093/093o/2025/dem/bc_093o025_4_2_1_xli1m_utm10_20250804_20250804.tif,200,True,,2026-08-29T19:29:48.413232+00:00
https://nrs.objectstore.gov.bc.ca/gdwuts/093/093o/2025/dem/bc_093o025_4_2_2_xli1m_utm10_20250804_20250804.tif,200,True,,2026-08-29T19:29:48.450805+00:00
https://nrs.objectstore.gov.bc.ca/gdwuts/093/093o/2025/dem/bc_093o025_4_2_3_xli1m_utm10_20250804_20250804.tif,200,True,,2026-08-29T19:29:48.466328+00:00
https://nrs.objectstore.gov.bc.ca/gdwuts/093/093o/2025/dem/bc_093o025_4_2_4_xli1m_utm10_20250804_20250804.tif,200,True,,2026-08-29T19:29:48.448278+00:00
https://nrs.objectstore.gov.bc.ca/gdwuts/093/093o/2025/dem/bc_093o025_4_3_1_xli1m_utm10_20250804_20250804.tif,200,True,,2026-08-29T19:29:48.507235+00:00
https://nrs.objectstore.gov.bc.ca/gdwuts/093/093o/2025/dem/bc_093o025_4_3_2_xli1m_utm10_20250804_20250804.tif,200,True,,2026-08-29T19:29:48.528168+00:00
https://nrs.objectstore.gov.bc.ca/gdwuts/093/093o/2025/dem/bc_093o025_4_3_3_xli1m_utm10_20250804_20250804.tif,200,True,,2026-08-29T19:29:48.514166+00:00
https://nrs.objectstore.gov.bc.ca/gdwuts/093/093o/2025/dem/bc_093o025_4_3_4_xli1m_utm10_20250804_20250804.tif,200,True,,2026-08-29T19:29:48.520214+00:00
https://nrs.objectstore.gov.bc.ca/gdwuts/093/093o/2025/dem/bc_093o025_4_4_1_xli1m_utm10_20250804_20250804.tif,200,True,,2026-08-29T19:29:48.532128+00:00
https://nrs.objectstore.gov.bc.ca/gdwuts/093/093o/2025/dem/bc_093o025_4_4_2_xli1m_utm10_20250804_20250804.tif,200,True,,2026-08-29T19:29:48.551999+00:00
https://nrs.objectstore.gov.bc.ca/gdwuts/093/093o/2025/dem/bc_093o025_4_4_3_xli1m_utm10_20250804_20250804.tif,200,True,,2026-08-29T19:29:48.571162+00:00
https://nrs.objectstore.gov.bc.ca/gdwuts/093/093o/2025/dem/bc_093o026_1_1_1_xli1m_utm10_20250804_20250804.tif,200,True,,2026-08-29T19:29:48.607216+00:00
https://nrs.objectstore.gov.bc.ca/gdwuts/093/093o/2025/dem/bc_093o026_1_1_2_xli1m_utm10_20250804_20250804.tif,200,True,,2026-08-29T19:29:48.625229+00:00
https://nrs.objectstore.gov.bc.ca/gdwuts/093/093o/2025/dem/bc_093o026_1_1_4_xli1m_utm10_20250804_20250804.tif,200,True,,2026-08-29T19:29:48.620017+00:00
https://nrs.objectstore.gov.bc.ca/gdwuts/093/093o/2025/dem/bc_093o026_1_2_1_xli1m_utm10_20250804_20250804.tif,200,True,,2026-08-29T19:29:48.641572+00:00
https://nrs.objectstore.gov.bc.ca/gdwuts/093/093o/2025/dem/bc_093o026_1_2_3_xli1m_utm10_20250804_20250804.tif,200,True,,2026-08-29T19:29:48.630478+00:00
https://nrs.objectstore.gov.bc.ca/gdwuts/093/093o/2025/dem/bc_093o026_1_3_1_xli1m_utm10_20250804_20250804.tif,200,True,,2026-08-29T19:29:48.651327+00:00
https://nrs.objectstore.gov.bc.ca/gdwuts/093/093o/2025/dem/bc_093o026_1_3_2_xli1m_utm10_20250804_20250804.tif,200,True,,2026-08-29T19:29:48.645286+00:00
https://nrs.objectstore.gov.bc.ca/gdwuts/093/093o/2025/dem/bc_093o026_1_3_3_xli1m_utm10_20250804_20250804.tif,200,True,,2026-08-29T19:29:48.654507+00:00
https://nrs.objectstore.gov.bc.ca/gdwuts/093/093o/2025/dem/bc_093o026_1_3_4_xli1m_utm10_20250804_20250804.tif,200,True,,2026-08-29T19:29:48.668182+00:00
https://nrs.objectstore.gov.bc.ca/gdwuts/093/093o/2025/dem/bc_093o026_3_1_1_xli1m_utm10_20250804_20250804.tif,200,True,,2026-08-29T19:29:48.703212+00:00
https://nrs.objectstore.gov.bc.ca/gdwuts/093/093o/2025/dem/bc_093o031_1_1_1_xli1m_utm10_20250515_20250515.tif,200,True,,2026-08-29T19:29:48.734212+00:00
https://nrs.objectstore.gov.bc.ca/gdwuts/093/093o/2025/dem/bc_093o031_1_1_2_xli1m_utm10_20250515_20250515.tif,200,True,,2026-08-29T19:29:48.707147+00:00
https://nrs.objectstore.gov.bc.ca/gdwuts/093/093o/2025/dem/bc_093o031_1_1_3_xli1m_utm10_20250515_20250515.tif,200,True,,2026-08-29T19:29:48.722468+00:00
https://nrs.objectstore.gov.bc.ca/gdwuts/093/093o/2025/dem/bc_093o031_1_1_4_xli1m_utm10_20250515_20250515.tif,200,True,,2026-08-29T19:29:48.711139+00:00
https://nrs.objectstore.gov.bc.ca/gdwuts/093/093o/2025/dem/bc_093o031_1_2_1_xli1m_utm10_20250515_20250515.tif,200,True,,2026-08-29T19:29:48.736806+00:00
https://nrs.objectstore.gov.bc.ca/gdwuts/093/093o/2025/dem/bc_093o031_1_2_2_xli1m_utm10_20250515_20250515.tif,200,True,,2026-08-29T19:29:48.743811+00:00
https://nrs.objectstore.gov.bc.ca/gdwuts/093/093o/2025/dem/bc_093o031_1_2_3_xli1m_utm10_20250515_20250515.tif,200,True,,2026-08-29T19:29:48.808423+00:00
https://nrs.objectstore.gov.bc.ca/gdwuts/093/093o/2025/dem/bc_093o031_1_2_4_xli1m_utm10_20250515_20250515.tif,200,True,,2026-08-29T19:29:48.838649+00:00
https://nrs.objectstore.gov.bc.ca/gdwuts/093/093o/2025/dem/bc_093o031_1_3_1_xli1m_utm10_20250515_20250515.tif,200,True,,2026-08-29T19:29:48.826593+00:00
https://nrs.objectstore.gov.bc.ca/gdwuts/093/093o/2025/dem/bc_093o031_1_3_2_xli1m_utm10_20250515_20250515.tif,200,True,,2026-08-29T19:29:48.839122+00:00
https://nrs.objectstore.gov.bc.ca/gdwuts/093/093o/2025/dem/bc_093o031_1_3_3_xli1m_utm10_20250515_20250515.tif,200,True,,2026-08-29T19:29:48.822213+00:00
https://nrs.objectstore.gov.bc.ca/gdwuts/093/093o/2025/dem/bc_093o031_1_3_4_xli1m_utm10_20250515_20250515.tif,200,True,,2026-08-29T19:29:48.847750+00:00
https://nrs.objectstore.gov.bc.ca/gdwuts/093/093o/2025/dem/bc_093o031_1_4_1_xli1m_utm10_20250515_20250515.tif,200,True,,2026-08-29T19:29:48.851854+00:00
https://nrs.objectstore.gov.bc.ca/gdwuts/093/093o/2025/dem/bc_093o031_1_4_2_xli1m_utm10_20250515_20250515.tif,200,True,,2026-08-29T19:29:48.870859+00:00
https://nrs.objectstore.gov.bc.ca/gdwuts/093/093o/2025/dem/bc_093o031_1_4_3_xli1m_utm10_20250515_20250515.tif,200,True,,2026-08-29T19:29:48.892258+00:00
https://nrs.objectstore.gov.bc.ca/gdwuts/093/093o/2025/dem/bc_093o031_1_4_4_xli1m_utm10_20250515_20250812.tif,200,True,,2026-08-29T19:29:48.904594+00:00
https://nrs.objectstore.gov.bc.ca/gdwuts/093/093o/2025/dem/bc_093o031_2_1_1_xli1m_utm10_20250515_20250515.tif,200,True,,2026-08-29T19:29:48.930492+00:00
https://nrs.objectstore.gov.bc.ca/gdwuts/093/093o/2025/dem/bc_093o031_2_1_2_xli1m_utm10_20250515_20250812.tif,200,True,,2026-08-29T19:29:48.938266+00:00
https://nrs.objectstore.gov.bc.ca/gdwuts/093/093o/2025/dem/bc_093o031_2_1_3_xli1m_utm10_20250515_20250515.tif,200,True,,2026-08-29T19:29:48.922259+00:00
https://nrs.objectstore.gov.bc.ca/gdwuts/093/093o/2025/dem/bc_093o031_2_1_4_xli1m_utm10_20250515_20250812.tif,200,True,,2026-08-29T19:29:48.941130+00:00
https://nrs.objectstore.gov.bc.ca/gdwuts/093/093o/2025/dem/bc_093o031_2_2_1_xli1m_utm10_20250515_20251005.tif,200,True,,2026-08-29T19:29:48.946136+00:00
https://nrs.objectstore.gov.bc.ca/gdwuts/093/093o/2025/dem/bc_093o031_2_2_3_xli1m_utm10_20250515_20251005.tif,200,True,,2026-08-29T19:29:48.980197+00:00
https://nrs.objectstore.gov.bc.ca/gdwuts/093/093o/2025/dem/bc_093o031_2_3_1_xli1m_utm10_20250515_20250812.tif,200,True,,2026-08-29T19:29:48.958180+00:00
https://nrs.objectstore.gov.bc.ca/gdwuts/093/093o/2025/dem/bc_093o031_2_3_2_xli1m_utm10_20250515_20250812.tif,200,True,,2026-08-29T19:29:49.074257+00:00
https://nrs.objectstore.gov.bc.ca/gdwuts/093/093o/2025/dem/bc_093o031_2_3_3_xli1m_utm10_20250515_20250812.tif,200,True,,2026-08-29T19:29:49.005705+00:00
https://nrs.objectstore.gov.bc.ca/gdwuts/093/093o/2025/dem/bc_093o031_2_3_4_xli1m_utm10_20250515_20251005.tif,200,True,,2026-08-29T19:29:49.035158+00:00
https://nrs.objectstore.gov.bc.ca/gdwuts/093/093o/2025/dem/bc_093o031_2_4_1_xli1m_utm10_20250812_20251005.tif,200,True,,2026-08-29T19:29:49.088087+00:00
https://nrs.objectstore.gov.bc.ca/gdwuts/093/093o/2025/dem/bc_093o031_2_4_3_xli1m_utm10_20250812_20251005.tif,200,True,,2026-08-29T19:29:49.022162+00:00
https://nrs.objectstore.gov.bc.ca/gdwuts/093/093o/2025/dem/bc_093o031_2_4_4_xli1m_utm10_20251005_20251005.tif,200,True,,2026-08-29T19:29:49.085177+00:00
https://nrs.objectstore.gov.bc.ca/gdwuts/093/093o/2025/dem/bc_093o031_3_1_1_xli1m_utm10_20250515_20250515.tif,200,True,,2026-08-29T19:29:49.049177+00:00
https://nrs.objectstore.gov.bc.ca/gdwuts/093/093o/2025/dem/bc_093o031_3_1_2_xli1m_utm10_20250515_20250515.tif,200,True,,2026-08-29T19:29:49.085714+00:00
https://nrs.objectstore.gov.bc.ca/gdwuts/093/093o/2025/dem/bc_093o031_3_1_3_xli1m_utm10_20250515_20250515.tif,200,True,,2026-08-29T19:29:49.100042+00:00
https://nrs.objectstore.gov.bc.ca/gdwuts/093/093o/2025/dem/bc_093o031_3_1_4_xli1m_utm10_20250515_20250515.tif,200,True,,2026-08-29T19:29:49.155441+00:00
https://nrs.objectstore.gov.bc.ca/gdwuts/093/093o/2025/dem/bc_093o031_3_2_1_xli1m_utm10_20250515_20250515.tif,200,True,,2026-08-29T19:29:49.116165+00:00
https://nrs.objectstore.gov.bc.ca/gdwuts/093/093o/2025/dem/bc_093o031_3_2_2_xli1m_utm10_20250515_20250812.tif,200,True,,2026-08-29T19:29:49.164672+00:00
https://nrs.objectstore.gov.bc.ca/gdwuts/093/093o/2025/dem/bc_093o031_3_2_3_xli1m_utm10_20250515_20251004.tif,200,True,,2026-08-29T19:29:49.121346+00:00
https://nrs.objectstore.gov.bc.ca/gdwuts/093/093o/2025/dem/bc_093o031_3_2_4_xli1m_utm10_20250515_20250812.tif,200,True,,2026-08-29T19:29:49.147302+00:00
https://nrs.objectstore.gov.bc.ca/gdwuts/093/093o/2025/dem/bc_093o031_3_3_1_xli1m_utm10_20250515_20250515.tif,200,True,,2026-08-29T19:29:49.197796+00:00
https://nrs.objectstore.gov.bc.ca/gdwuts/093/093o/2025/dem/bc_093o031_3_3_2_xli1m_utm10_20250515_20250515.tif,200,True,,2026-08-29T19:29:49.177909+00:00
https://nrs.objectstore.gov.bc.ca/gdwuts/093/093o/2025/dem/bc_093o031_3_3_3_xli1m_utm10_20250515_20250515.tif,200,True,,2026-08-29T19:29:49.186283+00:00
https://nrs.objectstore.gov.bc.ca/gdwuts/093/093o/2025/dem/bc_093o031_3_3_4_xli1m_utm10_20250515_20251004.tif,200,True,,2026-08-29T19:29:49.206580+00:00
https://nrs.objectstore.gov.bc.ca/gdwuts/093/093o/2025/dem/bc_093o031_3_4_1_xli1m_utm10_20250515_20251004.tif,200,True,,2026-08-29T19:29:49.326470+00:00
https://nrs.objectstore.gov.bc.ca/gdwuts/093/093o/2025/dem/bc_093o031_3_4_2_xli1m_utm10_20250515_20251004.tif,200,True,,2026-08-29T19:29:49.214267+00:00
https://nrs.objectstore.gov.bc.ca/gdwuts/093/093o/2025/dem/bc_093o031_3_4_3_xli1m_utm10_20250515_20251004.tif,200,True,,2026-08-29T19:29:49.245452+00:00
https://nrs.objectstore.gov.bc.ca/gdwuts/093/093o/2025/dem/bc_093o031_3_4_4_xli1m_utm10_20250515_20251004.tif,200,True,,2026-08-29T19:29:49.329704+00:00
https://nrs.objectstore.gov.bc.ca/gdwuts/093/093o/2025/dem/bc_093o031_4_1_1_xli1m_utm10_20250515_20250812.tif,200,True,,2026-08-29T19:29:49.274252+00:00
https://nrs.objectstore.gov.bc.ca/gdwuts/093/093o/2025/dem/bc_093o031_4_1_2_xli1m_utm10_20250812_20251005.tif,200,True,,2026-08-29T19:29:49.320309+00:00
https://nrs.objectstore.gov.bc.ca/gdwuts/093/093o/2025/dem/bc_093o031_4_1_3_xli1m_utm10_20250515_20250812.tif,200,True,,2026-08-29T19:29:49.316579+00:00
https://nrs.objectstore.gov.bc.ca/gdwuts/093/093o/2025/dem/bc_093o031_4_1_4_xli1m_utm10_20250812_20251005.tif,200,True,,2026-08-29T19:29:49.322731+00:00
https://nrs.objectstore.gov.bc.ca/gdwuts/093/093o/2025/dem/bc_093o031_4_2_1_xli1m_utm10_20250812_20251005.tif,200,True,,2026-08-29T19:29:49.294291+00:00
https://nrs.objectstore.gov.bc.ca/gdwuts/093/093o/2025/dem/bc_093o031_4_2_2_xli1m_utm10_20251005_20251005.tif,200,True,,2026-08-29T19:29:49.333702+00:00
https://nrs.objectstore.gov.bc.ca/gdwuts/093/093o/2025/dem/bc_093o031_4_2_3_xli1m_utm10_20250812_20251005.tif,200,True,,2026-08-29T19:29:49.378615+00:00
https://nrs.objectstore.gov.bc.ca/gdwuts/093/093o/2025/dem/bc_093o031_4_2_4_xli1m_utm10_20251005_20251005.tif,200,True,,2026-08-29T19:29:49.384873+00:00
https://nrs.objectstore.gov.bc.ca/gdwuts/093/093o/2025/dem/bc_093o031_4_3_1_xli1m_utm10_20250812_20250812.tif,200,True,,2026-08-29T19:29:49.368245+00:00
https://nrs.objectstore.gov.bc.ca/gdwuts/093/093o/2025/dem/bc_093o031_4_3_2_xli1m_utm10_20250812_20251005.tif,200,True,,2026-08-29T19:29:49.376160+00:00
https://nrs.objectstore.gov.bc.ca/gdwuts/093/093o/2025/dem/bc_093o031_4_3_3_xli1m_utm10_20250812_20251005.tif,200,True,,2026-08-29T19:29:49.392131+00:00
https://nrs.objectstore.gov.bc.ca/gdwuts/093/093o/2025/dem/bc_093o031_4_3_4_xli1m_utm10_20250812_20251005.tif,200,True,,2026-08-29T19:29:49.408136+00:00
https://nrs.objectstore.gov.bc.ca/gdwuts/093/093o/2025/dem/bc_093o031_4_4_1_xli1m_utm10_20251005_20251005.tif,200,True,,2026-08-29T19:29:49.420141+00:00
https://nrs.objectstore.gov.bc.ca/gdwuts/093/093o/2025/dem/bc_093o031_4_4_2_xli1m_utm10_20251005_20251005.tif,200,True,,2026-08-29T19:29:49.417228+00:00
https://nrs.objectstore.gov.bc.ca/gdwuts/093/093o/2025/dem/bc_093o031_4_4_3_xli1m_utm10_20251005_20251005.tif,200,True,,2026-08-29T19:29:49.435107+00:00
https://nrs.objectstore.gov.bc.ca/gdwuts/093/093o/2025/dem/bc_093o031_4_4_4_xli1m_utm10_20251005_20251005.tif,200,True,,2026-08-29T19:29:49.449161+00:00
https://nrs.objectstore.gov.bc.ca/gdwuts/093/093o/2025/dem/bc_093o032_1_1_2_xli1m_utm10_20251005_20251005.tif,200,True,,2026-08-29T19:29:49.536917+00:00
https://nrs.objectstore.gov.bc.ca/gdwuts/093/093o/2025/dem/bc_093o032_1_1_4_xli1m_utm10_20251005_20251005.tif,200,True,,2026-08-29T19:29:49.512643+00:00
https://nrs.objectstore.gov.bc.ca/gdwuts/093/093o/2025/dem/bc_093o032_1_2_1_xli1m_utm10_20251005_20251005.tif,200,True,,2026-08-29T19:29:49.538664+00:00
https://nrs.objectstore.gov.bc.ca/gdwuts/093/093o/2025/dem/bc_093o032_1_3_2_xli1m_utm10_20251005_20251005.tif,200,True,,2026-08-29T19:29:49.544340+00:00
https://nrs.objectstore.gov.bc.ca/gdwuts/093/093o/2025/dem/bc_093o032_1_3_3_xli1m_utm10_20251005_20251005.tif,200,True,,2026-08-29T19:29:49.506347+00:00
https://nrs.objectstore.gov.bc.ca/gdwuts/093/093o/2025/dem/bc_093o032_1_3_4_xli1m_utm10_20251005_20251005.tif,200,True,,2026-08-29T19:29:49.545541+00:00
https://nrs.objectstore.gov.bc.ca/gdwuts/093/093o/2025/dem/bc_093o032_3_1_1_xli1m_utm10_20251005_20251005.tif,200,True,,2026-08-29T19:29:49.626750+00:00
https://nrs.objectstore.gov.bc.ca/gdwuts/093/093o/2025/dem/bc_093o032_3_1_2_xli1m_utm10_20251005_20251005.tif,200,True,,2026-08-29T19:29:49.625069+00:00
https://nrs.objectstore.gov.bc.ca/gdwuts/093/093o/2025/dem/bc_093o032_3_1_3_xli1m_utm10_20251005_20251005.tif,200,True,,2026-08-29T19:29:49.595240+00:00
https://nrs.objectstore.gov.bc.ca/gdwuts/093/093o/2025/dem/bc_093o032_4_4_2_xli1m_utm10_20250811_20250811.tif,200,True,,2026-08-29T19:29:49.639386+00:00
https://nrs.objectstore.gov.bc.ca/gdwuts/093/093o/2025/dem/bc_093o032_4_4_4_xli1m_utm10_20250811_20250811.tif,200,True,,2026-08-29T19:29:49.606871+00:00
https://nrs.objectstore.gov.bc.ca/gdwuts/093/093o/2025/dem/bc_093o033_1_1_2_xli1m_utm10_20250811_20250811.tif,200,True,,2026-08-29T19:29:49.666855+00:00
https://nrs.objectstore.gov.bc.ca/gdwuts/093/093o/2025/dem/bc_093o033_1_1_4_xli1m_utm10_20250811_20250811.tif,200,True,,2026-08-29T19:29:49.652649+00:00
https://nrs.objectstore.gov.bc.ca/gdwuts/093/093o/2025/dem/bc_093o033_1_2_1_xli1m_utm10_20250811_20250811.tif,200,True,,2026-08-29T19:29:49.617972+00:00
https://nrs.objectstore.gov.bc.ca/gdwuts/093/093o/2025/dem/bc_093o033_1_2_3_xli1m_utm10_20250811_20250811.tif,200,True,,2026-08-29T19:29:49.635674+00:00
https://nrs.objectstore.gov.bc.ca/gdwuts/093/093o/2025/dem/bc_093o033_1_3_1_xli1m_utm10_20250811_20250811.tif,200,True,,2026-08-29T19:29:49.641706+00:00
https://nrs.objectstore.gov.bc.ca/gdwuts/093/093o/2025/dem/bc_093o033_1_3_2_xli1m_utm10_20250811_20250811.tif,200,True,,2026-08-29T19:29:49.688128+00:00
https://nrs.objectstore.gov.bc.ca/gdwuts/093/093o/2025/dem/bc_093o033_1_3_3_xli1m_utm10_20250811_20250811.tif,200,True,,2026-08-29T19:29:49.684898+00:00
https://nrs.objectstore.gov.bc.ca/gdwuts/093/093o/2025/dem/bc_093o033_1_3_4_xli1m_utm10_20250811_20250811.tif,200,True,,2026-08-29T19:29:49.722024+00:00
https://nrs.objectstore.gov.bc.ca/gdwuts/093/093o/2025/dem/bc_093o033_1_4_1_xli1m_utm10_20250811_20250811.tif,200,True,,2026-08-29T19:29:49.721527+00:00
https://nrs.objectstore.gov.bc.ca/gdwuts/093/093o/2025/dem/bc_093o033_2_4_4_xli1m_utm10_20250806_20250810.tif,200,True,,2026-08-29T19:29:49.719218+00:00
https://nrs.objectstore.gov.bc.ca/gdwuts/093/093o/2025/dem/bc_093o033_3_1_1_xli1m_utm10_20250811_20250811.tif,200,True,,2026-08-29T19:29:49.742186+00:00
https://nrs.objectstore.gov.bc.ca/gdwuts/093/093o/2025/dem/bc_093o033_3_1_2_xli1m_utm10_20250811_20250811.tif,200,True,,2026-08-29T19:29:49.748183+00:00
https://nrs.objectstore.gov.bc.ca/gdwuts/093/093o/2025/dem/bc_093o033_3_1_3_xli1m_utm10_20250811_20250811.tif,200,True,,2026-08-29T19:29:49.760923+00:00
https://nrs.objectstore.gov.bc.ca/gdwuts/093/093o/2025/dem/bc_093o033_3_1_4_xli1m_utm10_20250811_20250811.tif,200,True,,2026-08-29T19:29:49.845527+00:00
https://nrs.objectstore.gov.bc.ca/gdwuts/093/093o/2025/dem/bc_093o033_3_3_1_xli1m_utm10_20250811_20250811.tif,200,True,,2026-08-29T19:29:49.820197+00:00
https://nrs.objectstore.gov.bc.ca/gdwuts/093/093o/2025/dem/bc_093o033_3_3_2_xli1m_utm10_20250811_20250811.tif,200,True,,2026-08-29T19:29:49.845128+00:00
https://nrs.objectstore.gov.bc.ca/gdwuts/093/093o/2025/dem/bc_093o033_3_3_3_xli1m_utm10_20250811_20250811.tif,200,True,,2026-08-29T19:29:49.840447+00:00
https://nrs.objectstore.gov.bc.ca/gdwuts/093/093o/2025/dem/bc_093o033_4_2_2_xli1m_utm10_20250806_20250810.tif,200,True,,2026-08-29T19:29:49.861012+00:00
https://nrs.objectstore.gov.bc.ca/gdwuts/093/093o/2025/dem/bc_093o033_4_2_3_xli1m_utm10_20250806_20250810.tif,200,True,,2026-08-29T19:29:49.856974+00:00
https://nrs.objectstore.gov.bc.ca/gdwuts/093/093o/2025/dem/bc_093o033_4_3_2_xli1m_utm10_20250806_20250810.tif,200,True,,2026-08-29T19:29:49.881132+00:00
https://nrs.objectstore.gov.bc.ca/gdwuts/093/093o/2025/dem/bc_093o033_4_3_4_xli1m_utm10_20250806_20250810.tif,200,True,,2026-08-29T19:29:49.893157+00:00
https://nrs.objectstore.gov.bc.ca/gdwuts/093/093o/2025/dem/bc_093o033_4_4_1_xli1m_utm10_20250806_20250806.tif,200,True,,2026-08-29T19:29:49.910928+00:00
https://nrs.objectstore.gov.bc.ca/gdwuts/093/093o/2025/dem/bc_093o034_1_1_1_xli1m_utm10_20250806_20250811.tif,200,True,,2026-08-29T19:29:49.917148+00:00
https://nrs.objectstore.gov.bc.ca/gdwuts/093/093o/2025/dem/bc_093o034_1_1_2_xli1m_utm10_20250806_20250811.tif,200,True,,2026-08-29T19:29:49.905685+00:00
https://nrs.objectstore.gov.bc.ca/gdwuts/093/093o/2025/dem/bc_093o034_1_1_3_xli1m_utm10_20250806_20250811.tif,200,True,,2026-08-29T19:29:49.950650+00:00
https://nrs.objectstore.gov.bc.ca/gdwuts/093/093o/2025/dem/bc_093o034_1_1_4_xli1m_utm10_20250806_20250810.tif,200,True,,2026-08-29T19:29:49.940201+00:00
https://nrs.objectstore.gov.bc.ca/gdwuts/093/093o/2025/dem/bc_093o034_1_3_1_xli1m_utm10_20250806_20250810.tif,200,True,,2026-08-29T19:29:49.937134+00:00
https://nrs.objectstore.gov.bc.ca/gdwuts/093/093o/2025/dem/bc_093o034_1_4_2_xli1m_utm10_20250805_20250805.tif,200,True,,2026-08-29T19:29:49.955168+00:00
https://nrs.objectstore.gov.bc.ca/gdwuts/093/093o/2025/dem/bc_093o034_1_4_4_xli1m_utm10_20250805_20250805.tif,200,True,,2026-08-29T19:29:49.960263+00:00
https://nrs.objectstore.gov.bc.ca/gdwuts/093/093o/2025/dem/bc_093o034_2_1_2_xli1m_utm10_20250805_20250805.tif,200,True,,2026-08-29T19:29:49.983956+00:00
https://nrs.objectstore.gov.bc.ca/gdwuts/093/093o/2025/dem/bc_093o034_2_1_3_xli1m_utm10_20250805_20250805.tif,200,True,,2026-08-29T19:29:50.061226+00:00
https://nrs.objectstore.gov.bc.ca/gdwuts/093/093o/2025/dem/bc_093o034_2_1_4_xli1m_utm10_20250805_20250805.tif,200,True,,2026-08-29T19:29:50.065226+00:00
https://nrs.objectstore.gov.bc.ca/gdwuts/093/093o/2025/dem/bc_093o034_2_2_1_xli1m_utm10_20250805_20250805.tif,200,True,,2026-08-29T19:29:50.054738+00:00
https://nrs.objectstore.gov.bc.ca/gdwuts/093/093o/2025/dem/bc_093o034_2_2_2_xli1m_utm10_20250805_20250805.tif,200,True,,2026-08-29T19:29:50.025232+00:00
https://nrs.objectstore.gov.bc.ca/gdwuts/093/093o/2025/dem/bc_093o042_2_2_2_xli1m_utm10_20250811_20250811.tif,200,True,,2026-08-29T19:29:50.050242+00:00
https://nrs.objectstore.gov.bc.ca/gdwuts/093/093o/2025/dem/bc_093o042_2_2_4_xli1m_utm10_20250811_20250811.tif,200,True,,2026-08-29T19:29:50.116492+00:00
https://nrs.objectstore.gov.bc.ca/gdwuts/093/093o/2025/dem/bc_093o042_2_4_1_xli1m_utm10_20250811_20250811.tif,200,True,,2026-08-29T19:29:50.126838+00:00
https://nrs.objectstore.gov.bc.ca/gdwuts/093/093o/2025/dem/bc_093o042_2_4_2_xli1m_utm10_20250811_20250811.tif,200,True,,2026-08-29T19:29:50.134431+00:00
https://nrs.objectstore.gov.bc.ca/gdwuts/093/093o/2025/dem/bc_093o042_2_4_3_xli1m_utm10_20250811_20250811.tif,200,True,,2026-08-29T19:29:50.131393+00:00
https://nrs.objectstore.gov.bc.ca/gdwuts/093/093o/2025/dem/bc_093o042_2_4_4_xli1m_utm10_20250811_20250811.tif,200,True,,2026-08-29T19:29:50.102305+00:00
https://nrs.objectstore.gov.bc.ca/gdwuts/093/093o/2025/dem/bc_093o042_3_4_4_xli1m_utm10_20250811_20250912.tif,200,True,,2026-08-29T19:29:50.158839+00:00
https://nrs.objectstore.gov.bc.ca/gdwuts/093/093o/2025/dem/bc_093o042_4_2_1_xli1m_utm10_20250811_20250811.tif,200,True,,2026-08-29T19:29:50.163572+00:00
https://nrs.objectstore.gov.bc.ca/gdwuts/093/093o/2025/dem/bc_093o042_4_2_2_xli1m_utm10_20250810_20250811.tif,200,True,,2026-08-29T19:29:50.174082+00:00
https://nrs.objectstore.gov.bc.ca/gdwuts/093/093o/2025/dem/bc_093o042_4_2_3_xli1m_utm10_20250811_20250811.tif,200,True,,2026-08-29T19:29:50.183217+00:00
https://nrs.objectstore.gov.bc.ca/gdwuts/093/093o/2025/dem/bc_093o042_4_2_4_xli1m_utm10_20250806_20250811.tif,200,True,,2026-08-29T19:29:50.178530+00:00
https://nrs.objectstore.gov.bc.ca/gdwuts/093/093o/2025/dem/bc_093o042_4_3_2_xli1m_utm10_20250811_20250912.tif,200,True,,2026-08-29T19:29:50.185892+00:00
https://nrs.objectstore.gov.bc.ca/gdwuts/093/093o/2025/dem/bc_093o042_4_3_3_xli1m_utm10_20250811_20250912.tif,200,True,,2026-08-29T19:29:50.195172+00:00
https://nrs.objectstore.gov.bc.ca/gdwuts/093/093o/2025/dem/bc_093o042_4_3_4_xli1m_utm10_20250810_20250811.tif,200,True,,2026-08-29T19:29:50.239013+00:00
https://nrs.objectstore.gov.bc.ca/gdwuts/093/093o/2025/dem/bc_093o042_4_4_1_xli1m_utm10_20250810_20250811.tif,200,True,,2026-08-29T19:29:50.258152+00:00
https://nrs.objectstore.gov.bc.ca/gdwuts/093/093o/2025/dem/bc_093o042_4_4_2_xli1m_utm10_20250806_20250811.tif,200,True,,2026-08-29T19:29:50.250587+00:00
https://nrs.objectstore.gov.bc.ca/gdwuts/093/093o/2025/dem/bc_093o042_4_4_3_xli1m_utm10_20250806_20250811.tif,200,True,,2026-08-29T19:29:50.245390+00:00
https://nrs.objectstore.gov.bc.ca/gdwuts/093/093o/2025/dem/bc_093o042_4_4_4_xli1m_utm10_20250806_20250811.tif,200,True,,2026-08-29T19:29:50.275133+00:00
https://nrs.objectstore.gov.bc.ca/gdwuts/093/093o/2025/dem/bc_093o043_1_1_1_xli1m_utm10_20250811_20250811.tif,200,True,,2026-08-29T19:29:50.300118+00:00
https://nrs.objectstore.gov.bc.ca/gdwuts/093/093o/2025/dem/bc_093o043_1_1_3_xli1m_utm10_20250811_20250811.tif,200,True,,2026-08-29T19:29:50.294875+00:00
https://nrs.objectstore.gov.bc.ca/gdwuts/093/093o/2025/dem/bc_093o043_1_2_4_xli1m_utm10_20250806_20250810.tif,200,True,,2026-08-29T19:29:50.323389+00:00
https://nrs.objectstore.gov.bc.ca/gdwuts/093/093o/2025/dem/bc_093o043_1_3_1_xli1m_utm10_20250811_20250811.tif,200,True,,2026-08-29T19:29:50.320170+00:00
https://nrs.objectstore.gov.bc.ca/gdwuts/093/093o/2025/dem/bc_093o043_1_3_3_xli1m_utm10_20250810_20250811.tif,200,True,,2026-08-29T19:29:50.388086+00:00
https://nrs.objectstore.gov.bc.ca/gdwuts/093/093o/2025/dem/bc_093o043_1_4_2_xli1m_utm10_20250806_20250810.tif,200,True,,2026-08-29T19:29:50.370137+00:00
https://nrs.objectstore.gov.bc.ca/gdwuts/093/093o/2025/dem/bc_093o043_1_4_3_xli1m_utm10_20250806_20250810.tif,200,True,,2026-08-29T19:29:50.391754+00:00
https://nrs.objectstore.gov.bc.ca/gdwuts/093/093o/2025/dem/bc_093o043_2_1_1_xli1m_utm10_20250806_20250810.tif,200,True,,2026-08-29T19:29:50.361234+00:00
https://nrs.objectstore.gov.bc.ca/gdwuts/093/093o/2025/dem/bc_093o043_2_1_3_xli1m_utm10_20250806_20250806.tif,200,True,,2026-08-29T19:29:50.417858+00:00
https://nrs.objectstore.gov.bc.ca/gdwuts/093/093o/2025/dem/bc_093o043_2_2_2_xli1m_utm10_20250805_20250805.tif,200,True,,2026-08-29T19:29:50.375124+00:00
https://nrs.objectstore.gov.bc.ca/gdwuts/093/093o/2025/dem/bc_093o043_2_2_4_xli1m_utm10_20250805_20250805.tif,200,True,,2026-08-29T19:29:50.436171+00:00
https://nrs.objectstore.gov.bc.ca/gdwuts/093/093o/2025/dem/bc_093o043_2_3_4_xli1m_utm10_20250805_20250805.tif,200,True,,2026-08-29T19:29:50.422407+00:00
https://nrs.objectstore.gov.bc.ca/gdwuts/093/093o/2025/dem/bc_093o043_2_4_1_xli1m_utm10_20250805_20250805.tif,200,True,,2026-08-29T19:29:50.507732+00:00
https://nrs.objectstore.gov.bc.ca/gdwuts/093/093o/2025/dem/bc_093o043_2_4_2_xli1m_utm10_20250805_20250805.tif,200,True,,2026-08-29T19:29:50.441252+00:00
https://nrs.objectstore.gov.bc.ca/gdwuts/093/093o/2025/dem/bc_093o043_2_4_3_xli1m_utm10_20250805_20250805.tif,200,True,,2026-08-29T19:29:50.461165+00:00
https://nrs.objectstore.gov.bc.ca/gdwuts/093/093o/2025/dem/bc_093o043_2_4_4_xli1m_utm10_20250805_20250805.tif,200,True,,2026-08-29T19:29:50.465352+00:00
https://nrs.objectstore.gov.bc.ca/gdwuts/093/093o/2025/dem/bc_093o043_3_1_1_xli1m_utm10_20250806_20250811.tif,200,True,,2026-08-29T19:29:50.501173+00:00
https://nrs.objectstore.gov.bc.ca/gdwuts/093/093o/2025/dem/bc_093o043_3_1_2_xli1m_utm10_20250806_20250811.tif,200,True,,2026-08-29T19:29:50.487271+00:00
https://nrs.objectstore.gov.bc.ca/gdwuts/093/093o/2025/dem/bc_093o043_3_1_3_xli1m_utm10_20250806_20250811.tif,200,True,,2026-08-29T19:29:50.509565+00:00
https://nrs.objectstore.gov.bc.ca/gdwuts/093/093o/2025/dem/bc_093o043_3_1_4_xli1m_utm10_20250806_20250811.tif,200,True,,2026-08-29T19:29:50.521132+00:00
https://nrs.objectstore.gov.bc.ca/gdwuts/093/093o/2025/dem/bc_093o043_3_2_1_xli1m_utm10_20250806_20250806.tif,200,True,,2026-08-29T19:29:50.536179+00:00
https://nrs.objectstore.gov.bc.ca/gdwuts/093/093o/2025/dem/bc_093o043_3_3_1_xli1m_utm10_20250806_20250811.tif,200,True,,2026-08-29T19:29:50.559745+00:00
https://nrs.objectstore.gov.bc.ca/gdwuts/093/093o/2025/dem/bc_093o043_3_3_3_xli1m_utm10_20250806_20250806.tif,200,True,,2026-08-29T19:29:50.549146+00:00
https://nrs.objectstore.gov.bc.ca/gdwuts/093/093o/2025/dem/bc_093o043_3_4_2_xli1m_utm10_20250805_20250805.tif,200,True,,2026-08-29T19:29:50.592742+00:00
https://nrs.objectstore.gov.bc.ca/gdwuts/093/093o/2025/dem/bc_093o043_3_4_4_xli1m_utm10_20250805_20250805.tif,200,True,,2026-08-29T19:29:50.571135+00:00
https://nrs.objectstore.gov.bc.ca/gdwuts/093/093o/2025/dem/bc_093o043_4_1_2_xli1m_utm10_20250805_20250805.tif,200,True,,2026-08-29T19:29:50.607010+00:00
https://nrs.objectstore.gov.bc.ca/gdwuts/093/093o/2025/dem/bc_093o043_4_1_3_xli1m_utm10_20250805_20250805.tif,200,True,,2026-08-29T19:29:50.601278+00:00
https://nrs.objectstore.gov.bc.ca/gdwuts/093/093o/2025/dem/bc_093o043_4_1_4_xli1m_utm10_20250805_20250805.tif,200,True,,2026-08-29T19:29:50.623199+00:00
https://nrs.objectstore.gov.bc.ca/gdwuts/093/093o/2025/dem/bc_093o043_4_2_1_xli1m_utm10_20250805_20250805.tif,200,True,,2026-08-29T19:29:50.664165+00:00
https://nrs.objectstore.gov.bc.ca/gdwuts/093/093o/2025/dem/bc_093o043_4_2_2_xli1m_utm10_20250804_20250805.tif,200,True,,2026-08-29T19:29:50.659291+00:00
https://nrs.objectstore.gov.bc.ca/gdwuts/093/093o/2025/dem/bc_093o043_4_2_3_xli1m_utm10_20250805_20250805.tif,200,True,,2026-08-29T19:29:50.631207+00:00
https://nrs.objectstore.gov.bc.ca/gdwuts/093/093o/2025/dem/bc_093o043_4_2_4_xli1m_utm10_20250804_20250805.tif,200,True,,2026-08-29T19:29:50.704134+00:00
https://nrs.objectstore.gov.bc.ca/gdwuts/093/093o/2025/dem/bc_093o043_4_3_1_xli1m_utm10_20250805_20250805.tif,200,True,,2026-08-29T19:29:50.697888+00:00
https://nrs.objectstore.gov.bc.ca/gdwuts/093/093o/2025/dem/bc_093o043_4_3_3_xli1m_utm10_20250805_20250805.tif,200,True,,2026-08-29T19:29:50.688144+00:00
https://nrs.objectstore.gov.bc.ca/gdwuts/093/093o/2025/dem/bc_093o043_4_4_2_xli1m_utm10_20250804_20250805.tif,200,True,,2026-08-29T19:29:50.731799+00:00
https://nrs.objectstore.gov.bc.ca/gdwuts/093/093o/2025/dem/bc_093o043_4_4_4_xli1m_utm10_20250804_20250805.tif,200,True,,2026-08-29T19:29:50.728185+00:00
https://nrs.objectstore.gov.bc.ca/gdwuts/093/093o/2025/dem/bc_093o044_1_1_1_xli1m_utm10_20250805_20250805.tif,200,True,,2026-08-29T19:29:50.772039+00:00
https://nrs.objectstore.gov.bc.ca/gdwuts/093/093o/2025/dem/bc_093o044_1_1_2_xli1m_utm10_20250805_20250805.tif,200,True,,2026-08-29T19:29:50.769544+00:00
https://nrs.objectstore.gov.bc.ca/gdwuts/093/093o/2025/dem/bc_093o044_1_1_3_xli1m_utm10_20250805_20250805.tif,200,True,,2026-08-29T19:29:50.763234+00:00
https://nrs.objectstore.gov.bc.ca/gdwuts/093/093o/2025/dem/bc_093o044_1_1_4_xli1m_utm10_20250804_20250805.tif,200,True,,2026-08-29T19:29:50.743394+00:00
https://nrs.objectstore.gov.bc.ca/gdwuts/093/093o/2025/dem/bc_093o044_1_2_1_xli1m_utm10_20250804_20250805.tif,200,True,,2026-08-29T19:29:50.797231+00:00
https://nrs.objectstore.gov.bc.ca/gdwuts/093/093o/2025/dem/bc_093o044_1_2_2_xli1m_utm10_20250804_20250805.tif,200,True,,2026-08-29T19:29:50.802192+00:00
https://nrs.objectstore.gov.bc.ca/gdwuts/093/093o/2025/dem/bc_093o044_1_2_3_xli1m_utm10_20250804_20250805.tif,200,True,,2026-08-29T19:29:50.833452+00:00
https://nrs.objectstore.gov.bc.ca/gdwuts/093/093o/2025/dem/bc_093o044_1_2_4_xli1m_utm10_20250804_20250805.tif,200,True,,2026-08-29T19:29:50.827271+00:00
https://nrs.objectstore.gov.bc.ca/gdwuts/093/093o/2025/dem/bc_093o044_1_3_1_xli1m_utm10_20250805_20250805.tif,200,True,,2026-08-29T19:29:50.810457+00:00
https://nrs.objectstore.gov.bc.ca/gdwuts/093/093o/2025/dem/bc_093o044_1_3_2_xli1m_utm10_20250804_20250805.tif,200,True,,2026-08-29T19:29:50.843194+00:00
https://nrs.objectstore.gov.bc.ca/gdwuts/093/093o/2025/dem/bc_093o044_1_3_3_xli1m_utm10_20250804_20250805.tif,200,True,,2026-08-29T19:29:50.847399+00:00
https://nrs.objectstore.gov.bc.ca/gdwuts/093/093o/2025/dem/bc_093o044_1_3_4_xli1m_utm10_20250804_20250805.tif,200,True,,2026-08-29T19:29:50.877376+00:00
https://nrs.objectstore.gov.bc.ca/gdwuts/093/093o/2025/dem/bc_093o044_1_4_1_xli1m_utm10_20250804_20250805.tif,200,True,,2026-08-29T19:29:50.875150+00:00
https://nrs.objectstore.gov.bc.ca/gdwuts/093/093o/2025/dem/bc_093o044_1_4_2_xli1m_utm10_20250804_20250804.tif,200,True,,2026-08-29T19:29:50.881029+00:00
https://nrs.objectstore.gov.bc.ca/gdwuts/093/093o/2025/dem/bc_093o044_1_4_3_xli1m_utm10_20250804_20250804.tif,200,True,,2026-08-29T19:29:50.927627+00:00
https://nrs.objectstore.gov.bc.ca/gdwuts/093/093o/2025/dem/bc_093o044_1_4_4_xli1m_utm10_20250804_20250804.tif,200,True,,2026-08-29T19:29:50.943218+00:00
https://nrs.objectstore.gov.bc.ca/gdwuts/093/093o/2025/dem/bc_093o044_2_1_1_xli1m_utm10_20250804_20250804.tif,200,True,,2026-08-29T19:29:50.923244+00:00
https://nrs.objectstore.gov.bc.ca/gdwuts/093/093o/2025/dem/bc_093o044_2_1_2_xli1m_utm10_20250804_20250804.tif,200,True,,2026-08-29T19:29:50.947187+00:00
https://nrs.objectstore.gov.bc.ca/gdwuts/093/093o/2025/dem/bc_093o044_2_1_3_xli1m_utm10_20250804_20250804.tif,200,True,,2026-08-29T19:29:50.971273+00:00
https://nrs.objectstore.gov.bc.ca/gdwuts/093/093o/2025/dem/bc_093o044_2_1_4_xli1m_utm10_20250804_20250804.tif,200,True,,2026-08-29T19:29:50.973725+00:00
https://nrs.objectstore.gov.bc.ca/gdwuts/093/093o/2025/dem/bc_093o044_2_2_1_xli1m_utm10_20250804_20250804.tif,200,True,,2026-08-29T19:29:50.999196+00:00
https://nrs.objectstore.gov.bc.ca/gdwuts/093/093o/2025/dem/bc_093o044_2_2_2_xli1m_utm10_20250804_20250804.tif,200,True,,2026-08-29T19:29:51.042306+00:00
https://nrs.objectstore.gov.bc.ca/gdwuts/093/093o/2025/dem/bc_093o044_2_2_3_xli1m_utm10_20250804_20250804.tif,200,True,,2026-08-29T19:29:50.990276+00:00
https://nrs.objectstore.gov.bc.ca/gdwuts/093/093o/2025/dem/bc_093o044_2_2_4_xli1m_utm10_20250804_20250804.tif,200,True,,2026-08-29T19:29:51.018154+00:00
https://nrs.objectstore.gov.bc.ca/gdwuts/093/093o/2025/dem/bc_093o044_2_3_1_xli1m_utm10_20250804_20250804.tif,200,True,,2026-08-29T19:29:51.060185+00:00
https://nrs.objectstore.gov.bc.ca/gdwuts/093/093o/2025/dem/bc_093o044_2_3_2_xli1m_utm10_20250804_20250804.tif,200,True,,2026-08-29T19:29:51.070434+00:00
https://nrs.objectstore.gov.bc.ca/gdwuts/093/093o/2025/dem/bc_093o044_2_3_3_xli1m_utm10_20250804_20250804.tif,200,True,,2026-08-29T19:29:51.049148+00:00
https://nrs.objectstore.gov.bc.ca/gdwuts/093/093o/2025/dem/bc_093o044_2_3_4_xli1m_utm10_20250804_20250804.tif,200,True,,2026-08-29T19:29:51.077176+00:00
https://nrs.objectstore.gov.bc.ca/gdwuts/093/093o/2025/dem/bc_093o044_2_4_1_xli1m_utm10_20250804_20250804.tif,200,True,,2026-08-29T19:29:51.091275+00:00
https://nrs.objectstore.gov.bc.ca/gdwuts/093/093o/2025/dem/bc_093o044_2_4_2_xli1m_utm10_20250804_20250804.tif,200,True,,2026-08-29T19:29:51.107136+00:00
https://nrs.objectstore.gov.bc.ca/gdwuts/093/093o/2025/dem/bc_093o044_2_4_3_xli1m_utm10_20250804_20250804.tif,200,True,,2026-08-29T19:29:51.145581+00:00
https://nrs.objectstore.gov.bc.ca/gdwuts/093/093o/2025/dem/bc_093o044_3_1_1_xli1m_utm10_20250804_20250805.tif,200,True,,2026-08-29T19:29:51.163134+00:00
https://nrs.objectstore.gov.bc.ca/gdwuts/093/093o/2025/dem/bc_093o044_3_1_2_xli1m_utm10_20250804_20250805.tif,200,True,,2026-08-29T19:29:51.175134+00:00
https://nrs.objectstore.gov.bc.ca/gdwuts/093/093o/2025/dem/bc_093o044_3_1_3_xli1m_utm10_20250804_20250805.tif,200,True,,2026-08-29T19:29:51.149195+00:00
https://nrs.objectstore.gov.bc.ca/gdwuts/093/093o/2025/dem/bc_093o044_3_1_4_xli1m_utm10_20250804_20250804.tif,200,True,,2026-08-29T19:29:51.179183+00:00
https://nrs.objectstore.gov.bc.ca/gdwuts/093/093o/2025/dem/bc_093o044_3_2_1_xli1m_utm10_20250804_20250804.tif,200,True,,2026-08-29T19:29:51.190204+00:00
https://nrs.objectstore.gov.bc.ca/gdwuts/093/093o/2025/dem/bc_093o044_3_2_2_xli1m_utm10_20250804_20250804.tif,200,True,,2026-08-29T19:29:51.182269+00:00
https://nrs.objectstore.gov.bc.ca/gdwuts/093/093o/2025/dem/bc_093o044_3_2_3_xli1m_utm10_20250804_20250804.tif,200,True,,2026-08-29T19:29:51.184267+00:00
https://nrs.objectstore.gov.bc.ca/gdwuts/093/093o/2025/dem/bc_093o044_3_2_4_xli1m_utm10_20250804_20250804.tif,200,True,,2026-08-29T19:29:51.199563+00:00
https://nrs.objectstore.gov.bc.ca/gdwuts/093/093o/2025/dem/bc_093o044_3_3_1_xli1m_utm10_20250804_20250804.tif,200,True,,2026-08-29T19:29:51.232184+00:00
https://nrs.objectstore.gov.bc.ca/gdwuts/093/093o/2025/dem/bc_093o044_3_3_2_xli1m_utm10_20250804_20250804.tif,200,True,,2026-08-29T19:29:51.225271+00:00
https://nrs.objectstore.gov.bc.ca/gdwuts/093/093o/2025/dem/bc_093o044_3_3_3_xli1m_utm10_20250804_20250804.tif,200,True,,2026-08-29T19:29:51.244650+00:00
https://nrs.objectstore.gov.bc.ca/gdwuts/093/093o/2025/dem/bc_093o044_3_3_4_xli1m_utm10_20250804_20250804.tif,200,True,,2026-08-29T19:29:51.272410+00:00
https://nrs.objectstore.gov.bc.ca/gdwuts/093/093o/2025/dem/bc_093o044_3_4_1_xli1m_utm10_20250804_20250804.tif,200,True,,2026-08-29T19:29:51.254159+00:00
https://nrs.objectstore.gov.bc.ca/gdwuts/093/093o/2025/dem/bc_093o044_3_4_2_xli1m_utm10_20250804_20250804.tif,200,True,,2026-08-29T19:29:51.274963+00:00
https://nrs.objectstore.gov.bc.ca/gdwuts/093/093o/2025/dem/bc_093o044_3_4_3_xli1m_utm10_20250804_20250804.tif,200,True,,2026-08-29T19:29:51.282392+00:00
https://nrs.objectstore.gov.bc.ca/gdwuts/093/093o/2025/dem/bc_093o044_3_4_4_xli1m_utm10_20250804_20250804.tif,200,True,,2026-08-29T19:29:51.452153+00:00
https://nrs.objectstore.gov.bc.ca/gdwuts/093/093o/2025/dem/bc_093o044_4_1_1_xli1m_utm10_20250804_20250804.tif,200,True,,2026-08-29T19:29:51.441156+00:00
https://nrs.objectstore.gov.bc.ca/gdwuts/093/093o/2025/dem/bc_093o044_4_1_2_xli1m_utm10_20250804_20250804.tif,200,True,,2026-08-29T19:29:51.459042+00:00
https://nrs.objectstore.gov.bc.ca/gdwuts/093/093o/2025/dem/bc_093o044_4_1_3_xli1m_utm10_20250804_20250804.tif,200,True,,2026-08-29T19:29:51.375206+00:00
https://nrs.objectstore.gov.bc.ca/gdwuts/093/093o/2025/dem/bc_093o044_4_1_4_xli1m_utm10_20250804_20250804.tif,200,True,,2026-08-29T19:29:51.446635+00:00
https://nrs.objectstore.gov.bc.ca/gdwuts/093/093o/2025/dem/bc_093o044_4_3_1_xli1m_utm10_20250804_20250804.tif,200,True,,2026-08-29T19:29:51.428089+00:00
https://nrs.objectstore.gov.bc.ca/gdwuts/093/093o/2025/dem/bc_093o045_1_1_1_xli1m_utm10_20250804_20250804.tif,200,True,,2026-08-29T19:29:51.359311+00:00
https://nrs.objectstore.gov.bc.ca/gdwuts/093/093p/2025/dem/bc_093p053_2_4_3_xli1m_utm10_20250522_20250522.tif,200,True,,2026-08-29T19:29:51.457271+00:00
https://nrs.objectstore.gov.bc.ca/gdwuts/094/094a/2024/dem/bc_094a012_4_4_2_xli1m_utm10_20240601_20250524.tif,200,True,,2026-08-29T19:29:51.478475+00:00
https://nrs.objectstore.gov.bc.ca/gdwuts/094/094a/2024/dem/bc_094a012_4_4_4_xli1m_utm10_20240601_20250524.tif,200,True,,2026-08-29T19:29:51.478048+00:00
https://nrs.objectstore.gov.bc.ca/gdwuts/094/094a/2024/dem/bc_094a020_2_2_2_xli1m_utm10_20240611_20250520.tif,200,True,,2026-08-29T19:29:51.486721+00:00
https://nrs.objectstore.gov.bc.ca/gdwuts/094/094a/2024/dem/bc_094a020_2_2_4_xli1m_utm10_20240611_20250520.tif,200,True,,2026-08-29T19:29:51.470497+00:00
https://nrs.objectstore.gov.bc.ca/gdwuts/094/094a/2024/dem/bc_094a020_2_4_2_xli1m_utm10_20240611_20250520.tif,200,True,,2026-08-29T19:29:51.487299+00:00
https://nrs.objectstore.gov.bc.ca/gdwuts/094/094a/2024/dem/bc_094a020_2_4_4_xli1m_utm10_20240611_20250520.tif,200,True,,2026-08-29T19:29:51.516178+00:00
https://nrs.objectstore.gov.bc.ca/gdwuts/094/094a/2024/dem/bc_094a020_4_2_2_xli1m_utm10_20240611_20250520.tif,200,True,,2026-08-29T19:29:51.507153+00:00
https://nrs.objectstore.gov.bc.ca/gdwuts/094/094a/2024/dem/bc_094a033_2_2_3_xli1m_utm10_20240730_20240731.tif,200,True,,2026-08-29T19:29:51.483028+00:00
https://nrs.objectstore.gov.bc.ca/gdwuts/094/094a/2024/dem/bc_094a033_2_4_1_xli1m_utm10_20240730_20240731.tif,200,True,,2026-08-29T19:29:51.520132+00:00
https://nrs.objectstore.gov.bc.ca/gdwuts/094/094a/2024/dem/bc_094a033_2_4_3_xli1m_utm10_20240730_20240731.tif,200,True,,2026-08-29T19:29:51.538236+00:00
https://nrs.objectstore.gov.bc.ca/gdwuts/094/094a/2024/dem/bc_094a033_4_2_1_xli1m_utm10_20240730_20240731.tif,200,True,,2026-08-29T19:29:51.585109+00:00
https://nrs.objectstore.gov.bc.ca/gdwuts/094/094a/2024/dem/bc_094a033_4_2_3_xli1m_utm10_20240730_20240731.tif,200,True,,2026-08-29T19:29:51.602093+00:00
https://nrs.objectstore.gov.bc.ca/gdwuts/094/094a/2024/dem/bc_094a033_4_4_1_xli1m_utm10_20240730_20240731.tif,200,True,,2026-08-29T19:29:51.627202+00:00
https://nrs.objectstore.gov.bc.ca/gdwuts/094/094a/2024/dem/bc_094a033_4_4_3_xli1m_utm10_20240730_20240731.tif,200,True,,2026-08-29T19:29:51.665267+00:00
https://nrs.objectstore.gov.bc.ca/gdwuts/094/094a/2024/dem/bc_094a037_2_2_2_xli1m_utm10_20240627_20240627.tif,200,True,,2026-08-29T19:29:51.711348+00:00
https://nrs.objectstore.gov.bc.ca/gdwuts/094/094a/2024/dem/bc_094a037_2_2_4_xli1m_utm10_20240627_20240627.tif,200,True,,2026-08-29T19:29:51.718693+00:00
https://nrs.objectstore.gov.bc.ca/gdwuts/094/094a/2024/dem/bc_094a037_2_4_2_xli1m_utm10_20240627_20240627.tif,200,True,,2026-08-29T19:29:51.707147+00:00
https://nrs.objectstore.gov.bc.ca/gdwuts/094/094a/2024/dem/bc_094a037_4_2_2_xli1m_utm10_20240627_20240627.tif,200,True,,2026-08-29T19:29:51.753040+00:00
https://nrs.objectstore.gov.bc.ca/gdwuts/094/094a/2024/dem/bc_094a037_4_2_4_xli1m_utm10_20240627_20240627.tif,200,True,,2026-08-29T19:29:51.725534+00:00
https://nrs.objectstore.gov.bc.ca/gdwuts/094/094a/2024/dem/bc_094a037_4_4_2_xli1m_utm10_20240627_20240627.tif,200,True,,2026-08-29T19:29:51.734841+00:00
https://nrs.objectstore.gov.bc.ca/gdwuts/094/094a/2024/dem/bc_094a037_4_4_4_xli1m_utm10_20240627_20240627.tif,200,True,,2026-08-29T19:29:51.731153+00:00
https://nrs.objectstore.gov.bc.ca/gdwuts/094/094a/2024/dem/bc_094a038_1_1_3_xli1m_utm10_20240627_20240627.tif,200,True,,2026-08-29T19:29:51.738023+00:00
https://nrs.objectstore.gov.bc.ca/gdwuts/094/094a/2024/dem/bc_094a038_1_3_1_xli1m_utm10_20240627_20240627.tif,200,True,,2026-08-29T19:29:51.743911+00:00
https://nrs.objectstore.gov.bc.ca/gdwuts/094/094a/2024/dem/bc_094a038_1_3_3_xli1m_utm10_20240627_20240627.tif,200,True,,2026-08-29T19:29:51.701829+00:00
https://nrs.objectstore.gov.bc.ca/gdwuts/094/094a/2024/dem/bc_094a038_3_1_1_xli1m_utm10_20240627_20240627.tif,200,True,,2026-08-29T19:29:51.748080+00:00
https://nrs.objectstore.gov.bc.ca/gdwuts/094/094a/2024/dem/bc_094a038_3_1_3_xli1m_utm10_20240627_20240627.tif,200,True,,2026-08-29T19:29:51.767142+00:00
https://nrs.objectstore.gov.bc.ca/gdwuts/094/094a/2024/dem/bc_094a038_3_3_1_xli1m_utm10_20240627_20240627.tif,200,True,,2026-08-29T19:29:51.777152+00:00
https://nrs.objectstore.gov.bc.ca/gdwuts/094/094a/2024/dem/bc_094a038_3_3_3_xli1m_utm10_20240627_20240627.tif,200,True,,2026-08-29T19:29:51.773731+00:00
https://nrs.objectstore.gov.bc.ca/gdwuts/094/094a/2024/dem/bc_094a043_2_2_1_xli1m_utm10_20240730_20240731.tif,200,True,,2026-08-29T19:29:51.795216+00:00
https://nrs.objectstore.gov.bc.ca/gdwuts/094/094a/2024/dem/bc_094a043_2_2_3_xli1m_utm10_20240730_20240731.tif,200,True,,2026-08-29T19:29:51.802390+00:00
https://nrs.objectstore.gov.bc.ca/gdwuts/094/094a/2024/dem/bc_094a043_2_4_1_xli1m_utm10_20240730_20240731.tif,200,True,,2026-08-29T19:29:51.877252+00:00
https://nrs.objectstore.gov.bc.ca/gdwuts/094/094a/2024/dem/bc_094a043_2_4_3_xli1m_utm10_20240730_20240731.tif,200,True,,2026-08-29T19:29:51.929144+00:00
https://nrs.objectstore.gov.bc.ca/gdwuts/094/094a/2024/dem/bc_094a043_4_2_1_xli1m_utm10_20240730_20240731.tif,200,True,,2026-08-29T19:29:51.909197+00:00
https://nrs.objectstore.gov.bc.ca/gdwuts/094/094a/2024/dem/bc_094a043_4_2_3_xli1m_utm10_20240730_20240731.tif,200,True,,2026-08-29T19:29:51.939144+00:00
https://nrs.objectstore.gov.bc.ca/gdwuts/094/094a/2024/dem/bc_094a043_4_4_1_xli1m_utm10_20240730_20240731.tif,200,True,,2026-08-29T19:29:51.926231+00:00
https://nrs.objectstore.gov.bc.ca/gdwuts/094/094a/2024/dem/bc_094a043_4_4_3_xli1m_utm10_20240730_20240731.tif,200,True,,2026-08-29T19:29:52.010129+00:00
https://nrs.objectstore.gov.bc.ca/gdwuts/094/094a/2024/dem/bc_094a047_2_2_2_xli1m_utm10_20240627_20240627.tif,200,True,,2026-08-29T19:29:52.002417+00:00
https://nrs.objectstore.gov.bc.ca/gdwuts/094/094a/2024/dem/bc_094a047_2_2_4_xli1m_utm10_20240627_20240627.tif,200,True,,2026-08-29T19:29:51.932252+00:00
https://nrs.objectstore.gov.bc.ca/gdwuts/094/094a/2024/dem/bc_094a047_2_4_2_xli1m_utm10_20240627_20240627.tif,200,True,,2026-08-29T19:29:52.014756+00:00
https://nrs.objectstore.gov.bc.ca/gdwuts/094/094a/2024/dem/bc_094a047_2_4_4_xli1m_utm10_20240627_20240627.tif,200,True,,2026-08-29T19:29:51.992148+00:00
https://nrs.objectstore.gov.bc.ca/gdwuts/094/094a/2024/dem/bc_094a047_4_2_2_xli1m_utm10_20240627_20240627.tif,200,True,,2026-08-29T19:29:51.996350+00:00
https://nrs.objectstore.gov.bc.ca/gdwuts/094/094a/2024/dem/bc_094a047_4_2_4_xli1m_utm10_20240627_20240627.tif,200,True,,2026-08-29T19:29:52.090197+00:00
https://nrs.objectstore.gov.bc.ca/gdwuts/094/094a/2024/dem/bc_094a047_4_4_2_xli1m_utm10_20240627_20240627.tif,200,True,,2026-08-29T19:29:51.971223+00:00
https://nrs.objectstore.gov.bc.ca/gdwuts/094/094a/2024/dem/bc_094a047_4_4_4_xli1m_utm10_20240627_20240627.tif,200,True,,2026-08-29T19:29:52.022928+00:00
https://nrs.objectstore.gov.bc.ca/gdwuts/094/094a/2024/dem/bc_094a048_1_1_1_xli1m_utm10_20240627_20240627.tif,200,True,,2026-08-29T19:29:52.020007+00:00
https://nrs.objectstore.gov.bc.ca/gdwuts/094/094a/2024/dem/bc_094a048_1_1_3_xli1m_utm10_20240627_20240627.tif,200,True,,2026-08-29T19:29:52.092908+00:00
https://nrs.objectstore.gov.bc.ca/gdwuts/094/094a/2024/dem/bc_094a048_1_3_1_xli1m_utm10_20240627_20240627.tif,200,True,,2026-08-29T19:29:52.032441+00:00
https://nrs.objectstore.gov.bc.ca/gdwuts/094/094a/2024/dem/bc_094a048_1_3_3_xli1m_utm10_20240627_20240627.tif,200,True,,2026-08-29T19:29:52.063613+00:00
https://nrs.objectstore.gov.bc.ca/gdwuts/094/094a/2024/dem/bc_094a048_3_1_1_xli1m_utm10_20240627_20240627.tif,200,True,,2026-08-29T19:29:52.101670+00:00
https://nrs.objectstore.gov.bc.ca/gdwuts/094/094a/2024/dem/bc_094a048_3_1_3_xli1m_utm10_20240627_20240627.tif,200,True,,2026-08-29T19:29:52.104204+00:00
https://nrs.objectstore.gov.bc.ca/gdwuts/094/094a/2024/dem/bc_094a048_3_3_1_xli1m_utm10_20240627_20240627.tif,200,True,,2026-08-29T19:29:52.112157+00:00
https://nrs.objectstore.gov.bc.ca/gdwuts/094/094a/2024/dem/bc_094a048_3_3_3_xli1m_utm10_20240627_20240627.tif,200,True,,2026-08-29T19:29:52.108136+00:00
https://nrs.objectstore.gov.bc.ca/gdwuts/094/094a/2024/dem/bc_094a053_2_2_1_xli1m_utm10_20240730_20240731.tif,200,True,,2026-08-29T19:29:52.129201+00:00
https://nrs.objectstore.gov.bc.ca/gdwuts/094/094a/2024/dem/bc_094a053_2_2_3_xli1m_utm10_20240730_20240731.tif,200,True,,2026-08-29T19:29:52.177097+00:00
https://nrs.objectstore.gov.bc.ca/gdwuts/094/094a/2024/dem/bc_094a053_2_4_1_xli1m_utm10_20240730_20240731.tif,200,True,,2026-08-29T19:29:52.179134+00:00
https://nrs.objectstore.gov.bc.ca/gdwuts/094/094a/2024/dem/bc_094a053_2_4_3_xli1m_utm10_20240730_20240731.tif,200,True,,2026-08-29T19:29:52.234133+00:00
https://nrs.objectstore.gov.bc.ca/gdwuts/094/094a/2024/dem/bc_094a053_4_2_1_xli1m_utm10_20240730_20240731.tif,200,True,,2026-08-29T19:29:52.186345+00:00
https://nrs.objectstore.gov.bc.ca/gdwuts/094/094a/2024/dem/bc_094a053_4_2_3_xli1m_utm10_20240730_20240731.tif,200,True,,2026-08-29T19:29:52.205458+00:00
https://nrs.objectstore.gov.bc.ca/gdwuts/094/094a/2024/dem/bc_094a053_4_4_1_xli1m_utm10_20240730_20240731.tif,200,True,,2026-08-29T19:29:52.246170+00:00
https://nrs.objectstore.gov.bc.ca/gdwuts/094/094a/2024/dem/bc_094a053_4_4_3_xli1m_utm10_20240730_20240731.tif,200,True,,2026-08-29T19:29:52.222914+00:00
https://nrs.objectstore.gov.bc.ca/gdwuts/094/094a/2024/dem/bc_094a057_2_2_2_xli1m_utm10_20240627_20240627.tif,200,True,,2026-08-29T19:29:52.226858+00:00
https://nrs.objectstore.gov.bc.ca/gdwuts/094/094a/2024/dem/bc_094a057_2_2_4_xli1m_utm10_20240627_20240627.tif,200,True,,2026-08-29T19:29:52.295524+00:00
https://nrs.objectstore.gov.bc.ca/gdwuts/094/094a/2024/dem/bc_094a057_2_4_2_xli1m_utm10_20240627_20240627.tif,200,True,,2026-08-29T19:29:52.288248+00:00
https://nrs.objectstore.gov.bc.ca/gdwuts/094/094a/2024/dem/bc_094a057_2_4_4_xli1m_utm10_20240627_20240627.tif,200,True,,2026-08-29T19:29:52.304685+00:00
https://nrs.objectstore.gov.bc.ca/gdwuts/094/094a/2024/dem/bc_094a057_4_2_2_xli1m_utm10_20240627_20240627.tif,200,True,,2026-08-29T19:29:52.299041+00:00
https://nrs.objectstore.gov.bc.ca/gdwuts/094/094a/2024/dem/bc_094a057_4_2_4_xli1m_utm10_20240627_20240627.tif,200,True,,2026-08-29T19:29:52.312944+00:00
https://nrs.objectstore.gov.bc.ca/gdwuts/094/094a/2024/dem/bc_094a057_4_4_2_xli1m_utm10_20240627_20240627.tif,200,True,,2026-08-29T19:29:52.315224+00:00
https://nrs.objectstore.gov.bc.ca/gdwuts/094/094a/2024/dem/bc_094a057_4_4_4_xli1m_utm10_20240627_20240627.tif,200,True,,2026-08-29T19:29:52.310305+00:00
https://nrs.objectstore.gov.bc.ca/gdwuts/094/094a/2024/dem/bc_094a058_1_1_1_xli1m_utm10_20240627_20240627.tif,200,True,,2026-08-29T19:29:52.335827+00:00
https://nrs.objectstore.gov.bc.ca/gdwuts/094/094a/2024/dem/bc_094a058_1_1_3_xli1m_utm10_20240627_20240627.tif,200,True,,2026-08-29T19:29:52.381850+00:00
https://nrs.objectstore.gov.bc.ca/gdwuts/094/094a/2024/dem/bc_094a058_1_3_1_xli1m_utm10_20240627_20240627.tif,200,True,,2026-08-29T19:29:52.378555+00:00
https://nrs.objectstore.gov.bc.ca/gdwuts/094/094a/2024/dem/bc_094a058_1_3_3_xli1m_utm10_20240627_20240627.tif,200,True,,2026-08-29T19:29:52.376174+00:00
https://nrs.objectstore.gov.bc.ca/gdwuts/094/094a/2024/dem/bc_094a058_3_1_1_xli1m_utm10_20240627_20240627.tif,200,True,,2026-08-29T19:29:52.408732+00:00
https://nrs.objectstore.gov.bc.ca/gdwuts/094/094a/2024/dem/bc_094a058_3_1_3_xli1m_utm10_20240627_20240627.tif,200,True,,2026-08-29T19:29:52.415172+00:00
https://nrs.objectstore.gov.bc.ca/gdwuts/094/094a/2024/dem/bc_094a058_3_3_1_xli1m_utm10_20240627_20240627.tif,200,True,,2026-08-29T19:29:52.425133+00:00
https://nrs.objectstore.gov.bc.ca/gdwuts/094/094a/2024/dem/bc_094a058_3_3_3_xli1m_utm10_20240627_20240627.tif,200,True,,2026-08-29T19:29:52.404935+00:00
https://nrs.objectstore.gov.bc.ca/gdwuts/094/094a/2024/dem/bc_094a063_2_3_4_xli1m_utm10_20240730_20240731.tif,200,True,,2026-08-29T19:29:52.427271+00:00
https://nrs.objectstore.gov.bc.ca/gdwuts/094/094a/2024/dem/bc_094a063_4_1_2_xli1m_utm10_20240730_20240731.tif,200,True,,2026-08-29T19:29:52.456871+00:00
https://nrs.objectstore.gov.bc.ca/gdwuts/094/094a/2024/dem/bc_094a063_4_1_4_xli1m_utm10_20240730_20240731.tif,200,True,,2026-08-29T19:29:52.489223+00:00
https://nrs.objectstore.gov.bc.ca/gdwuts/094/094a/2024/dem/bc_094a063_4_3_2_xli1m_utm10_20240730_20240731.tif,200,True,,2026-08-29T19:29:52.533866+00:00
https://nrs.objectstore.gov.bc.ca/gdwuts/094/094a/2024/dem/bc_094a063_4_3_4_xli1m_utm10_20240730_20240731.tif,200,True,,2026-08-29T19:29:52.541187+00:00
https://nrs.objectstore.gov.bc.ca/gdwuts/094/094a/2024/dem/bc_094a067_1_3_1_xli1m_utm10_20240528_20240528.tif,200,True,,2026-08-29T19:29:52.526120+00:00
https://nrs.objectstore.gov.bc.ca/gdwuts/094/094a/2024/dem/bc_094a067_1_3_2_xli1m_utm10_20240528_20240529.tif,200,True,,2026-08-29T19:29:52.495325+00:00
https://nrs.objectstore.gov.bc.ca/gdwuts/094/094a/2024/dem/bc_094a067_1_3_3_xli1m_utm10_20240528_20240528.tif,200,True,,2026-08-29T19:29:52.521236+00:00
https://nrs.objectstore.gov.bc.ca/gdwuts/094/094a/2024/dem/bc_094a067_1_3_4_xli1m_utm10_20240528_20240529.tif,200,True,,2026-08-29T19:29:52.563313+00:00
https://nrs.objectstore.gov.bc.ca/gdwuts/094/094a/2024/dem/bc_094a067_1_4_1_xli1m_utm10_20240528_20240611.tif,200,True,,2026-08-29T19:29:52.629131+00:00
https://nrs.objectstore.gov.bc.ca/gdwuts/094/094a/2024/dem/bc_094a067_1_4_2_xli1m_utm10_20240611_20240611.tif,200,True,,2026-08-29T19:29:52.566941+00:00
https://nrs.objectstore.gov.bc.ca/gdwuts/094/094a/2024/dem/bc_094a067_1_4_3_xli1m_utm10_20240528_20240611.tif,200,True,,2026-08-29T19:29:52.585754+00:00
https://nrs.objectstore.gov.bc.ca/gdwuts/094/094a/2024/dem/bc_094a067_1_4_4_xli1m_utm10_20240611_20240611.tif,200,True,,2026-08-29T19:29:52.632296+00:00
https://nrs.objectstore.gov.bc.ca/gdwuts/094/094a/2024/dem/bc_094a067_2_1_1_xli1m_utm10_20240611_20240611.tif,200,True,,2026-08-29T19:29:52.648061+00:00
https://nrs.objectstore.gov.bc.ca/gdwuts/094/094a/2024/dem/bc_094a067_2_1_2_xli1m_utm10_20240611_20240611.tif,200,True,,2026-08-29T19:29:52.621686+00:00
https://nrs.objectstore.gov.bc.ca/gdwuts/094/094a/2024/dem/bc_094a067_2_1_3_xli1m_utm10_20240611_20240611.tif,200,True,,2026-08-29T19:29:52.619274+00:00
https://nrs.objectstore.gov.bc.ca/gdwuts/094/094a/2024/dem/bc_094a067_2_1_4_xli1m_utm10_20240611_20240611.tif,200,True,,2026-08-29T19:29:52.644586+00:00
https://nrs.objectstore.gov.bc.ca/gdwuts/094/094a/2024/dem/bc_094a067_2_2_1_xli1m_utm10_20240611_20240611.tif,200,True,,2026-08-29T19:29:52.666468+00:00
https://nrs.objectstore.gov.bc.ca/gdwuts/094/094a/2024/dem/bc_094a067_2_2_2_xli1m_utm10_20240611_20240611.tif,200,True,,2026-08-29T19:29:52.658120+00:00
https://nrs.objectstore.gov.bc.ca/gdwuts/094/094a/2024/dem/bc_094a067_2_2_3_xli1m_utm10_20240611_20240611.tif,200,True,,2026-08-29T19:29:52.678873+00:00
https://nrs.objectstore.gov.bc.ca/gdwuts/094/094a/2024/dem/bc_094a067_2_2_4_xli1m_utm10_20240611_20240611.tif,200,True,,2026-08-29T19:29:52.695195+00:00
https://nrs.objectstore.gov.bc.ca/gdwuts/094/094a/2024/dem/bc_094a067_2_3_1_xli1m_utm10_20240611_20240611.tif,200,True,,2026-08-29T19:29:52.697872+00:00
https://nrs.objectstore.gov.bc.ca/gdwuts/094/094a/2024/dem/bc_094a067_2_3_2_xli1m_utm10_20240611_20240611.tif,200,True,,2026-08-29T19:29:52.716109+00:00
https://nrs.objectstore.gov.bc.ca/gdwuts/094/094a/2024/dem/bc_094a067_2_3_3_xli1m_utm10_20240611_20240611.tif,200,True,,2026-08-29T19:29:52.728171+00:00
https://nrs.objectstore.gov.bc.ca/gdwuts/094/094a/2024/dem/bc_094a067_2_3_4_xli1m_utm10_20240611_20240611.tif,200,True,,2026-08-29T19:29:52.743061+00:00
https://nrs.objectstore.gov.bc.ca/gdwuts/094/094a/2024/dem/bc_094a073_2_1_2_xli1m_utm10_20240730_20240731.tif,200,True,,2026-08-29T19:29:52.759193+00:00
https://nrs.objectstore.gov.bc.ca/gdwuts/094/094a/2024/dem/bc_094a073_2_1_4_xli1m_utm10_20240730_20240731.tif,200,True,,2026-08-29T19:29:52.773167+00:00
https://nrs.objectstore.gov.bc.ca/gdwuts/094/094a/2024/dem/bc_094a073_2_3_2_xli1m_utm10_20240730_20240731.tif,200,True,,2026-08-29T19:29:52.829029+00:00
https://nrs.objectstore.gov.bc.ca/gdwuts/094/094a/2024/dem/bc_094a073_2_3_4_xli1m_utm10_20240730_20240731.tif,200,True,,2026-08-29T19:29:52.792981+00:00
https://nrs.objectstore.gov.bc.ca/gdwuts/094/094a/2024/dem/bc_094a073_4_1_2_xli1m_utm10_20240730_20240731.tif,200,True,,2026-08-29T19:29:52.857113+00:00
https://nrs.objectstore.gov.bc.ca/gdwuts/094/094a/2024/dem/bc_094a073_4_1_4_xli1m_utm10_20240730_20240731.tif,200,True,,2026-08-29T19:29:52.841168+00:00
https://nrs.objectstore.gov.bc.ca/gdwuts/094/094a/2024/dem/bc_094a073_4_3_2_xli1m_utm10_20240730_20240731.tif,200,True,,2026-08-29T19:29:52.856136+00:00
https://nrs.objectstore.gov.bc.ca/gdwuts/094/094a/2024/dem/bc_094a077_2_2_2_xli1m_utm10_20240627_20240627.tif,200,True,,2026-08-29T19:29:52.861320+00:00
https://nrs.objectstore.gov.bc.ca/gdwuts/094/094a/2024/dem/bc_094a077_2_2_4_xli1m_utm10_20240627_20240627.tif,200,True,,2026-08-29T19:29:52.836529+00:00
https://nrs.objectstore.gov.bc.ca/gdwuts/094/094a/2024/dem/bc_094a077_2_4_2_xli1m_utm10_20240627_20240627.tif,200,True,,2026-08-29T19:29:52.896201+00:00
https://nrs.objectstore.gov.bc.ca/gdwuts/094/094a/2024/dem/bc_094a077_2_4_4_xli1m_utm10_20240627_20240627.tif,200,True,,2026-08-29T19:29:52.877154+00:00
https://nrs.objectstore.gov.bc.ca/gdwuts/094/094a/2024/dem/bc_094a077_4_2_2_xli1m_utm10_20240627_20240627.tif,200,True,,2026-08-29T19:29:52.934329+00:00
https://nrs.objectstore.gov.bc.ca/gdwuts/094/094a/2024/dem/bc_094a077_4_2_4_xli1m_utm10_20240627_20240627.tif,200,True,,2026-08-29T19:29:52.931140+00:00
https://nrs.objectstore.gov.bc.ca/gdwuts/094/094a/2024/dem/bc_094a077_4_4_2_xli1m_utm10_20240627_20240627.tif,200,True,,2026-08-29T19:29:52.909184+00:00
https://nrs.objectstore.gov.bc.ca/gdwuts/094/094a/2024/dem/bc_094a077_4_4_4_xli1m_utm10_20240627_20240627.tif,200,True,,2026-08-29T19:29:52.917712+00:00
https://nrs.objectstore.gov.bc.ca/gdwuts/094/094a/2024/dem/bc_094a087_2_2_2_xli1m_utm10_20240627_20240627.tif,200,True,,2026-08-29T19:29:52.957834+00:00
https://nrs.objectstore.gov.bc.ca/gdwuts/094/094a/2024/dem/bc_094a087_2_2_4_xli1m_utm10_20240627_20240627.tif,200,True,,2026-08-29T19:29:52.963127+00:00
https://nrs.objectstore.gov.bc.ca/gdwuts/094/094a/2024/dem/bc_094a087_2_4_2_xli1m_utm10_20240627_20240627.tif,200,True,,2026-08-29T19:29:52.957370+00:00
https://nrs.objectstore.gov.bc.ca/gdwuts/094/094a/2024/dem/bc_094a087_2_4_4_xli1m_utm10_20240627_20240627.tif,200,True,,2026-08-29T19:29:52.979082+00:00
https://nrs.objectstore.gov.bc.ca/gdwuts/094/094a/2024/dem/bc_094a087_4_2_2_xli1m_utm10_20240627_20240627.tif,200,True,,2026-08-29T19:29:53.004242+00:00
https://nrs.objectstore.gov.bc.ca/gdwuts/094/094a/2024/dem/bc_094a087_4_2_4_xli1m_utm10_20240627_20240627.tif,200,True,,2026-08-29T19:29:52.998860+00:00
https://nrs.objectstore.gov.bc.ca/gdwuts/094/094a/2024/dem/bc_094a087_4_4_2_xli1m_utm10_20240627_20240627.tif,200,True,,2026-08-29T19:29:53.029230+00:00
https://nrs.objectstore.gov.bc.ca/gdwuts/094/094a/2024/dem/bc_094a087_4_4_4_xli1m_utm10_20240627_20240627.tif,200,True,,2026-08-29T19:29:53.062262+00:00
https://nrs.objectstore.gov.bc.ca/gdwuts/094/094a/2024/dem/bc_094a097_2_2_2_xli1m_utm10_20240627_20240627.tif,200,True,,2026-08-29T19:29:53.050736+00:00
https://nrs.objectstore.gov.bc.ca/gdwuts/094/094a/2024/dem/bc_094a097_2_2_4_xli1m_utm10_20240627_20240627.tif,200,True,,2026-08-29T19:29:53.069760+00:00
https://nrs.objectstore.gov.bc.ca/gdwuts/094/094a/2024/dem/bc_094a097_2_4_2_xli1m_utm10_20240627_20240627.tif,200,True,,2026-08-29T19:29:53.074702+00:00
https://nrs.objectstore.gov.bc.ca/gdwuts/094/094a/2024/dem/bc_094a097_2_4_4_xli1m_utm10_20240627_20240627.tif,200,True,,2026-08-29T19:29:53.098212+00:00
https://nrs.objectstore.gov.bc.ca/gdwuts/094/094a/2024/dem/bc_094a097_4_2_2_xli1m_utm10_20240627_20240627.tif,200,True,,2026-08-29T19:29:53.115192+00:00
https://nrs.objectstore.gov.bc.ca/gdwuts/094/094a/2024/dem/bc_094a097_4_2_4_xli1m_utm10_20240627_20240627.tif,200,True,,2026-08-29T19:29:53.105739+00:00
https://nrs.objectstore.gov.bc.ca/gdwuts/094/094a/2024/dem/bc_094a097_4_4_2_xli1m_utm10_20240627_20240627.tif,200,True,,2026-08-29T19:29:53.157032+00:00
https://nrs.objectstore.gov.bc.ca/gdwuts/094/094a/2024/dem/bc_094a097_4_4_4_xli1m_utm10_20240627_20240627.tif,200,True,,2026-08-29T19:29:53.140272+00:00
https://nrs.objectstore.gov.bc.ca/gdwuts/094/094a/2025/dem/bc_094a011_1_3_4_xli1m_utm10_20250805_20250805.tif,200,True,,2026-08-29T19:29:53.173811+00:00
https://nrs.objectstore.gov.bc.ca/gdwuts/094/094a/2025/dem/bc_094a011_1_4_1_xli1m_utm10_20250513_20250805.tif,200,True,,2026-08-29T19:29:53.189082+00:00
https://nrs.objectstore.gov.bc.ca/gdwuts/094/094a/2025/dem/bc_094a011_1_4_2_xli1m_utm10_20250513_20250520.tif,200,True,,2026-08-29T19:29:53.149736+00:00
https://nrs.objectstore.gov.bc.ca/gdwuts/094/094a/2025/dem/bc_094a011_1_4_3_xli1m_utm10_20250513_20250805.tif,200,True,,2026-08-29T19:29:53.190228+00:00
https://nrs.objectstore.gov.bc.ca/gdwuts/094/094a/2025/dem/bc_094a011_1_4_4_xli1m_utm10_20250513_20250520.tif,200,True,,2026-08-29T19:29:53.206598+00:00
https://nrs.objectstore.gov.bc.ca/gdwuts/094/094a/2025/dem/bc_094a011_2_1_1_xli1m_utm10_20250513_20250520.tif,200,True,,2026-08-29T19:29:53.200177+00:00
https://nrs.objectstore.gov.bc.ca/gdwuts/094/094a/2025/dem/bc_094a011_2_1_2_xli1m_utm10_20250520_20250520.tif,200,True,,2026-08-29T19:29:53.215159+00:00
https://nrs.objectstore.gov.bc.ca/gdwuts/094/094a/2025/dem/bc_094a011_2_1_3_xli1m_utm10_20250513_20250520.tif,200,True,,2026-08-29T19:29:53.252202+00:00
https://nrs.objectstore.gov.bc.ca/gdwuts/094/094a/2025/dem/bc_094a011_2_1_4_xli1m_utm10_20250520_20250520.tif,200,True,,2026-08-29T19:29:53.239558+00:00
https://nrs.objectstore.gov.bc.ca/gdwuts/094/094a/2025/dem/bc_094a011_2_2_1_xli1m_utm10_20250520_20250520.tif,200,True,,2026-08-29T19:29:53.304305+00:00
https://nrs.objectstore.gov.bc.ca/gdwuts/094/094a/2025/dem/bc_094a011_2_2_2_xli1m_utm10_20250520_20250520.tif,200,True,,2026-08-29T19:29:53.265170+00:00
https://nrs.objectstore.gov.bc.ca/gdwuts/094/094a/2025/dem/bc_094a011_2_2_3_xli1m_utm10_20250520_20250520.tif,200,True,,2026-08-29T19:29:53.297535+00:00
https://nrs.objectstore.gov.bc.ca/gdwuts/094/094a/2025/dem/bc_094a011_2_2_4_xli1m_utm10_20250520_20250520.tif,200,True,,2026-08-29T19:29:53.273316+00:00
https://nrs.objectstore.gov.bc.ca/gdwuts/094/094a/2025/dem/bc_094a011_2_3_1_xli1m_utm10_20250513_20250520.tif,200,True,,2026-08-29T19:29:53.310327+00:00
https://nrs.objectstore.gov.bc.ca/gdwuts/094/094a/2025/dem/bc_094a011_2_3_2_xli1m_utm10_20250520_20250520.tif,200,True,,2026-08-29T19:29:53.319143+00:00
https://nrs.objectstore.gov.bc.ca/gdwuts/094/094a/2025/dem/bc_094a011_2_3_3_xli1m_utm10_20250513_20250520.tif,200,True,,2026-08-29T19:29:53.329184+00:00
https://nrs.objectstore.gov.bc.ca/gdwuts/094/094a/2025/dem/bc_094a011_2_3_4_xli1m_utm10_20250520_20250520.tif,200,True,,2026-08-29T19:29:53.374157+00:00
https://nrs.objectstore.gov.bc.ca/gdwuts/094/094a/2025/dem/bc_094a011_2_4_1_xli1m_utm10_20250520_20250520.tif,200,True,,2026-08-29T19:29:53.346212+00:00
https://nrs.objectstore.gov.bc.ca/gdwuts/094/094a/2025/dem/bc_094a011_2_4_2_xli1m_utm10_20250520_20250520.tif,200,True,,2026-08-29T19:29:53.428227+00:00
https://nrs.objectstore.gov.bc.ca/gdwuts/094/094a/2025/dem/bc_094a011_2_4_3_xli1m_utm10_20250520_20250520.tif,200,True,,2026-08-29T19:29:53.416973+00:00
https://nrs.objectstore.gov.bc.ca/gdwuts/094/094a/2025/dem/bc_094a011_2_4_4_xli1m_utm10_20250520_20250520.tif,200,True,,2026-08-29T19:29:53.416517+00:00
https://nrs.objectstore.gov.bc.ca/gdwuts/094/094a/2025/dem/bc_094a011_3_1_1_xli1m_utm10_20250805_20250805.tif,200,True,,2026-08-29T19:29:53.424122+00:00
https://nrs.objectstore.gov.bc.ca/gdwuts/094/094a/2025/dem/bc_094a011_3_1_2_xli1m_utm10_20250805_20250805.tif,200,True,,2026-08-29T19:29:53.400197+00:00
https://nrs.objectstore.gov.bc.ca/gdwuts/094/094a/2025/dem/bc_094a011_3_1_3_xli1m_utm10_20250805_20250805.tif,200,True,,2026-08-29T19:29:53.530140+00:00
https://nrs.objectstore.gov.bc.ca/gdwuts/094/094a/2025/dem/bc_094a011_3_1_4_xli1m_utm10_20250805_20250805.tif,200,True,,2026-08-29T19:29:53.467272+00:00
https://nrs.objectstore.gov.bc.ca/gdwuts/094/094a/2025/dem/bc_094a011_3_2_1_xli1m_utm10_20250513_20250805.tif,200,True,,2026-08-29T19:29:53.519179+00:00
https://nrs.objectstore.gov.bc.ca/gdwuts/094/094a/2025/dem/bc_094a011_3_2_2_xli1m_utm10_20250513_20250520.tif,200,True,,2026-08-29T19:29:53.476811+00:00
https://nrs.objectstore.gov.bc.ca/gdwuts/094/094a/2025/dem/bc_094a011_3_2_3_xli1m_utm10_20250513_20250805.tif,200,True,,2026-08-29T19:29:53.514232+00:00
https://nrs.objectstore.gov.bc.ca/gdwuts/094/094a/2025/dem/bc_094a011_3_2_4_xli1m_utm10_20250513_20250520.tif,200,True,,2026-08-29T19:29:53.539563+00:00
https://nrs.objectstore.gov.bc.ca/gdwuts/094/094a/2025/dem/bc_094a011_3_3_1_xli1m_utm10_20250805_20250805.tif,200,True,,2026-08-29T19:29:53.523984+00:00
https://nrs.objectstore.gov.bc.ca/gdwuts/094/094a/2025/dem/bc_094a011_3_3_2_xli1m_utm10_20250805_20250805.tif,200,True,,2026-08-29T19:29:53.573280+00:00
https://nrs.objectstore.gov.bc.ca/gdwuts/094/094a/2025/dem/bc_094a011_3_3_3_xli1m_utm10_20250805_20250805.tif,200,True,,2026-08-29T19:29:53.541251+00:00
https://nrs.objectstore.gov.bc.ca/gdwuts/094/094a/2025/dem/bc_094a011_3_3_4_xli1m_utm10_20250805_20250805.tif,200,True,,2026-08-29T19:29:53.557295+00:00
https://nrs.objectstore.gov.bc.ca/gdwuts/094/094a/2025/dem/bc_094a011_3_4_1_xli1m_utm10_20250513_20250805.tif,200,True,,2026-08-29T19:29:53.553416+00:00
https://nrs.objectstore.gov.bc.ca/gdwuts/094/094a/2025/dem/bc_094a011_3_4_2_xli1m_utm10_20250513_20250520.tif,200,True,,2026-08-29T19:29:53.582848+00:00
https://nrs.objectstore.gov.bc.ca/gdwuts/094/094a/2025/dem/bc_094a011_3_4_4_xli1m_utm10_20250513_20250520.tif,200,True,,2026-08-29T19:29:53.604252+00:00
https://nrs.objectstore.gov.bc.ca/gdwuts/094/094a/2025/dem/bc_094a011_4_1_1_xli1m_utm10_20250513_20250520.tif,200,True,,2026-08-29T19:29:53.613213+00:00
https://nrs.objectstore.gov.bc.ca/gdwuts/094/094a/2025/dem/bc_094a011_4_1_2_xli1m_utm10_20250520_20250520.tif,200,True,,2026-08-29T19:29:53.615531+00:00
https://nrs.objectstore.gov.bc.ca/gdwuts/094/094a/2025/dem/bc_094a011_4_1_3_xli1m_utm10_20250513_20250520.tif,200,True,,2026-08-29T19:29:53.620150+00:00
https://nrs.objectstore.gov.bc.ca/gdwuts/094/094a/2025/dem/bc_094a011_4_1_4_xli1m_utm10_20250520_20250520.tif,200,True,,2026-08-29T19:29:53.638512+00:00
https://nrs.objectstore.gov.bc.ca/gdwuts/094/094a/2025/dem/bc_094a011_4_2_1_xli1m_utm10_20250520_20250520.tif,200,True,,2026-08-29T19:29:53.648428+00:00
https://nrs.objectstore.gov.bc.ca/gdwuts/094/094a/2025/dem/bc_094a011_4_2_2_xli1m_utm10_20250520_20250520.tif,200,True,,2026-08-29T19:29:53.752157+00:00
https://nrs.objectstore.gov.bc.ca/gdwuts/094/094a/2025/dem/bc_094a011_4_2_3_xli1m_utm10_20250520_20250520.tif,200,True,,2026-08-29T19:29:53.719021+00:00
https://nrs.objectstore.gov.bc.ca/gdwuts/094/094a/2025/dem/bc_094a011_4_2_4_xli1m_utm10_20250520_20250520.tif,200,True,,2026-08-29T19:29:53.707261+00:00
https://nrs.objectstore.gov.bc.ca/gdwuts/094/094a/2025/dem/bc_094a011_4_3_1_xli1m_utm10_20250513_20250520.tif,200,True,,2026-08-29T19:29:53.709686+00:00
https://nrs.objectstore.gov.bc.ca/gdwuts/094/094a/2025/dem/bc_094a011_4_3_2_xli1m_utm10_20250520_20250520.tif,200,True,,2026-08-29T19:29:53.789173+00:00
https://nrs.objectstore.gov.bc.ca/gdwuts/094/094a/2025/dem/bc_094a011_4_3_3_xli1m_utm10_20250513_20250520.tif,200,True,,2026-08-29T19:29:53.820273+00:00
https://nrs.objectstore.gov.bc.ca/gdwuts/094/094a/2025/dem/bc_094a011_4_3_4_xli1m_utm10_20250520_20250520.tif,200,True,,2026-08-29T19:29:53.742222+00:00
https://nrs.objectstore.gov.bc.ca/gdwuts/094/094a/2025/dem/bc_094a011_4_4_3_xli1m_utm10_20250520_20250520.tif,200,True,,2026-08-29T19:29:53.755128+00:00
https://nrs.objectstore.gov.bc.ca/gdwuts/094/094a/2025/dem/bc_094a011_4_4_4_xli1m_utm10_20250520_20250520.tif,200,True,,2026-08-29T19:29:53.784219+00:00
https://nrs.objectstore.gov.bc.ca/gdwuts/094/094a/2025/dem/bc_094a012_1_1_1_xli1m_utm10_20250520_20250520.tif,200,True,,2026-08-29T19:29:53.792344+00:00
https://nrs.objectstore.gov.bc.ca/gdwuts/094/094a/2025/dem/bc_094a012_1_1_2_xli1m_utm10_20250520_20250523.tif,200,True,,2026-08-29T19:29:53.822159+00:00
https://nrs.objectstore.gov.bc.ca/gdwuts/094/094a/2025/dem/bc_094a012_1_1_3_xli1m_utm10_20250520_20250520.tif,200,True,,2026-08-29T19:29:53.857134+00:00
https://nrs.objectstore.gov.bc.ca/gdwuts/094/094a/2025/dem/bc_094a012_1_2_1_xli1m_utm10_20250520_20250531.tif,200,True,,2026-08-29T19:29:53.861554+00:00
https://nrs.objectstore.gov.bc.ca/gdwuts/094/094a/2025/dem/bc_094a012_1_2_2_xli1m_utm10_20250523_20250531.tif,200,True,,2026-08-29T19:29:53.852497+00:00
https://nrs.objectstore.gov.bc.ca/gdwuts/094/094a/2025/dem/bc_094a012_1_3_1_xli1m_utm10_20250520_20250520.tif,200,True,,2026-08-29T19:29:53.888132+00:00
https://nrs.objectstore.gov.bc.ca/gdwuts/094/094a/2025/dem/bc_094a012_1_3_2_xli1m_utm10_20250520_20250523.tif,200,True,,2026-08-29T19:29:53.827297+00:00
https://nrs.objectstore.gov.bc.ca/gdwuts/094/094a/2025/dem/bc_094a012_1_3_3_xli1m_utm10_20250520_20250520.tif,200,True,,2026-08-29T19:29:53.882228+00:00
https://nrs.objectstore.gov.bc.ca/gdwuts/094/094a/2025/dem/bc_094a012_1_3_4_xli1m_utm10_20250520_20250523.tif,200,True,,2026-08-29T19:29:53.895157+00:00
https://nrs.objectstore.gov.bc.ca/gdwuts/094/094a/2025/dem/bc_094a012_1_4_1_xli1m_utm10_20250520_20250531.tif,200,True,,2026-08-29T19:29:53.910217+00:00
https://nrs.objectstore.gov.bc.ca/gdwuts/094/094a/2025/dem/bc_094a012_1_4_3_xli1m_utm10_20250520_20250531.tif,200,True,,2026-08-29T19:29:53.913108+00:00
https://nrs.objectstore.gov.bc.ca/gdwuts/094/094a/2025/dem/bc_094a012_1_4_4_xli1m_utm10_20250523_20250531.tif,200,True,,2026-08-29T19:29:53.933900+00:00
https://nrs.objectstore.gov.bc.ca/gdwuts/094/094a/2025/dem/bc_094a012_2_1_1_xli1m_utm10_20250524_20250531.tif,200,True,,2026-08-29T19:29:53.922757+00:00
https://nrs.objectstore.gov.bc.ca/gdwuts/094/094a/2025/dem/bc_094a012_2_1_2_xli1m_utm10_20250524_20250531.tif,200,True,,2026-08-29T19:29:53.959229+00:00
https://nrs.objectstore.gov.bc.ca/gdwuts/094/094a/2025/dem/bc_094a012_2_2_1_xli1m_utm10_20250523_20250524.tif,200,True,,2026-08-29T19:29:53.990217+00:00
https://nrs.objectstore.gov.bc.ca/gdwuts/094/094a/2025/dem/bc_094a012_2_2_3_xli1m_utm10_20250523_20250524.tif,200,True,,2026-08-29T19:29:53.962579+00:00
https://nrs.objectstore.gov.bc.ca/gdwuts/094/094a/2025/dem/bc_094a012_2_3_3_xli1m_utm10_20250524_20250531.tif,200,True,,2026-08-29T19:29:54.023203+00:00
https://nrs.objectstore.gov.bc.ca/gdwuts/094/094a/2025/dem/bc_094a012_2_3_4_xli1m_utm10_20250524_20250531.tif,200,True,,2026-08-29T19:29:54.006215+00:00
https://nrs.objectstore.gov.bc.ca/gdwuts/094/094a/2025/dem/bc_094a012_3_1_2_xli1m_utm10_20250520_20250523.tif,200,True,,2026-08-29T19:29:54.006628+00:00
https://nrs.objectstore.gov.bc.ca/gdwuts/094/094a/2025/dem/bc_094a012_3_1_3_xli1m_utm10_20250520_20250520.tif,200,True,,2026-08-29T19:29:54.039183+00:00
https://nrs.objectstore.gov.bc.ca/gdwuts/094/094a/2025/dem/bc_094a012_3_1_4_xli1m_utm10_20250520_20250523.tif,200,True,,2026-08-29T19:29:54.070084+00:00
https://nrs.objectstore.gov.bc.ca/gdwuts/094/094a/2025/dem/bc_094a012_3_2_1_xli1m_utm10_20250520_20250531.tif,200,True,,2026-08-29T19:29:54.081263+00:00
https://nrs.objectstore.gov.bc.ca/gdwuts/094/094a/2025/dem/bc_094a012_3_2_2_xli1m_utm10_20250523_20250531.tif,200,True,,2026-08-29T19:29:54.087124+00:00
https://nrs.objectstore.gov.bc.ca/gdwuts/094/094a/2025/dem/bc_094a012_3_2_3_xli1m_utm10_20250520_20250531.tif,200,True,,2026-08-29T19:29:54.074072+00:00
https://nrs.objectstore.gov.bc.ca/gdwuts/094/094a/2025/dem/bc_094a012_3_2_4_xli1m_utm10_20250523_20250531.tif,200,True,,2026-08-29T19:29:54.125183+00:00
https://nrs.objectstore.gov.bc.ca/gdwuts/094/094a/2025/dem/bc_094a012_3_3_2_xli1m_utm10_20250520_20250523.tif,200,True,,2026-08-29T19:29:54.104101+00:00
https://nrs.objectstore.gov.bc.ca/gdwuts/094/094a/2025/dem/bc_094a012_3_3_3_xli1m_utm10_20250520_20250520.tif,200,True,,2026-08-29T19:29:54.139386+00:00
https://nrs.objectstore.gov.bc.ca/gdwuts/094/094a/2025/dem/bc_094a012_3_4_1_xli1m_utm10_20250520_20250531.tif,200,True,,2026-08-29T19:29:54.162136+00:00
https://nrs.objectstore.gov.bc.ca/gdwuts/094/094a/2025/dem/bc_094a012_3_4_2_xli1m_utm10_20250523_20250531.tif,200,True,,2026-08-29T19:29:54.181124+00:00
https://nrs.objectstore.gov.bc.ca/gdwuts/094/094a/2025/dem/bc_094a012_3_4_3_xli1m_utm10_20250520_20250531.tif,200,True,,2026-08-29T19:29:54.151138+00:00
https://nrs.objectstore.gov.bc.ca/gdwuts/094/094a/2025/dem/bc_094a012_3_4_4_xli1m_utm10_20250523_20250531.tif,200,True,,2026-08-29T19:29:54.135156+00:00
https://nrs.objectstore.gov.bc.ca/gdwuts/094/094a/2025/dem/bc_094a012_4_1_1_xli1m_utm10_20250524_20250531.tif,200,True,,2026-08-29T19:29:54.173019+00:00
https://nrs.objectstore.gov.bc.ca/gdwuts/094/094a/2025/dem/bc_094a012_4_1_2_xli1m_utm10_20250524_20250531.tif,200,True,,2026-08-29T19:29:54.207207+00:00
https://nrs.objectstore.gov.bc.ca/gdwuts/094/094a/2025/dem/bc_094a012_4_1_3_xli1m_utm10_20250524_20250531.tif,200,True,,2026-08-29T19:29:54.215165+00:00
https://nrs.objectstore.gov.bc.ca/gdwuts/094/094a/2025/dem/bc_094a012_4_1_4_xli1m_utm10_20250524_20250531.tif,200,True,,2026-08-29T19:29:54.212393+00:00
https://nrs.objectstore.gov.bc.ca/gdwuts/094/094a/2025/dem/bc_094a012_4_2_1_xli1m_utm10_20250523_20250524.tif,200,True,,2026-08-29T19:29:54.228151+00:00
https://nrs.objectstore.gov.bc.ca/gdwuts/094/094a/2025/dem/bc_094a012_4_2_3_xli1m_utm10_20250523_20250524.tif,200,True,,2026-08-29T19:29:54.253749+00:00
https://nrs.objectstore.gov.bc.ca/gdwuts/094/094a/2025/dem/bc_094a012_4_3_1_xli1m_utm10_20250524_20250531.tif,200,True,,2026-08-29T19:29:54.249201+00:00
https://nrs.objectstore.gov.bc.ca/gdwuts/094/094a/2025/dem/bc_094a012_4_3_2_xli1m_utm10_20250524_20250531.tif,200,True,,2026-08-29T19:29:54.275860+00:00
https://nrs.objectstore.gov.bc.ca/gdwuts/094/094a/2025/dem/bc_094a012_4_3_3_xli1m_utm10_20250524_20250531.tif,200,True,,2026-08-29T19:29:54.283968+00:00
https://nrs.objectstore.gov.bc.ca/gdwuts/094/094a/2025/dem/bc_094a012_4_3_4_xli1m_utm10_20250524_20250531.tif,200,True,,2026-08-29T19:29:54.295744+00:00
https://nrs.objectstore.gov.bc.ca/gdwuts/094/094a/2025/dem/bc_094a012_4_4_1_xli1m_utm10_20250523_20250524.tif,200,True,,2026-08-29T19:29:54.297679+00:00
https://nrs.objectstore.gov.bc.ca/gdwuts/094/094a/2025/dem/bc_094a012_4_4_3_xli1m_utm10_20250523_20250524.tif,200,True,,2026-08-29T19:29:54.327231+00:00
https://nrs.objectstore.gov.bc.ca/gdwuts/094/094a/2025/dem/bc_094a021_1_1_3_xli1m_utm10_20250805_20250805.tif,200,True,,2026-08-29T19:29:54.348066+00:00
https://nrs.objectstore.gov.bc.ca/gdwuts/094/094c/2025/dem/bc_094c009_3_2_3_xli1m_utm10_20250811_20251004.tif,200,True,,2026-08-29T19:29:54.337210+00:00
https://nrs.objectstore.gov.bc.ca/gdwuts/094/094c/2025/dem/bc_094c009_3_2_4_xli1m_utm10_20250811_20251004.tif,200,True,,2026-08-29T19:29:54.353991+00:00
https://nrs.objectstore.gov.bc.ca/gdwuts/094/094c/2025/dem/bc_094c009_3_3_1_xli1m_utm10_20250811_20251004.tif,200,True,,2026-08-29T19:29:54.381307+00:00
https://nrs.objectstore.gov.bc.ca/gdwuts/094/094c/2025/dem/bc_094c009_3_3_2_xli1m_utm10_20250811_20251004.tif,200,True,,2026-08-29T19:29:54.364187+00:00
https://nrs.objectstore.gov.bc.ca/gdwuts/094/094c/2025/dem/bc_094c009_3_3_3_xli1m_utm10_20250811_20251004.tif,200,True,,2026-08-29T19:29:54.454674+00:00
https://nrs.objectstore.gov.bc.ca/gdwuts/094/094c/2025/dem/bc_094c009_3_3_4_xli1m_utm10_20250811_20251004.tif,200,True,,2026-08-29T19:29:54.435462+00:00
https://nrs.objectstore.gov.bc.ca/gdwuts/094/094c/2025/dem/bc_094c009_3_4_1_xli1m_utm10_20250811_20251004.tif,200,True,,2026-08-29T19:29:54.430524+00:00
https://nrs.objectstore.gov.bc.ca/gdwuts/094/094c/2025/dem/bc_094c009_3_4_2_xli1m_utm10_20250811_20251004.tif,200,True,,2026-08-29T19:29:54.417271+00:00
https://nrs.objectstore.gov.bc.ca/gdwuts/094/094c/2025/dem/bc_094c009_3_4_3_xli1m_utm10_20250811_20251004.tif,200,True,,2026-08-29T19:29:54.465503+00:00
https://nrs.objectstore.gov.bc.ca/gdwuts/094/094c/2025/dem/bc_094c009_3_4_4_xli1m_utm10_20250811_20250811.tif,200,True,,2026-08-29T19:29:54.500138+00:00
https://nrs.objectstore.gov.bc.ca/gdwuts/094/094c/2025/dem/bc_094c009_4_1_1_xli1m_utm10_20250811_20251004.tif,200,True,,2026-08-29T19:29:54.475916+00:00
https://nrs.objectstore.gov.bc.ca/gdwuts/094/094c/2025/dem/bc_094c009_4_1_2_xli1m_utm10_20250811_20250811.tif,200,True,,2026-08-29T19:29:54.494164+00:00
https://nrs.objectstore.gov.bc.ca/gdwuts/094/094c/2025/dem/bc_094c009_4_1_3_xli1m_utm10_20250811_20251004.tif,200,True,,2026-08-29T19:29:54.479681+00:00
https://nrs.objectstore.gov.bc.ca/gdwuts/094/094c/2025/dem/bc_094c009_4_1_4_xli1m_utm10_20250811_20250811.tif,200,True,,2026-08-29T19:29:54.517974+00:00
https://nrs.objectstore.gov.bc.ca/gdwuts/094/094c/2025/dem/bc_094c009_4_2_1_xli1m_utm10_20250811_20250811.tif,200,True,,2026-08-29T19:29:54.525134+00:00
https://nrs.objectstore.gov.bc.ca/gdwuts/094/094c/2025/dem/bc_094c009_4_2_2_xli1m_utm10_20250811_20250811.tif,200,True,,2026-08-29T19:29:54.522284+00:00
https://nrs.objectstore.gov.bc.ca/gdwuts/094/094c/2025/dem/bc_094c009_4_2_3_xli1m_utm10_20250811_20250811.tif,200,True,,2026-08-29T19:29:54.548338+00:00
https://nrs.objectstore.gov.bc.ca/gdwuts/094/094c/2025/dem/bc_094c009_4_2_4_xli1m_utm10_20250811_20250811.tif,200,True,,2026-08-29T19:29:54.543086+00:00
https://nrs.objectstore.gov.bc.ca/gdwuts/094/094c/2025/dem/bc_094c009_4_3_1_xli1m_utm10_20250811_20250811.tif,200,True,,2026-08-29T19:29:54.559301+00:00
https://nrs.objectstore.gov.bc.ca/gdwuts/094/094c/2025/dem/bc_094c009_4_3_2_xli1m_utm10_20250811_20250811.tif,200,True,,2026-08-29T19:29:54.610168+00:00
https://nrs.objectstore.gov.bc.ca/gdwuts/094/094c/2025/dem/bc_094c009_4_3_3_xli1m_utm10_20250811_20250811.tif,200,True,,2026-08-29T19:29:54.585126+00:00
https://nrs.objectstore.gov.bc.ca/gdwuts/094/094c/2025/dem/bc_094c009_4_3_4_xli1m_utm10_20250811_20250811.tif,200,True,,2026-08-29T19:29:54.627454+00:00
https://nrs.objectstore.gov.bc.ca/gdwuts/094/094c/2025/dem/bc_094c009_4_4_1_xli1m_utm10_20250811_20250811.tif,200,True,,2026-08-29T19:29:54.598883+00:00
https://nrs.objectstore.gov.bc.ca/gdwuts/094/094c/2025/dem/bc_094c009_4_4_2_xli1m_utm10_20250810_20250811.tif,200,True,,2026-08-29T19:29:54.637646+00:00
https://nrs.objectstore.gov.bc.ca/gdwuts/094/094c/2025/dem/bc_094c009_4_4_3_xli1m_utm10_20250811_20250811.tif,200,True,,2026-08-29T19:29:54.641303+00:00
https://nrs.objectstore.gov.bc.ca/gdwuts/094/094c/2025/dem/bc_094c009_4_4_4_xli1m_utm10_20250810_20250811.tif,200,True,,2026-08-29T19:29:54.659178+00:00
https://nrs.objectstore.gov.bc.ca/gdwuts/094/094c/2025/dem/bc_094c010_1_1_1_xli1m_utm10_20250811_20250811.tif,200,True,,2026-08-29T19:29:54.698141+00:00
https://nrs.objectstore.gov.bc.ca/gdwuts/094/094c/2025/dem/bc_094c010_1_1_2_xli1m_utm10_20250811_20250811.tif,200,True,,2026-08-29T19:29:54.679148+00:00
https://nrs.objectstore.gov.bc.ca/gdwuts/094/094c/2025/dem/bc_094c010_1_1_3_xli1m_utm10_20250811_20250811.tif,200,True,,2026-08-29T19:29:54.692147+00:00
https://nrs.objectstore.gov.bc.ca/gdwuts/094/094c/2025/dem/bc_094c010_1_1_4_xli1m_utm10_20250811_20250811.tif,200,True,,2026-08-29T19:29:54.765660+00:00
https://nrs.objectstore.gov.bc.ca/gdwuts/094/094c/2025/dem/bc_094c010_1_2_1_xli1m_utm10_20250811_20250811.tif,200,True,,2026-08-29T19:29:54.758256+00:00
https://nrs.objectstore.gov.bc.ca/gdwuts/094/094c/2025/dem/bc_094c010_1_2_2_xli1m_utm10_20250810_20250811.tif,200,True,,2026-08-29T19:29:54.741212+00:00
https://nrs.objectstore.gov.bc.ca/gdwuts/094/094c/2025/dem/bc_094c010_1_2_3_xli1m_utm10_20250811_20250811.tif,200,True,,2026-08-29T19:29:54.747210+00:00
https://nrs.objectstore.gov.bc.ca/gdwuts/094/094c/2025/dem/bc_094c010_1_2_4_xli1m_utm10_20250810_20250811.tif,200,True,,2026-08-29T19:29:54.747617+00:00
https://nrs.objectstore.gov.bc.ca/gdwuts/094/094c/2025/dem/bc_094c010_1_3_1_xli1m_utm10_20250811_20250811.tif,200,True,,2026-08-29T19:29:54.765122+00:00
https://nrs.objectstore.gov.bc.ca/gdwuts/094/094c/2025/dem/bc_094c010_1_3_2_xli1m_utm10_20250811_20250811.tif,200,True,,2026-08-29T19:29:54.820504+00:00
https://nrs.objectstore.gov.bc.ca/gdwuts/094/094c/2025/dem/bc_094c010_1_3_3_xli1m_utm10_20250811_20250811.tif,200,True,,2026-08-29T19:29:54.814155+00:00
https://nrs.objectstore.gov.bc.ca/gdwuts/094/094c/2025/dem/bc_094c010_1_3_4_xli1m_utm10_20250811_20250811.tif,200,True,,2026-08-29T19:29:54.827462+00:00
https://nrs.objectstore.gov.bc.ca/gdwuts/094/094c/2025/dem/bc_094c010_1_4_1_xli1m_utm10_20250810_20250811.tif,200,True,,2026-08-29T19:29:54.825340+00:00
https://nrs.objectstore.gov.bc.ca/gdwuts/094/094c/2025/dem/bc_094c010_1_4_2_xli1m_utm10_20250810_20250810.tif,200,True,,2026-08-29T19:29:54.847724+00:00
https://nrs.objectstore.gov.bc.ca/gdwuts/094/094c/2025/dem/bc_094c010_1_4_3_xli1m_utm10_20250810_20250811.tif,200,True,,2026-08-29T19:29:54.845197+00:00
https://nrs.objectstore.gov.bc.ca/gdwuts/094/094c/2025/dem/bc_094c010_1_4_4_xli1m_utm10_20250810_20250810.tif,200,True,,2026-08-29T19:29:54.860141+00:00
https://nrs.objectstore.gov.bc.ca/gdwuts/094/094c/2025/dem/bc_094c010_2_1_1_xli1m_utm10_20250810_20250811.tif,200,True,,2026-08-29T19:29:54.857762+00:00
https://nrs.objectstore.gov.bc.ca/gdwuts/094/094c/2025/dem/bc_094c010_2_1_2_xli1m_utm10_20250810_20250810.tif,200,True,,2026-08-29T19:29:54.873802+00:00
https://nrs.objectstore.gov.bc.ca/gdwuts/094/094c/2025/dem/bc_094c010_2_1_3_xli1m_utm10_20250810_20250811.tif,200,True,,2026-08-29T19:29:54.889571+00:00
https://nrs.objectstore.gov.bc.ca/gdwuts/094/094c/2025/dem/bc_094c010_2_1_4_xli1m_utm10_20250810_20250810.tif,200,True,,2026-08-29T19:29:54.956173+00:00
https://nrs.objectstore.gov.bc.ca/gdwuts/094/094c/2025/dem/bc_094c010_2_2_1_xli1m_utm10_20250810_20250810.tif,200,True,,2026-08-29T19:29:54.976483+00:00
https://nrs.objectstore.gov.bc.ca/gdwuts/094/094c/2025/dem/bc_094c010_2_2_2_xli1m_utm10_20250810_20250810.tif,200,True,,2026-08-29T19:29:54.943165+00:00
https://nrs.objectstore.gov.bc.ca/gdwuts/094/094c/2025/dem/bc_094c010_2_2_3_xli1m_utm10_20250810_20250810.tif,200,True,,2026-08-29T19:29:54.937293+00:00
https://nrs.objectstore.gov.bc.ca/gdwuts/094/094c/2025/dem/bc_094c010_2_3_1_xli1m_utm10_20250810_20250810.tif,200,True,,2026-08-29T19:29:54.982350+00:00
https://nrs.objectstore.gov.bc.ca/gdwuts/094/094c/2025/dem/bc_094c010_2_3_2_xli1m_utm10_20250810_20250810.tif,200,True,,2026-08-29T19:29:54.969008+00:00
https://nrs.objectstore.gov.bc.ca/gdwuts/094/094c/2025/dem/bc_094c010_2_3_3_xli1m_utm10_20250810_20250810.tif,200,True,,2026-08-29T19:29:55.064314+00:00
https://nrs.objectstore.gov.bc.ca/gdwuts/094/094c/2025/dem/bc_094c010_2_3_4_xli1m_utm10_20250810_20250810.tif,200,True,,2026-08-29T19:29:55.006349+00:00
https://nrs.objectstore.gov.bc.ca/gdwuts/094/094c/2025/dem/bc_094c010_2_4_1_xli1m_utm10_20250810_20250810.tif,200,True,,2026-08-29T19:29:55.045141+00:00
https://nrs.objectstore.gov.bc.ca/gdwuts/094/094c/2025/dem/bc_094c010_3_1_1_xli1m_utm10_20250811_20250811.tif,200,True,,2026-08-29T19:29:55.038443+00:00
https://nrs.objectstore.gov.bc.ca/gdwuts/094/094c/2025/dem/bc_094c010_3_1_2_xli1m_utm10_20250810_20250811.tif,200,True,,2026-08-29T19:29:55.062145+00:00
https://nrs.objectstore.gov.bc.ca/gdwuts/094/094c/2025/dem/bc_094c010_3_1_3_xli1m_utm10_20250810_20250811.tif,200,True,,2026-08-29T19:29:55.074064+00:00
https://nrs.objectstore.gov.bc.ca/gdwuts/094/094c/2025/dem/bc_094c010_3_2_1_xli1m_utm10_20250810_20250810.tif,200,True,,2026-08-29T19:29:55.073633+00:00
https://nrs.objectstore.gov.bc.ca/gdwuts/094/094c/2025/dem/bc_094c010_3_2_2_xli1m_utm10_20250810_20250810.tif,200,True,,2026-08-29T19:29:55.077168+00:00
https://nrs.objectstore.gov.bc.ca/gdwuts/094/094c/2025/dem/bc_094c010_3_2_3_xli1m_utm10_20250810_20250810.tif,200,True,,2026-08-29T19:29:55.067743+00:00
https://nrs.objectstore.gov.bc.ca/gdwuts/094/094c/2025/dem/bc_094c010_3_2_4_xli1m_utm10_20250810_20250810.tif,200,True,,2026-08-29T19:29:55.084152+00:00
https://nrs.objectstore.gov.bc.ca/gdwuts/094/094c/2025/dem/bc_094c010_3_3_1_xli1m_utm10_20250810_20250811.tif,200,True,,2026-08-29T19:29:55.111964+00:00
https://nrs.objectstore.gov.bc.ca/gdwuts/094/094c/2025/dem/bc_094c010_3_3_2_xli1m_utm10_20250810_20250810.tif,200,True,,2026-08-29T19:29:55.120543+00:00
https://nrs.objectstore.gov.bc.ca/gdwuts/094/094c/2025/dem/bc_094c010_3_3_4_xli1m_utm10_20250810_20250810.tif,200,True,,2026-08-29T19:29:55.142149+00:00
https://nrs.objectstore.gov.bc.ca/gdwuts/094/094c/2025/dem/bc_094c010_3_4_1_xli1m_utm10_20250810_20250810.tif,200,True,,2026-08-29T19:29:55.161163+00:00
https://nrs.objectstore.gov.bc.ca/gdwuts/094/094c/2025/dem/bc_094c010_3_4_2_xli1m_utm10_20250810_20250810.tif,200,True,,2026-08-29T19:29:55.166252+00:00
https://nrs.objectstore.gov.bc.ca/gdwuts/094/094c/2025/dem/bc_094c010_3_4_3_xli1m_utm10_20250810_20250810.tif,200,True,,2026-08-29T19:29:55.221558+00:00
https://nrs.objectstore.gov.bc.ca/gdwuts/094/094c/2025/dem/bc_094c010_3_4_4_xli1m_utm10_20250810_20250810.tif,200,True,,2026-08-29T19:29:55.179429+00:00
https://nrs.objectstore.gov.bc.ca/gdwuts/094/094c/2025/dem/bc_094c010_4_1_1_xli1m_utm10_20250810_20250810.tif,200,True,,2026-08-29T19:29:55.194207+00:00
https://nrs.objectstore.gov.bc.ca/gdwuts/094/094c/2025/dem/bc_094c010_4_1_3_xli1m_utm10_20250810_20250810.tif,200,True,,2026-08-29T19:29:55.217148+00:00
https://nrs.objectstore.gov.bc.ca/gdwuts/094/094c/2025/dem/bc_094c018_2_1_2_xli1m_utm10_20250811_20250912.tif,200,True,,2026-08-29T19:29:55.244162+00:00
https://nrs.objectstore.gov.bc.ca/gdwuts/094/094c/2025/dem/bc_094c018_2_1_4_xli1m_utm10_20250811_20251004.tif,200,True,,2026-08-29T19:29:55.250439+00:00
https://nrs.objectstore.gov.bc.ca/gdwuts/094/094c/2025/dem/bc_094c018_2_2_1_xli1m_utm10_20250811_20251004.tif,200,True,,2026-08-29T19:29:55.304681+00:00
https://nrs.objectstore.gov.bc.ca/gdwuts/094/094c/2025/dem/bc_094c018_2_2_2_xli1m_utm10_20250811_20251004.tif,200,True,,2026-08-29T19:29:55.287150+00:00
https://nrs.objectstore.gov.bc.ca/gdwuts/094/094c/2025/dem/bc_094c018_2_2_3_xli1m_utm10_20250811_20251004.tif,200,True,,2026-08-29T19:29:55.317638+00:00
https://nrs.objectstore.gov.bc.ca/gdwuts/094/094c/2025/dem/bc_094c018_2_2_4_xli1m_utm10_20250811_20251004.tif,200,True,,2026-08-29T19:29:55.309111+00:00
https://nrs.objectstore.gov.bc.ca/gdwuts/094/094c/2025/dem/bc_094c018_2_4_1_xli1m_utm10_20250811_20251004.tif,200,True,,2026-08-29T19:29:55.281865+00:00
https://nrs.objectstore.gov.bc.ca/gdwuts/094/094c/2025/dem/bc_094c018_2_4_2_xli1m_utm10_20250811_20251004.tif,200,True,,2026-08-29T19:29:55.353629+00:00
https://nrs.objectstore.gov.bc.ca/gdwuts/094/094c/2025/dem/bc_094c019_1_1_1_xli1m_utm10_20250811_20251004.tif,200,True,,2026-08-29T19:29:55.349159+00:00
https://nrs.objectstore.gov.bc.ca/gdwuts/094/094c/2025/dem/bc_094c019_1_1_2_xli1m_utm10_20250811_20251004.tif,200,True,,2026-08-29T19:29:55.335413+00:00
https://nrs.objectstore.gov.bc.ca/gdwuts/094/094c/2025/dem/bc_094c019_1_1_3_xli1m_utm10_20250811_20251004.tif,200,True,,2026-08-29T19:29:55.377151+00:00
https://nrs.objectstore.gov.bc.ca/gdwuts/094/094c/2025/dem/bc_094c019_2_1_1_xli1m_utm10_20250811_20250811.tif,200,True,,2026-08-29T19:29:55.381450+00:00
https://nrs.objectstore.gov.bc.ca/gdwuts/094/094c/2025/dem/bc_094c019_2_1_2_xli1m_utm10_20250811_20250811.tif,200,True,,2026-08-29T19:29:55.369366+00:00
https://nrs.objectstore.gov.bc.ca/gdwuts/094/094c/2025/dem/bc_094c019_2_1_3_xli1m_utm10_20250811_20250811.tif,200,True,,2026-08-29T19:29:55.420062+00:00
https://nrs.objectstore.gov.bc.ca/gdwuts/094/094c/2025/dem/bc_094c019_2_2_1_xli1m_utm10_20250810_20250811.tif,200,True,,2026-08-29T19:29:55.431021+00:00
https://nrs.objectstore.gov.bc.ca/gdwuts/094/094c/2025/dem/bc_094c019_2_2_4_xli1m_utm10_20250810_20250811.tif,200,True,,2026-08-29T19:29:55.397571+00:00
https://nrs.objectstore.gov.bc.ca/gdwuts/094/094c/2025/dem/bc_094c019_2_3_2_xli1m_utm10_20250810_20250811.tif,200,True,,2026-08-29T19:29:55.445381+00:00
https://nrs.objectstore.gov.bc.ca/gdwuts/094/094c/2025/dem/bc_094c019_2_4_1_xli1m_utm10_20250810_20250811.tif,200,True,,2026-08-29T19:29:55.424142+00:00
https://nrs.objectstore.gov.bc.ca/gdwuts/094/094c/2025/dem/bc_094c019_2_4_2_xli1m_utm10_20250810_20250810.tif,200,True,,2026-08-29T19:29:55.483292+00:00
https://nrs.objectstore.gov.bc.ca/gdwuts/094/094c/2025/dem/bc_094c019_2_4_3_xli1m_utm10_20250810_20250810.tif,200,True,,2026-08-29T19:29:55.454228+00:00
https://nrs.objectstore.gov.bc.ca/gdwuts/094/094c/2025/dem/bc_094c019_2_4_4_xli1m_utm10_20250810_20250810.tif,200,True,,2026-08-29T19:29:55.502544+00:00
https://nrs.objectstore.gov.bc.ca/gdwuts/094/094c/2025/dem/bc_094c019_3_2_4_xli1m_utm10_20250810_20250811.tif,200,True,,2026-08-29T19:29:55.521148+00:00
https://nrs.objectstore.gov.bc.ca/gdwuts/094/094c/2025/dem/bc_094c019_4_1_2_xli1m_utm10_20250810_20250811.tif,200,True,,2026-08-29T19:29:55.506851+00:00
https://nrs.objectstore.gov.bc.ca/gdwuts/094/094c/2025/dem/bc_094c019_4_1_4_xli1m_utm10_20250810_20250810.tif,200,True,,2026-08-29T19:29:55.544032+00:00
https://nrs.objectstore.gov.bc.ca/gdwuts/094/094c/2025/dem/bc_094c019_4_2_1_xli1m_utm10_20250810_20250810.tif,200,True,,2026-08-29T19:29:55.541503+00:00
https://nrs.objectstore.gov.bc.ca/gdwuts/094/094c/2025/dem/bc_094c019_4_2_2_xli1m_utm10_20250810_20250810.tif,200,True,,2026-08-29T19:29:55.548167+00:00
https://nrs.objectstore.gov.bc.ca/gdwuts/094/094c/2025/dem/bc_094c019_4_2_3_xli1m_utm10_20250810_20250810.tif,200,True,,2026-08-29T19:29:55.545805+00:00
https://nrs.objectstore.gov.bc.ca/gdwuts/094/094c/2025/dem/bc_094c019_4_3_1_xli1m_utm10_20250810_20250810.tif,200,True,,2026-08-29T19:29:55.611498+00:00
https://nrs.objectstore.gov.bc.ca/gdwuts/094/094c/2025/dem/bc_094c019_4_3_2_xli1m_utm10_20250810_20250810.tif,200,True,,2026-08-29T19:29:55.580125+00:00
https://nrs.objectstore.gov.bc.ca/gdwuts/094/094c/2025/dem/bc_094c019_4_3_4_xli1m_utm10_20250810_20250810.tif,200,True,,2026-08-29T19:29:55.577601+00:00
https://nrs.objectstore.gov.bc.ca/gdwuts/094/094c/2025/dem/bc_094c019_4_4_1_xli1m_utm10_20250810_20250810.tif,200,True,,2026-08-29T19:29:55.613202+00:00
https://nrs.objectstore.gov.bc.ca/gdwuts/094/094c/2025/dem/bc_094c020_1_1_1_xli1m_utm10_20250810_20250810.tif,200,True,,2026-08-29T19:29:55.678209+00:00
https://nrs.objectstore.gov.bc.ca/gdwuts/094/094c/2025/dem/bc_094c020_1_1_2_xli1m_utm10_20250810_20250810.tif,200,True,,2026-08-29T19:29:55.628151+00:00
https://nrs.objectstore.gov.bc.ca/gdwuts/094/094c/2025/dem/bc_094c020_1_1_3_xli1m_utm10_20250810_20250810.tif,200,True,,2026-08-29T19:29:55.636142+00:00
https://nrs.objectstore.gov.bc.ca/gdwuts/094/094c/2025/dem/bc_094c020_1_1_4_xli1m_utm10_20250810_20250810.tif,200,True,,2026-08-29T19:29:55.656318+00:00
https://nrs.objectstore.gov.bc.ca/gdwuts/094/094c/2025/dem/bc_094c020_1_2_1_xli1m_utm10_20250810_20250810.tif,200,True,,2026-08-29T19:29:55.652528+00:00
https://nrs.objectstore.gov.bc.ca/gdwuts/094/094c/2025/dem/bc_094c020_1_3_1_xli1m_utm10_20250810_20250810.tif,200,True,,2026-08-29T19:29:55.710394+00:00
https://nrs.objectstore.gov.bc.ca/gdwuts/094/094c/2025/dem/bc_094c020_1_3_3_xli1m_utm10_20250810_20250810.tif,200,True,,2026-08-29T19:29:55.741165+00:00
https://nrs.objectstore.gov.bc.ca/gdwuts/094/094h/2024/dem/bc_094h007_2_2_2_xli1m_utm10_20240627_20240627.tif,200,True,,2026-08-29T19:29:55.707308+00:00
https://nrs.objectstore.gov.bc.ca/gdwuts/094/094h/2024/dem/bc_094h007_2_2_4_xli1m_utm10_20240627_20240627.tif,200,True,,2026-08-29T19:29:55.762091+00:00
https://nrs.objectstore.gov.bc.ca/gdwuts/094/094h/2024/dem/bc_094h007_2_4_2_xli1m_utm10_20240627_20240627.tif,200,True,,2026-08-29T19:29:55.751165+00:00
https://nrs.objectstore.gov.bc.ca/gdwuts/094/094h/2024/dem/bc_094h007_2_4_4_xli1m_utm10_20240627_20240627.tif,200,True,,2026-08-29T19:29:55.754898+00:00
https://nrs.objectstore.gov.bc.ca/gdwuts/094/094h/2024/dem/bc_094h007_4_2_2_xli1m_utm10_20240627_20240627.tif,200,True,,2026-08-29T19:29:55.737517+00:00
https://nrs.objectstore.gov.bc.ca/gdwuts/094/094h/2024/dem/bc_094h007_4_2_4_xli1m_utm10_20240627_20240627.tif,200,True,,2026-08-29T19:29:55.774035+00:00
https://nrs.objectstore.gov.bc.ca/gdwuts/094/094h/2024/dem/bc_094h007_4_4_2_xli1m_utm10_20240627_20240627.tif,200,True,,2026-08-29T19:29:55.759690+00:00
https://nrs.objectstore.gov.bc.ca/gdwuts/094/094p/2024/dem/bc_094p053_1_1_1_xli1m_utm10_20240913_20240913.tif,200,True,,2026-08-29T19:29:55.803271+00:00
https://nrs.objectstore.gov.bc.ca/gdwuts/094/094p/2024/dem/bc_094p053_1_1_2_xli1m_utm10_20240913_20240913.tif,200,True,,2026-08-29T19:29:55.817023+00:00
https://nrs.objectstore.gov.bc.ca/gdwuts/094/094p/2024/dem/bc_094p053_1_1_3_xli1m_utm10_20240913_20240913.tif,200,True,,2026-08-29T19:29:55.827172+00:00
https://nrs.objectstore.gov.bc.ca/gdwuts/094/094p/2024/dem/bc_094p053_1_1_4_xli1m_utm10_20240913_20240913.tif,200,True,,2026-08-29T19:29:55.830149+00:00
https://nrs.objectstore.gov.bc.ca/gdwuts/094/094p/2024/dem/bc_094p053_1_2_1_xli1m_utm10_20240913_20250508.tif,200,True,,2026-08-29T19:29:55.834748+00:00
https://nrs.objectstore.gov.bc.ca/gdwuts/094/094p/2024/dem/bc_094p053_1_2_2_xli1m_utm10_20240913_20250508.tif,200,True,,2026-08-29T19:29:55.863047+00:00
https://nrs.objectstore.gov.bc.ca/gdwuts/094/094p/2024/dem/bc_094p053_1_2_3_xli1m_utm10_20240913_20250508.tif,200,True,,2026-08-29T19:29:55.871462+00:00
https://nrs.objectstore.gov.bc.ca/gdwuts/094/094p/2024/dem/bc_094p053_1_2_4_xli1m_utm10_20240913_20250508.tif,200,True,,2026-08-29T19:29:55.879888+00:00
https://nrs.objectstore.gov.bc.ca/gdwuts/094/094p/2024/dem/bc_094p053_1_3_1_xli1m_utm10_20240913_20240913.tif,200,True,,2026-08-29T19:29:55.906160+00:00
https://nrs.objectstore.gov.bc.ca/gdwuts/094/094p/2024/dem/bc_094p053_1_3_2_xli1m_utm10_20240913_20240913.tif,200,True,,2026-08-29T19:29:55.919224+00:00
https://nrs.objectstore.gov.bc.ca/gdwuts/094/094p/2024/dem/bc_094p053_1_3_3_xli1m_utm10_20240913_20240913.tif,200,True,,2026-08-29T19:29:55.926541+00:00
https://nrs.objectstore.gov.bc.ca/gdwuts/094/094p/2024/dem/bc_094p053_1_3_4_xli1m_utm10_20240913_20240913.tif,200,True,,2026-08-29T19:29:55.982078+00:00
https://nrs.objectstore.gov.bc.ca/gdwuts/094/094p/2024/dem/bc_094p053_1_4_1_xli1m_utm10_20240913_20240913.tif,200,True,,2026-08-29T19:29:55.976257+00:00
https://nrs.objectstore.gov.bc.ca/gdwuts/094/094p/2024/dem/bc_094p053_1_4_2_xli1m_utm10_20240913_20250508.tif,200,True,,2026-08-29T19:29:55.981663+00:00
https://nrs.objectstore.gov.bc.ca/gdwuts/094/094p/2024/dem/bc_094p053_1_4_3_xli1m_utm10_20240913_20240913.tif,200,True,,2026-08-29T19:29:55.989368+00:00
https://nrs.objectstore.gov.bc.ca/gdwuts/094/094p/2024/dem/bc_094p053_1_4_4_xli1m_utm10_20240913_20250508.tif,200,True,,2026-08-29T19:29:55.988942+00:00
https://nrs.objectstore.gov.bc.ca/gdwuts/094/094p/2024/dem/bc_094p053_3_1_1_xli1m_utm10_20240913_20240913.tif,200,True,,2026-08-29T19:29:56.029243+00:00
https://nrs.objectstore.gov.bc.ca/gdwuts/094/094p/2024/dem/bc_094p053_3_1_2_xli1m_utm10_20240913_20240913.tif,200,True,,2026-08-29T19:29:56.054196+00:00
https://nrs.objectstore.gov.bc.ca/gdwuts/094/094p/2024/dem/bc_094p053_3_1_3_xli1m_utm10_20240913_20240913.tif,200,True,,2026-08-29T19:29:56.042974+00:00
https://nrs.objectstore.gov.bc.ca/gdwuts/094/094p/2024/dem/bc_094p053_3_1_4_xli1m_utm10_20240913_20240913.tif,200,True,,2026-08-29T19:29:56.032135+00:00
https://nrs.objectstore.gov.bc.ca/gdwuts/094/094p/2024/dem/bc_094p053_3_2_1_xli1m_utm10_20240913_20240913.tif,200,True,,2026-08-29T19:29:56.036161+00:00
https://nrs.objectstore.gov.bc.ca/gdwuts/094/094p/2024/dem/bc_094p053_3_2_2_xli1m_utm10_20240913_20250508.tif,200,True,,2026-08-29T19:29:56.053739+00:00
https://nrs.objectstore.gov.bc.ca/gdwuts/094/094p/2024/dem/bc_094p053_3_2_3_xli1m_utm10_20240913_20240913.tif,200,True,,2026-08-29T19:29:56.065137+00:00
https://nrs.objectstore.gov.bc.ca/gdwuts/094/094p/2024/dem/bc_094p053_3_2_4_xli1m_utm10_20240913_20250508.tif,200,True,,2026-08-29T19:29:56.067299+00:00
https://nrs.objectstore.gov.bc.ca/gdwuts/094/094p/2024/dem/bc_094p053_3_3_1_xli1m_utm10_20240913_20240913.tif,200,True,,2026-08-29T19:29:56.115972+00:00
https://nrs.objectstore.gov.bc.ca/gdwuts/094/094p/2024/dem/bc_094p053_3_3_2_xli1m_utm10_20240913_20240913.tif,200,True,,2026-08-29T19:29:56.100573+00:00
https://nrs.objectstore.gov.bc.ca/gdwuts/094/094p/2024/dem/bc_094p053_3_3_3_xli1m_utm10_20240913_20240913.tif,200,True,,2026-08-29T19:29:56.103436+00:00
https://nrs.objectstore.gov.bc.ca/gdwuts/094/094p/2024/dem/bc_094p053_3_3_4_xli1m_utm10_20240913_20240913.tif,200,True,,2026-08-29T19:29:56.174149+00:00
https://nrs.objectstore.gov.bc.ca/gdwuts/094/094p/2024/dem/bc_094p053_3_4_1_xli1m_utm10_20240913_20240913.tif,200,True,,2026-08-29T19:29:56.176372+00:00
https://nrs.objectstore.gov.bc.ca/gdwuts/094/094p/2024/dem/bc_094p053_3_4_2_xli1m_utm10_20240913_20250508.tif,200,True,,2026-08-29T19:29:56.166246+00:00
https://nrs.objectstore.gov.bc.ca/gdwuts/094/094p/2024/dem/bc_094p053_3_4_3_xli1m_utm10_20240913_20240913.tif,200,True,,2026-08-29T19:29:56.207353+00:00
https://nrs.objectstore.gov.bc.ca/gdwuts/094/094p/2024/dem/bc_094p053_3_4_4_xli1m_utm10_20240913_20250508.tif,200,True,,2026-08-29T19:29:56.185367+00:00
https://nrs.objectstore.gov.bc.ca/gdwuts/094/094p/2024/dem/bc_094p058_1_1_1_xli1m_utm10_20240919_20250506.tif,200,True,,2026-08-29T19:29:56.232412+00:00
https://nrs.objectstore.gov.bc.ca/gdwuts/094/094p/2024/dem/bc_094p058_1_1_2_xli1m_utm10_20240919_20250506.tif,200,True,,2026-08-29T19:29:56.250531+00:00
https://nrs.objectstore.gov.bc.ca/gdwuts/094/094p/2024/dem/bc_094p058_1_1_3_xli1m_utm10_20240919_20250506.tif,200,True,,2026-08-29T19:29:56.316395+00:00
https://nrs.objectstore.gov.bc.ca/gdwuts/094/094p/2024/dem/bc_094p058_1_1_4_xli1m_utm10_20240919_20250506.tif,200,True,,2026-08-29T19:29:56.243209+00:00
https://nrs.objectstore.gov.bc.ca/gdwuts/094/094p/2024/dem/bc_094p058_1_2_1_xli1m_utm10_20240919_20240919.tif,200,True,,2026-08-29T19:29:56.321643+00:00
https://nrs.objectstore.gov.bc.ca/gdwuts/094/094p/2024/dem/bc_094p058_1_2_2_xli1m_utm10_20240919_20240919.tif,200,True,,2026-08-29T19:29:56.313186+00:00
https://nrs.objectstore.gov.bc.ca/gdwuts/094/094p/2024/dem/bc_094p058_1_2_3_xli1m_utm10_20240919_20240919.tif,200,True,,2026-08-29T19:29:56.298594+00:00
https://nrs.objectstore.gov.bc.ca/gdwuts/094/094p/2024/dem/bc_094p058_1_2_4_xli1m_utm10_20240919_20240919.tif,200,True,,2026-08-29T19:29:56.264071+00:00
https://nrs.objectstore.gov.bc.ca/gdwuts/094/094p/2024/dem/bc_094p058_1_3_1_xli1m_utm10_20240919_20250506.tif,200,True,,2026-08-29T19:29:56.309709+00:00
https://nrs.objectstore.gov.bc.ca/gdwuts/094/094p/2024/dem/bc_094p058_1_3_2_xli1m_utm10_20240919_20250506.tif,200,True,,2026-08-29T19:29:56.271136+00:00
https://nrs.objectstore.gov.bc.ca/gdwuts/094/094p/2024/dem/bc_094p058_1_3_3_xli1m_utm10_20240919_20250506.tif,200,True,,2026-08-29T19:29:56.328376+00:00
https://nrs.objectstore.gov.bc.ca/gdwuts/094/094p/2024/dem/bc_094p058_1_3_4_xli1m_utm10_20240919_20250506.tif,200,True,,2026-08-29T19:29:56.345067+00:00
https://nrs.objectstore.gov.bc.ca/gdwuts/094/094p/2024/dem/bc_094p058_1_4_1_xli1m_utm10_20240919_20240919.tif,200,True,,2026-08-29T19:29:56.359148+00:00
https://nrs.objectstore.gov.bc.ca/gdwuts/094/094p/2024/dem/bc_094p058_1_4_2_xli1m_utm10_20240919_20240919.tif,200,True,,2026-08-29T19:29:56.363677+00:00
https://nrs.objectstore.gov.bc.ca/gdwuts/094/094p/2024/dem/bc_094p058_1_4_3_xli1m_utm10_20240919_20240919.tif,200,True,,2026-08-29T19:29:56.380834+00:00
https://nrs.objectstore.gov.bc.ca/gdwuts/094/094p/2024/dem/bc_094p058_1_4_4_xli1m_utm10_20240919_20240919.tif,200,True,,2026-08-29T19:29:56.382603+00:00
https://nrs.objectstore.gov.bc.ca/gdwuts/094/094p/2024/dem/bc_094p058_2_1_1_xli1m_utm10_20240919_20240919.tif,200,True,,2026-08-29T19:29:56.403976+00:00
https://nrs.objectstore.gov.bc.ca/gdwuts/094/094p/2024/dem/bc_094p058_2_1_2_xli1m_utm10_20240918_20240919.tif,200,True,,2026-08-29T19:29:56.423138+00:00
https://nrs.objectstore.gov.bc.ca/gdwuts/094/094p/2024/dem/bc_094p058_2_1_3_xli1m_utm10_20240919_20240919.tif,200,True,,2026-08-29T19:29:56.431053+00:00
https://nrs.objectstore.gov.bc.ca/gdwuts/094/094p/2024/dem/bc_094p058_2_1_4_xli1m_utm10_20240918_20240919.tif,200,True,,2026-08-29T19:29:56.436389+00:00
https://nrs.objectstore.gov.bc.ca/gdwuts/094/094p/2024/dem/bc_094p058_2_2_1_xli1m_utm10_20240918_20240918.tif,200,True,,2026-08-29T19:29:56.479107+00:00
https://nrs.objectstore.gov.bc.ca/gdwuts/094/094p/2024/dem/bc_094p058_2_2_2_xli1m_utm10_20240917_20240918.tif,200,True,,2026-08-29T19:29:56.480662+00:00
https://nrs.objectstore.gov.bc.ca/gdwuts/094/094p/2024/dem/bc_094p058_2_2_3_xli1m_utm10_20240918_20240918.tif,200,True,,2026-08-29T19:29:56.487892+00:00
https://nrs.objectstore.gov.bc.ca/gdwuts/094/094p/2024/dem/bc_094p058_2_2_4_xli1m_utm10_20240917_20240918.tif,200,True,,2026-08-29T19:29:56.503125+00:00
https://nrs.objectstore.gov.bc.ca/gdwuts/094/094p/2024/dem/bc_094p058_2_3_1_xli1m_utm10_20240919_20240919.tif,200,True,,2026-08-29T19:29:56.572185+00:00
https://nrs.objectstore.gov.bc.ca/gdwuts/094/094p/2024/dem/bc_094p058_2_3_2_xli1m_utm10_20240918_20240919.tif,200,True,,2026-08-29T19:29:56.581297+00:00
https://nrs.objectstore.gov.bc.ca/gdwuts/094/094p/2024/dem/bc_094p058_2_3_3_xli1m_utm10_20240919_20240919.tif,200,True,,2026-08-29T19:29:56.529375+00:00
https://nrs.objectstore.gov.bc.ca/gdwuts/094/094p/2024/dem/bc_094p058_2_3_4_xli1m_utm10_20240918_20240919.tif,200,True,,2026-08-29T19:29:56.560002+00:00
https://nrs.objectstore.gov.bc.ca/gdwuts/094/094p/2024/dem/bc_094p058_2_4_1_xli1m_utm10_20240918_20240919.tif,200,True,,2026-08-29T19:29:56.577445+00:00
https://nrs.objectstore.gov.bc.ca/gdwuts/094/094p/2024/dem/bc_094p058_2_4_2_xli1m_utm10_20240917_20240918.tif,200,True,,2026-08-29T19:29:56.588233+00:00
https://nrs.objectstore.gov.bc.ca/gdwuts/094/094p/2024/dem/bc_094p058_2_4_3_xli1m_utm10_20240918_20240919.tif,200,True,,2026-08-29T19:29:56.566184+00:00
https://nrs.objectstore.gov.bc.ca/gdwuts/094/094p/2024/dem/bc_094p058_2_4_4_xli1m_utm10_20240917_20240918.tif,200,True,,2026-08-29T19:29:56.614236+00:00
https://nrs.objectstore.gov.bc.ca/gdwuts/094/094p/2024/dem/bc_094p058_3_1_1_xli1m_utm10_20240919_20250506.tif,200,True,,2026-08-29T19:29:56.603161+00:00
https://nrs.objectstore.gov.bc.ca/gdwuts/094/094p/2024/dem/bc_094p058_3_1_2_xli1m_utm10_20240919_20250506.tif,200,True,,2026-08-29T19:29:56.631136+00:00
https://nrs.objectstore.gov.bc.ca/gdwuts/094/094p/2024/dem/bc_094p058_3_1_4_xli1m_utm10_20240919_20250506.tif,200,True,,2026-08-29T19:29:56.635241+00:00
https://nrs.objectstore.gov.bc.ca/gdwuts/094/094p/2024/dem/bc_094p058_3_2_1_xli1m_utm10_20240919_20240919.tif,200,True,,2026-08-29T19:29:56.622811+00:00
https://nrs.objectstore.gov.bc.ca/gdwuts/094/094p/2024/dem/bc_094p058_3_2_2_xli1m_utm10_20240919_20240919.tif,200,True,,2026-08-29T19:29:56.672151+00:00
https://nrs.objectstore.gov.bc.ca/gdwuts/094/094p/2024/dem/bc_094p058_3_2_3_xli1m_utm10_20240919_20240919.tif,200,True,,2026-08-29T19:29:56.668260+00:00
https://nrs.objectstore.gov.bc.ca/gdwuts/094/094p/2024/dem/bc_094p058_3_2_4_xli1m_utm10_20240919_20240919.tif,200,True,,2026-08-29T19:29:56.679480+00:00
https://nrs.objectstore.gov.bc.ca/gdwuts/094/094p/2024/dem/bc_094p058_3_3_2_xli1m_utm10_20240919_20250506.tif,200,True,,2026-08-29T19:29:56.688317+00:00
https://nrs.objectstore.gov.bc.ca/gdwuts/094/094p/2024/dem/bc_094p058_3_3_4_xli1m_utm10_20240919_20250506.tif,200,True,,2026-08-29T19:29:56.704118+00:00
https://nrs.objectstore.gov.bc.ca/gdwuts/094/094p/2024/dem/bc_094p058_3_4_1_xli1m_utm10_20240919_20240919.tif,200,True,,2026-08-29T19:29:56.749542+00:00
https://nrs.objectstore.gov.bc.ca/gdwuts/094/094p/2024/dem/bc_094p058_3_4_2_xli1m_utm10_20240919_20240919.tif,200,True,,2026-08-29T19:29:56.764262+00:00
https://nrs.objectstore.gov.bc.ca/gdwuts/094/094p/2024/dem/bc_094p058_3_4_3_xli1m_utm10_20240919_20240919.tif,200,True,,2026-08-29T19:29:56.780867+00:00
https://nrs.objectstore.gov.bc.ca/gdwuts/094/094p/2024/dem/bc_094p058_3_4_4_xli1m_utm10_20240919_20240919.tif,200,True,,2026-08-29T19:29:56.788174+00:00
https://nrs.objectstore.gov.bc.ca/gdwuts/094/094p/2024/dem/bc_094p058_4_1_1_xli1m_utm10_20240919_20240919.tif,200,True,,2026-08-29T19:29:56.797098+00:00
https://nrs.objectstore.gov.bc.ca/gdwuts/094/094p/2024/dem/bc_094p058_4_1_2_xli1m_utm10_20240918_20240919.tif,200,True,,2026-08-29T19:29:56.801369+00:00
https://nrs.objectstore.gov.bc.ca/gdwuts/094/094p/2024/dem/bc_094p058_4_1_3_xli1m_utm10_20240919_20240919.tif,200,True,,2026-08-29T19:29:56.812632+00:00
https://nrs.objectstore.gov.bc.ca/gdwuts/094/094p/2024/dem/bc_094p058_4_1_4_xli1m_utm10_20240918_20240919.tif,200,True,,2026-08-29T19:29:56.880194+00:00
https://nrs.objectstore.gov.bc.ca/gdwuts/094/094p/2024/dem/bc_094p058_4_2_1_xli1m_utm10_20240918_20240919.tif,200,True,,2026-08-29T19:29:56.847234+00:00
https://nrs.objectstore.gov.bc.ca/gdwuts/094/094p/2024/dem/bc_094p058_4_2_2_xli1m_utm10_20240918_20240918.tif,200,True,,2026-08-29T19:29:56.823202+00:00
https://nrs.objectstore.gov.bc.ca/gdwuts/094/094p/2024/dem/bc_094p058_4_2_3_xli1m_utm10_20240918_20240919.tif,200,True,,2026-08-29T19:29:56.895822+00:00
https://nrs.objectstore.gov.bc.ca/gdwuts/094/094p/2024/dem/bc_094p058_4_2_4_xli1m_utm10_20240918_20240918.tif,200,True,,2026-08-29T19:29:56.862124+00:00
https://nrs.objectstore.gov.bc.ca/gdwuts/094/094p/2024/dem/bc_094p058_4_3_1_xli1m_utm10_20240919_20240919.tif,200,True,,2026-08-29T19:29:56.909855+00:00
https://nrs.objectstore.gov.bc.ca/gdwuts/094/094p/2024/dem/bc_094p058_4_3_2_xli1m_utm10_20240918_20240919.tif,200,True,,2026-08-29T19:29:56.901838+00:00
https://nrs.objectstore.gov.bc.ca/gdwuts/094/094p/2024/dem/bc_094p058_4_3_3_xli1m_utm10_20240919_20240919.tif,200,True,,2026-08-29T19:29:56.891145+00:00
https://nrs.objectstore.gov.bc.ca/gdwuts/094/094p/2024/dem/bc_094p058_4_3_4_xli1m_utm10_20240918_20240919.tif,200,True,,2026-08-29T19:29:56.887885+00:00
https://nrs.objectstore.gov.bc.ca/gdwuts/094/094p/2024/dem/bc_094p058_4_4_1_xli1m_utm10_20240918_20240919.tif,200,True,,2026-08-29T19:29:56.922828+00:00
https://nrs.objectstore.gov.bc.ca/gdwuts/094/094p/2024/dem/bc_094p058_4_4_2_xli1m_utm10_20240918_20240918.tif,200,True,,2026-08-29T19:29:56.926346+00:00
https://nrs.objectstore.gov.bc.ca/gdwuts/094/094p/2024/dem/bc_094p058_4_4_3_xli1m_utm10_20240918_20240919.tif,200,True,,2026-08-29T19:29:56.970914+00:00
https://nrs.objectstore.gov.bc.ca/gdwuts/094/094p/2024/dem/bc_094p058_4_4_4_xli1m_utm10_20240918_20240918.tif,200,True,,2026-08-29T19:29:56.997484+00:00
https://nrs.objectstore.gov.bc.ca/gdwuts/094/094p/2024/dem/bc_094p059_1_1_1_xli1m_utm10_20240914_20240918.tif,200,True,,2026-08-29T19:29:56.969241+00:00
https://nrs.objectstore.gov.bc.ca/gdwuts/094/094p/2024/dem/bc_094p059_1_1_2_xli1m_utm10_20240914_20240918.tif,200,True,,2026-08-29T19:29:56.991134+00:00
https://nrs.objectstore.gov.bc.ca/gdwuts/094/094p/2024/dem/bc_094p059_1_1_3_xli1m_utm10_20240914_20240918.tif,200,True,,2026-08-29T19:29:57.010170+00:00
https://nrs.objectstore.gov.bc.ca/gdwuts/094/094p/2024/dem/bc_094p059_1_1_4_xli1m_utm10_20240914_20240918.tif,200,True,,2026-08-29T19:29:57.005163+00:00
https://nrs.objectstore.gov.bc.ca/gdwuts/094/094p/2024/dem/bc_094p059_1_2_1_xli1m_utm10_20240914_20240914.tif,200,True,,2026-08-29T19:29:57.045081+00:00
https://nrs.objectstore.gov.bc.ca/gdwuts/094/094p/2024/dem/bc_094p059_1_2_2_xli1m_utm10_20240914_20240914.tif,200,True,,2026-08-29T19:29:57.040144+00:00
https://nrs.objectstore.gov.bc.ca/gdwuts/094/094p/2024/dem/bc_094p059_1_2_3_xli1m_utm10_20240914_20240914.tif,200,True,,2026-08-29T19:29:57.076136+00:00
https://nrs.objectstore.gov.bc.ca/gdwuts/094/094p/2024/dem/bc_094p059_1_2_4_xli1m_utm10_20240914_20240914.tif,200,True,,2026-08-29T19:29:57.123586+00:00
https://nrs.objectstore.gov.bc.ca/gdwuts/094/094p/2024/dem/bc_094p059_1_3_1_xli1m_utm10_20240914_20240918.tif,200,True,,2026-08-29T19:29:57.139506+00:00
https://nrs.objectstore.gov.bc.ca/gdwuts/094/094p/2024/dem/bc_094p059_1_3_2_xli1m_utm10_20240914_20240918.tif,200,True,,2026-08-29T19:29:57.071178+00:00
https://nrs.objectstore.gov.bc.ca/gdwuts/094/094p/2024/dem/bc_094p059_1_3_3_xli1m_utm10_20240914_20240918.tif,200,True,,2026-08-29T19:29:57.116189+00:00
https://nrs.objectstore.gov.bc.ca/gdwuts/094/094p/2024/dem/bc_094p059_1_3_4_xli1m_utm10_20240914_20240918.tif,200,True,,2026-08-29T19:29:57.108356+00:00
https://nrs.objectstore.gov.bc.ca/gdwuts/094/094p/2024/dem/bc_094p059_1_4_1_xli1m_utm10_20240914_20240914.tif,200,True,,2026-08-29T19:29:57.137273+00:00
https://nrs.objectstore.gov.bc.ca/gdwuts/094/094p/2024/dem/bc_094p059_1_4_2_xli1m_utm10_20240914_20240914.tif,200,True,,2026-08-29T19:29:57.129931+00:00
https://nrs.objectstore.gov.bc.ca/gdwuts/094/094p/2024/dem/bc_094p059_1_4_3_xli1m_utm10_20240914_20240914.tif,200,True,,2026-08-29T19:29:57.160177+00:00
https://nrs.objectstore.gov.bc.ca/gdwuts/094/094p/2024/dem/bc_094p059_1_4_4_xli1m_utm10_20240914_20240914.tif,200,True,,2026-08-29T19:29:57.183430+00:00
https://nrs.objectstore.gov.bc.ca/gdwuts/094/094p/2024/dem/bc_094p059_2_1_1_xli1m_utm10_20240914_20240914.tif,200,True,,2026-08-29T19:29:57.177304+00:00
https://nrs.objectstore.gov.bc.ca/gdwuts/094/094p/2024/dem/bc_094p059_2_1_2_xli1m_utm10_20240706_20240914.tif,200,True,,2026-08-29T19:29:57.230731+00:00
https://nrs.objectstore.gov.bc.ca/gdwuts/094/094p/2024/dem/bc_094p059_2_1_3_xli1m_utm10_20240914_20240914.tif,200,True,,2026-08-29T19:29:57.217717+00:00
https://nrs.objectstore.gov.bc.ca/gdwuts/094/094p/2024/dem/bc_094p059_2_1_4_xli1m_utm10_20240706_20240914.tif,200,True,,2026-08-29T19:29:57.229138+00:00
https://nrs.objectstore.gov.bc.ca/gdwuts/094/094p/2024/dem/bc_094p059_2_2_1_xli1m_utm10_20240706_20240706.tif,200,True,,2026-08-29T19:29:57.220235+00:00
https://nrs.objectstore.gov.bc.ca/gdwuts/094/094p/2024/dem/bc_094p059_2_2_2_xli1m_utm10_20240706_20240706.tif,200,True,,2026-08-29T19:29:57.249709+00:00
https://nrs.objectstore.gov.bc.ca/gdwuts/094/094p/2024/dem/bc_094p059_2_2_3_xli1m_utm10_20240706_20240914.tif,200,True,,2026-08-29T19:29:57.245180+00:00
https://nrs.objectstore.gov.bc.ca/gdwuts/094/094p/2024/dem/bc_094p059_2_2_4_xli1m_utm10_20240706_20240706.tif,200,True,,2026-08-29T19:29:57.255014+00:00
https://nrs.objectstore.gov.bc.ca/gdwuts/094/094p/2024/dem/bc_094p059_2_3_1_xli1m_utm10_20240914_20240914.tif,200,True,,2026-08-29T19:29:57.325167+00:00
https://nrs.objectstore.gov.bc.ca/gdwuts/094/094p/2024/dem/bc_094p059_2_3_2_xli1m_utm10_20240706_20240914.tif,200,True,,2026-08-29T19:29:57.283734+00:00
https://nrs.objectstore.gov.bc.ca/gdwuts/094/094p/2024/dem/bc_094p059_2_3_3_xli1m_utm10_20240914_20240914.tif,200,True,,2026-08-29T19:29:57.352438+00:00
https://nrs.objectstore.gov.bc.ca/gdwuts/094/094p/2024/dem/bc_094p059_2_3_4_xli1m_utm10_20240706_20240914.tif,200,True,,2026-08-29T19:29:57.345148+00:00
https://nrs.objectstore.gov.bc.ca/gdwuts/094/094p/2024/dem/bc_094p059_2_4_1_xli1m_utm10_20240706_20240914.tif,200,True,,2026-08-29T19:29:57.317185+00:00
https://nrs.objectstore.gov.bc.ca/gdwuts/094/094p/2024/dem/bc_094p059_2_4_2_xli1m_utm10_20240706_20240706.tif,200,True,,2026-08-29T19:29:57.355299+00:00
https://nrs.objectstore.gov.bc.ca/gdwuts/094/094p/2024/dem/bc_094p059_2_4_3_xli1m_utm10_20240706_20240914.tif,200,True,,2026-08-29T19:29:57.350112+00:00
https://nrs.objectstore.gov.bc.ca/gdwuts/094/094p/2024/dem/bc_094p059_2_4_4_xli1m_utm10_20240706_20240706.tif,200,True,,2026-08-29T19:29:57.390269+00:00
https://nrs.objectstore.gov.bc.ca/gdwuts/094/094p/2024/dem/bc_094p059_3_1_1_xli1m_utm10_20240914_20240918.tif,200,True,,2026-08-29T19:29:57.365220+00:00
https://nrs.objectstore.gov.bc.ca/gdwuts/094/094p/2024/dem/bc_094p059_3_1_2_xli1m_utm10_20240914_20240918.tif,200,True,,2026-08-29T19:29:57.414166+00:00
https://nrs.objectstore.gov.bc.ca/gdwuts/094/094p/2024/dem/bc_094p059_3_1_3_xli1m_utm10_20240914_20240918.tif,200,True,,2026-08-29T19:29:57.422586+00:00
https://nrs.objectstore.gov.bc.ca/gdwuts/094/094p/2024/dem/bc_094p059_3_1_4_xli1m_utm10_20240914_20240918.tif,200,True,,2026-08-29T19:29:57.420147+00:00
https://nrs.objectstore.gov.bc.ca/gdwuts/094/094p/2024/dem/bc_094p059_3_2_1_xli1m_utm10_20240914_20240914.tif,200,True,,2026-08-29T19:29:57.451726+00:00
https://nrs.objectstore.gov.bc.ca/gdwuts/094/094p/2024/dem/bc_094p061_2_1_1_xli1m_utm10_20240707_20251013.tif,200,True,,2026-08-29T19:29:57.451131+00:00
https://nrs.objectstore.gov.bc.ca/gdwuts/094/094p/2024/dem/bc_094p061_2_1_2_xli1m_utm10_20240707_20240707.tif,200,True,,2026-08-29T19:29:57.446139+00:00
https://nrs.objectstore.gov.bc.ca/gdwuts/094/094p/2024/dem/bc_094p061_2_1_3_xli1m_utm10_20240707_20251013.tif,200,True,,2026-08-29T19:29:57.463122+00:00
https://nrs.objectstore.gov.bc.ca/gdwuts/094/094p/2024/dem/bc_094p061_2_1_4_xli1m_utm10_20240707_20240707.tif,200,True,,2026-08-29T19:29:57.473428+00:00
https://nrs.objectstore.gov.bc.ca/gdwuts/094/094p/2024/dem/bc_094p061_2_2_1_xli1m_utm10_20240707_20240707.tif,200,True,,2026-08-29T19:29:57.493206+00:00
https://nrs.objectstore.gov.bc.ca/gdwuts/094/094p/2024/dem/bc_094p061_2_2_2_xli1m_utm10_20240707_20240707.tif,200,True,,2026-08-29T19:29:57.498933+00:00
https://nrs.objectstore.gov.bc.ca/gdwuts/094/094p/2024/dem/bc_094p061_2_2_3_xli1m_utm10_20240707_20240707.tif,200,True,,2026-08-29T19:29:57.531521+00:00
https://nrs.objectstore.gov.bc.ca/gdwuts/094/094p/2024/dem/bc_094p061_2_2_4_xli1m_utm10_20240707_20240707.tif,200,True,,2026-08-29T19:29:57.565292+00:00
https://nrs.objectstore.gov.bc.ca/gdwuts/094/094p/2024/dem/bc_094p061_2_3_1_xli1m_utm10_20240707_20250508.tif,200,True,,2026-08-29T19:29:57.545129+00:00
https://nrs.objectstore.gov.bc.ca/gdwuts/094/094p/2024/dem/bc_094p061_2_3_2_xli1m_utm10_20240707_20240707.tif,200,True,,2026-08-29T19:29:57.541139+00:00
https://nrs.objectstore.gov.bc.ca/gdwuts/094/094p/2024/dem/bc_094p061_2_3_3_xli1m_utm10_20240707_20250508.tif,200,True,,2026-08-29T19:29:57.595190+00:00
https://nrs.objectstore.gov.bc.ca/gdwuts/094/094p/2024/dem/bc_094p061_2_3_4_xli1m_utm10_20240707_20240707.tif,200,True,,2026-08-29T19:29:57.610448+00:00
https://nrs.objectstore.gov.bc.ca/gdwuts/094/094p/2024/dem/bc_094p061_2_4_1_xli1m_utm10_20240707_20240707.tif,200,True,,2026-08-29T19:29:57.603445+00:00
https://nrs.objectstore.gov.bc.ca/gdwuts/094/094p/2024/dem/bc_094p061_2_4_2_xli1m_utm10_20240707_20240707.tif,200,True,,2026-08-29T19:29:57.608136+00:00
https://nrs.objectstore.gov.bc.ca/gdwuts/094/094p/2024/dem/bc_094p061_2_4_3_xli1m_utm10_20240707_20240707.tif,200,True,,2026-08-29T19:29:57.641219+00:00
https://nrs.objectstore.gov.bc.ca/gdwuts/094/094p/2024/dem/bc_094p061_2_4_4_xli1m_utm10_20240707_20240707.tif,200,True,,2026-08-29T19:29:57.683666+00:00
https://nrs.objectstore.gov.bc.ca/gdwuts/094/094p/2024/dem/bc_094p061_4_1_1_xli1m_utm10_20240707_20250508.tif,200,True,,2026-08-29T19:29:57.691146+00:00
https://nrs.objectstore.gov.bc.ca/gdwuts/094/094p/2024/dem/bc_094p061_4_1_2_xli1m_utm10_20240707_20240707.tif,200,True,,2026-08-29T19:29:57.643931+00:00
https://nrs.objectstore.gov.bc.ca/gdwuts/094/094p/2024/dem/bc_094p061_4_1_3_xli1m_utm10_20240707_20250508.tif,200,True,,2026-08-29T19:29:57.705242+00:00
https://nrs.objectstore.gov.bc.ca/gdwuts/094/094p/2024/dem/bc_094p061_4_1_4_xli1m_utm10_20240707_20250508.tif,200,True,,2026-08-29T19:29:57.678339+00:00
https://nrs.objectstore.gov.bc.ca/gdwuts/094/094p/2024/dem/bc_094p061_4_2_1_xli1m_utm10_20240707_20240707.tif,200,True,,2026-08-29T19:29:57.675952+00:00
https://nrs.objectstore.gov.bc.ca/gdwuts/094/094p/2024/dem/bc_094p061_4_2_2_xli1m_utm10_20240707_20240707.tif,200,True,,2026-08-29T19:29:57.702453+00:00
https://nrs.objectstore.gov.bc.ca/gdwuts/094/094p/2024/dem/bc_094p061_4_2_3_xli1m_utm10_20240707_20240707.tif,200,True,,2026-08-29T19:29:57.716052+00:00
https://nrs.objectstore.gov.bc.ca/gdwuts/094/094p/2024/dem/bc_094p061_4_2_4_xli1m_utm10_20240707_20240707.tif,200,True,,2026-08-29T19:29:57.721360+00:00
https://nrs.objectstore.gov.bc.ca/gdwuts/094/094p/2024/dem/bc_094p061_4_3_1_xli1m_utm10_20240707_20250508.tif,200,True,,2026-08-29T19:29:57.776192+00:00
https://nrs.objectstore.gov.bc.ca/gdwuts/094/094p/2024/dem/bc_094p061_4_3_2_xli1m_utm10_20240707_20250508.tif,200,True,,2026-08-29T19:29:57.744200+00:00
https://nrs.objectstore.gov.bc.ca/gdwuts/094/094p/2024/dem/bc_094p061_4_3_3_xli1m_utm10_20240707_20250508.tif,200,True,,2026-08-29T19:29:57.772247+00:00
https://nrs.objectstore.gov.bc.ca/gdwuts/094/094p/2024/dem/bc_094p061_4_3_4_xli1m_utm10_20240707_20250508.tif,200,True,,2026-08-29T19:29:57.789630+00:00
https://nrs.objectstore.gov.bc.ca/gdwuts/094/094p/2024/dem/bc_094p061_4_4_1_xli1m_utm10_20240707_20240707.tif,200,True,,2026-08-29T19:29:57.799316+00:00
https://nrs.objectstore.gov.bc.ca/gdwuts/094/094p/2024/dem/bc_094p061_4_4_2_xli1m_utm10_20240707_20240707.tif,200,True,,2026-08-29T19:29:57.788230+00:00
https://nrs.objectstore.gov.bc.ca/gdwuts/094/094p/2024/dem/bc_094p061_4_4_3_xli1m_utm10_20240707_20240707.tif,200,True,,2026-08-29T19:29:57.810384+00:00
https://nrs.objectstore.gov.bc.ca/gdwuts/094/094p/2024/dem/bc_094p061_4_4_4_xli1m_utm10_20240707_20240707.tif,200,True,,2026-08-29T19:29:57.821629+00:00
https://nrs.objectstore.gov.bc.ca/gdwuts/094/094p/2024/dem/bc_094p062_1_1_1_xli1m_utm10_20240707_20240707.tif,200,True,,2026-08-29T19:29:57.900183+00:00
https://nrs.objectstore.gov.bc.ca/gdwuts/094/094p/2024/dem/bc_094p062_1_1_2_xli1m_utm10_20240707_20240707.tif,200,True,,2026-08-29T19:29:57.871161+00:00
https://nrs.objectstore.gov.bc.ca/gdwuts/094/094p/2024/dem/bc_094p062_1_1_3_xli1m_utm10_20240707_20240707.tif,200,True,,2026-08-29T19:29:57.860241+00:00
https://nrs.objectstore.gov.bc.ca/gdwuts/094/094p/2024/dem/bc_094p062_1_1_4_xli1m_utm10_20240707_20240707.tif,200,True,,2026-08-29T19:29:57.894359+00:00
https://nrs.objectstore.gov.bc.ca/gdwuts/094/094p/2024/dem/bc_094p062_1_2_1_xli1m_utm10_20240707_20240707.tif,200,True,,2026-08-29T19:29:57.926398+00:00
https://nrs.objectstore.gov.bc.ca/gdwuts/094/094p/2024/dem/bc_094p062_1_2_2_xli1m_utm10_20240707_20240913.tif,200,True,,2026-08-29T19:29:57.910155+00:00
https://nrs.objectstore.gov.bc.ca/gdwuts/094/094p/2024/dem/bc_094p062_1_2_3_xli1m_utm10_20240707_20240707.tif,200,True,,2026-08-29T19:29:57.916528+00:00
https://nrs.objectstore.gov.bc.ca/gdwuts/094/094p/2024/dem/bc_094p062_1_2_4_xli1m_utm10_20240707_20240913.tif,200,True,,2026-08-29T19:29:57.933145+00:00
https://nrs.objectstore.gov.bc.ca/gdwuts/094/094p/2024/dem/bc_094p062_1_3_1_xli1m_utm10_20240707_20240707.tif,200,True,,2026-08-29T19:29:58.022050+00:00
https://nrs.objectstore.gov.bc.ca/gdwuts/094/094p/2024/dem/bc_094p062_1_3_2_xli1m_utm10_20240707_20240707.tif,200,True,,2026-08-29T19:29:58.019160+00:00
https://nrs.objectstore.gov.bc.ca/gdwuts/094/094p/2024/dem/bc_094p062_1_3_3_xli1m_utm10_20240707_20240707.tif,200,True,,2026-08-29T19:29:57.977294+00:00
https://nrs.objectstore.gov.bc.ca/gdwuts/094/094p/2024/dem/bc_094p062_1_3_4_xli1m_utm10_20240707_20240707.tif,200,True,,2026-08-29T19:29:57.980039+00:00
https://nrs.objectstore.gov.bc.ca/gdwuts/094/094p/2024/dem/bc_094p062_1_4_1_xli1m_utm10_20240707_20240707.tif,200,True,,2026-08-29T19:29:58.002938+00:00
https://nrs.objectstore.gov.bc.ca/gdwuts/094/094p/2024/dem/bc_094p062_1_4_2_xli1m_utm10_20240707_20240913.tif,200,True,,2026-08-29T19:29:58.027356+00:00
https://nrs.objectstore.gov.bc.ca/gdwuts/094/094p/2024/dem/bc_094p062_1_4_3_xli1m_utm10_20240707_20240707.tif,200,True,,2026-08-29T19:29:58.024938+00:00
https://nrs.objectstore.gov.bc.ca/gdwuts/094/094p/2024/dem/bc_094p062_1_4_4_xli1m_utm10_20240707_20240913.tif,200,True,,2026-08-29T19:29:58.030761+00:00
https://nrs.objectstore.gov.bc.ca/gdwuts/094/094p/2024/dem/bc_094p062_2_1_1_xli1m_utm10_20240707_20240913.tif,200,True,,2026-08-29T19:29:58.048027+00:00
https://nrs.objectstore.gov.bc.ca/gdwuts/094/094p/2024/dem/bc_094p062_2_1_2_xli1m_utm10_20240913_20240913.tif,200,True,,2026-08-29T19:29:58.041080+00:00
https://nrs.objectstore.gov.bc.ca/gdwuts/094/094p/2024/dem/bc_094p062_2_1_3_xli1m_utm10_20240707_20240913.tif,200,True,,2026-08-29T19:29:58.164415+00:00
https://nrs.objectstore.gov.bc.ca/gdwuts/094/094p/2024/dem/bc_094p062_2_1_4_xli1m_utm10_20240913_20240913.tif,200,True,,2026-08-29T19:29:58.093232+00:00
https://nrs.objectstore.gov.bc.ca/gdwuts/094/094p/2024/dem/bc_094p062_2_2_1_xli1m_utm10_20240913_20240913.tif,200,True,,2026-08-29T19:29:58.099966+00:00
https://nrs.objectstore.gov.bc.ca/gdwuts/094/094p/2024/dem/bc_094p062_2_2_2_xli1m_utm10_20240913_20240913.tif,200,True,,2026-08-29T19:29:58.166129+00:00
https://nrs.objectstore.gov.bc.ca/gdwuts/094/094p/2024/dem/bc_094p062_2_2_3_xli1m_utm10_20240913_20240913.tif,200,True,,2026-08-29T19:29:58.116138+00:00
https://nrs.objectstore.gov.bc.ca/gdwuts/094/094p/2024/dem/bc_094p062_2_2_4_xli1m_utm10_20240913_20240913.tif,200,True,,2026-08-29T19:29:58.121646+00:00
https://nrs.objectstore.gov.bc.ca/gdwuts/094/094p/2024/dem/bc_094p062_2_3_1_xli1m_utm10_20240707_20240913.tif,200,True,,2026-08-29T19:29:58.148259+00:00
https://nrs.objectstore.gov.bc.ca/gdwuts/094/094p/2024/dem/bc_094p062_2_3_2_xli1m_utm10_20240913_20240913.tif,200,True,,2026-08-29T19:29:58.157109+00:00
https://nrs.objectstore.gov.bc.ca/gdwuts/094/094p/2024/dem/bc_094p062_2_3_3_xli1m_utm10_20240707_20240913.tif,200,True,,2026-08-29T19:29:58.175278+00:00
https://nrs.objectstore.gov.bc.ca/gdwuts/094/094p/2024/dem/bc_094p062_2_3_4_xli1m_utm10_20240913_20240913.tif,200,True,,2026-08-29T19:29:58.246224+00:00
https://nrs.objectstore.gov.bc.ca/gdwuts/094/094p/2024/dem/bc_094p062_2_4_1_xli1m_utm10_20240913_20240913.tif,200,True,,2026-08-29T19:29:58.241159+00:00
https://nrs.objectstore.gov.bc.ca/gdwuts/094/094p/2024/dem/bc_094p062_2_4_2_xli1m_utm10_20240913_20240913.tif,200,True,,2026-08-29T19:29:58.234097+00:00
https://nrs.objectstore.gov.bc.ca/gdwuts/094/094p/2024/dem/bc_094p062_2_4_3_xli1m_utm10_20240913_20240913.tif,200,True,,2026-08-29T19:29:58.232045+00:00
https://nrs.objectstore.gov.bc.ca/gdwuts/094/094p/2024/dem/bc_094p062_2_4_4_xli1m_utm10_20240913_20240913.tif,200,True,,2026-08-29T19:29:58.209183+00:00
https://nrs.objectstore.gov.bc.ca/gdwuts/094/094p/2024/dem/bc_094p062_3_1_1_xli1m_utm10_20240707_20240707.tif,200,True,,2026-08-29T19:29:58.226047+00:00
https://nrs.objectstore.gov.bc.ca/gdwuts/094/094p/2024/dem/bc_094p062_3_1_2_xli1m_utm10_20240707_20240707.tif,200,True,,2026-08-29T19:29:58.268266+00:00
https://nrs.objectstore.gov.bc.ca/gdwuts/094/094p/2024/dem/bc_094p062_3_1_3_xli1m_utm10_20240707_20240707.tif,200,True,,2026-08-29T19:29:58.274523+00:00
https://nrs.objectstore.gov.bc.ca/gdwuts/094/094p/2024/dem/bc_094p062_3_1_4_xli1m_utm10_20240707_20240707.tif,200,True,,2026-08-29T19:29:58.272177+00:00
https://nrs.objectstore.gov.bc.ca/gdwuts/094/094p/2024/dem/bc_094p062_3_2_1_xli1m_utm10_20240707_20240707.tif,200,True,,2026-08-29T19:29:58.288511+00:00
https://nrs.objectstore.gov.bc.ca/gdwuts/094/094p/2024/dem/bc_094p062_3_2_2_xli1m_utm10_20240707_20240707.tif,200,True,,2026-08-29T19:29:58.301112+00:00
https://nrs.objectstore.gov.bc.ca/gdwuts/094/094p/2024/dem/bc_094p062_3_2_3_xli1m_utm10_20240707_20240707.tif,200,True,,2026-08-29T19:29:58.321164+00:00
https://nrs.objectstore.gov.bc.ca/gdwuts/094/094p/2024/dem/bc_094p062_3_2_4_xli1m_utm10_20240707_20240707.tif,200,True,,2026-08-29T19:29:58.366167+00:00
https://nrs.objectstore.gov.bc.ca/gdwuts/094/094p/2024/dem/bc_094p062_3_3_1_xli1m_utm10_20240707_20240707.tif,200,True,,2026-08-29T19:29:58.355588+00:00
https://nrs.objectstore.gov.bc.ca/gdwuts/094/094p/2024/dem/bc_094p062_3_3_2_xli1m_utm10_20240707_20240707.tif,200,True,,2026-08-29T19:29:58.361485+00:00
https://nrs.objectstore.gov.bc.ca/gdwuts/094/094p/2024/dem/bc_094p062_3_3_3_xli1m_utm10_20240707_20240707.tif,200,True,,2026-08-29T19:29:58.357326+00:00
https://nrs.objectstore.gov.bc.ca/gdwuts/094/094p/2024/dem/bc_094p062_3_3_4_xli1m_utm10_20240707_20240707.tif,200,True,,2026-08-29T19:29:58.387242+00:00
https://nrs.objectstore.gov.bc.ca/gdwuts/094/094p/2024/dem/bc_094p062_3_4_1_xli1m_utm10_20240707_20240707.tif,200,True,,2026-08-29T19:29:58.431011+00:00
https://nrs.objectstore.gov.bc.ca/gdwuts/094/094p/2024/dem/bc_094p062_3_4_2_xli1m_utm10_20240707_20240707.tif,200,True,,2026-08-29T19:29:58.429304+00:00
https://nrs.objectstore.gov.bc.ca/gdwuts/094/094p/2024/dem/bc_094p062_3_4_3_xli1m_utm10_20240707_20240707.tif,200,True,,2026-08-29T19:29:58.461202+00:00
https://nrs.objectstore.gov.bc.ca/gdwuts/094/094p/2024/dem/bc_094p062_3_4_4_xli1m_utm10_20240707_20240707.tif,200,True,,2026-08-29T19:29:58.514156+00:00
https://nrs.objectstore.gov.bc.ca/gdwuts/094/094p/2024/dem/bc_094p062_4_1_1_xli1m_utm10_20240707_20240913.tif,200,True,,2026-08-29T19:29:58.465187+00:00
https://nrs.objectstore.gov.bc.ca/gdwuts/094/094p/2024/dem/bc_094p062_4_1_2_xli1m_utm10_20240913_20240913.tif,200,True,,2026-08-29T19:29:58.478127+00:00
https://nrs.objectstore.gov.bc.ca/gdwuts/094/094p/2024/dem/bc_094p062_4_1_3_xli1m_utm10_20240707_20240913.tif,200,True,,2026-08-29T19:29:58.475883+00:00
https://nrs.objectstore.gov.bc.ca/gdwuts/094/094p/2024/dem/bc_094p062_4_1_4_xli1m_utm10_20240913_20240913.tif,200,True,,2026-08-29T19:29:58.487402+00:00
https://nrs.objectstore.gov.bc.ca/gdwuts/094/094p/2024/dem/bc_094p062_4_2_1_xli1m_utm10_20240913_20240913.tif,200,True,,2026-08-29T19:29:58.496135+00:00
https://nrs.objectstore.gov.bc.ca/gdwuts/094/094p/2024/dem/bc_094p062_4_2_2_xli1m_utm10_20240913_20240913.tif,200,True,,2026-08-29T19:29:58.534188+00:00
https://nrs.objectstore.gov.bc.ca/gdwuts/094/094p/2024/dem/bc_094p062_4_2_3_xli1m_utm10_20240913_20240913.tif,200,True,,2026-08-29T19:29:58.518828+00:00
https://nrs.objectstore.gov.bc.ca/gdwuts/094/094p/2024/dem/bc_094p062_4_2_4_xli1m_utm10_20240913_20240913.tif,200,True,,2026-08-29T19:29:58.575199+00:00
https://nrs.objectstore.gov.bc.ca/gdwuts/094/094p/2024/dem/bc_094p062_4_3_1_xli1m_utm10_20240707_20240913.tif,200,True,,2026-08-29T19:29:58.558143+00:00
https://nrs.objectstore.gov.bc.ca/gdwuts/094/094p/2024/dem/bc_094p062_4_3_2_xli1m_utm10_20240913_20240913.tif,200,True,,2026-08-29T19:29:58.547956+00:00
https://nrs.objectstore.gov.bc.ca/gdwuts/094/094p/2024/dem/bc_094p062_4_3_3_xli1m_utm10_20240707_20240913.tif,200,True,,2026-08-29T19:29:58.543929+00:00
https://nrs.objectstore.gov.bc.ca/gdwuts/094/094p/2024/dem/bc_094p062_4_3_4_xli1m_utm10_20240913_20240913.tif,200,True,,2026-08-29T19:29:58.554961+00:00
https://nrs.objectstore.gov.bc.ca/gdwuts/094/094p/2024/dem/bc_094p062_4_4_1_xli1m_utm10_20240913_20240913.tif,200,True,,2026-08-29T19:29:58.585152+00:00
https://nrs.objectstore.gov.bc.ca/gdwuts/094/094p/2024/dem/bc_094p062_4_4_2_xli1m_utm10_20240913_20240913.tif,200,True,,2026-08-29T19:29:58.587886+00:00
https://nrs.objectstore.gov.bc.ca/gdwuts/094/094p/2024/dem/bc_094p062_4_4_3_xli1m_utm10_20240913_20240913.tif,200,True,,2026-08-29T19:29:58.631216+00:00
https://nrs.objectstore.gov.bc.ca/gdwuts/094/094p/2024/dem/bc_094p062_4_4_4_xli1m_utm10_20240913_20240913.tif,200,True,,2026-08-29T19:29:58.710655+00:00
https://nrs.objectstore.gov.bc.ca/gdwuts/094/094p/2024/dem/bc_094p068_1_1_2_xli1m_utm10_20240919_20250506.tif,200,True,,2026-08-29T19:29:58.642150+00:00
https://nrs.objectstore.gov.bc.ca/gdwuts/094/094p/2024/dem/bc_094p068_1_1_4_xli1m_utm10_20240919_20250506.tif,200,True,,2026-08-29T19:29:58.713450+00:00
https://nrs.objectstore.gov.bc.ca/gdwuts/094/094p/2024/dem/bc_094p068_1_2_1_xli1m_utm10_20240919_20240919.tif,200,True,,2026-08-29T19:29:58.688677+00:00
https://nrs.objectstore.gov.bc.ca/gdwuts/094/094p/2024/dem/bc_094p068_1_2_2_xli1m_utm10_20240919_20240919.tif,200,True,,2026-08-29T19:29:58.682433+00:00
https://nrs.objectstore.gov.bc.ca/gdwuts/094/094p/2024/dem/bc_094p068_1_2_3_xli1m_utm10_20240919_20240919.tif,200,True,,2026-08-29T19:29:58.779198+00:00
https://nrs.objectstore.gov.bc.ca/gdwuts/094/094p/2024/dem/bc_094p068_1_2_4_xli1m_utm10_20240919_20240919.tif,200,True,,2026-08-29T19:29:58.710196+00:00
https://nrs.objectstore.gov.bc.ca/gdwuts/094/094p/2024/dem/bc_094p068_1_3_2_xli1m_utm10_20240919_20250506.tif,200,True,,2026-08-29T19:29:58.713914+00:00
https://nrs.objectstore.gov.bc.ca/gdwuts/094/094p/2024/dem/bc_094p068_1_3_4_xli1m_utm10_20240919_20250506.tif,200,True,,2026-08-29T19:29:58.802383+00:00
https://nrs.objectstore.gov.bc.ca/gdwuts/094/094p/2024/dem/bc_094p068_1_4_1_xli1m_utm10_20240919_20240919.tif,200,True,,2026-08-29T19:29:58.796407+00:00
https://nrs.objectstore.gov.bc.ca/gdwuts/094/094p/2024/dem/bc_094p068_1_4_2_xli1m_utm10_20240919_20240919.tif,200,True,,2026-08-29T19:29:58.794153+00:00
https://nrs.objectstore.gov.bc.ca/gdwuts/094/094p/2024/dem/bc_094p068_1_4_3_xli1m_utm10_20240919_20240919.tif,200,True,,2026-08-29T19:29:58.760209+00:00
https://nrs.objectstore.gov.bc.ca/gdwuts/094/094p/2024/dem/bc_094p068_1_4_4_xli1m_utm10_20240919_20240919.tif,200,True,,2026-08-29T19:29:58.748230+00:00
https://nrs.objectstore.gov.bc.ca/gdwuts/094/094p/2024/dem/bc_094p068_2_1_1_xli1m_utm10_20240919_20240919.tif,200,True,,2026-08-29T19:29:58.783547+00:00
https://nrs.objectstore.gov.bc.ca/gdwuts/094/094p/2024/dem/bc_094p068_2_1_2_xli1m_utm10_20240918_20240919.tif,200,True,,2026-08-29T19:29:58.810727+00:00
https://nrs.objectstore.gov.bc.ca/gdwuts/094/094p/2024/dem/bc_094p068_2_1_3_xli1m_utm10_20240919_20240919.tif,200,True,,2026-08-29T19:29:58.813250+00:00
https://nrs.objectstore.gov.bc.ca/gdwuts/094/094p/2024/dem/bc_094p068_2_1_4_xli1m_utm10_20240918_20240919.tif,200,True,,2026-08-29T19:29:58.823138+00:00
https://nrs.objectstore.gov.bc.ca/gdwuts/094/094p/2024/dem/bc_094p068_2_2_1_xli1m_utm10_20240918_20240919.tif,200,True,,2026-08-29T19:29:58.845210+00:00
https://nrs.objectstore.gov.bc.ca/gdwuts/094/094p/2024/dem/bc_094p068_2_2_2_xli1m_utm10_20240918_20240918.tif,200,True,,2026-08-29T19:29:58.867201+00:00
https://nrs.objectstore.gov.bc.ca/gdwuts/094/094p/2024/dem/bc_094p068_2_2_3_xli1m_utm10_20240918_20240919.tif,200,True,,2026-08-29T19:29:58.888186+00:00
https://nrs.objectstore.gov.bc.ca/gdwuts/094/094p/2024/dem/bc_094p068_2_2_4_xli1m_utm10_20240918_20240918.tif,200,True,,2026-08-29T19:29:58.894363+00:00
https://nrs.objectstore.gov.bc.ca/gdwuts/094/094p/2024/dem/bc_094p068_2_3_1_xli1m_utm10_20240919_20240919.tif,200,True,,2026-08-29T19:29:58.899344+00:00
https://nrs.objectstore.gov.bc.ca/gdwuts/094/094p/2024/dem/bc_094p068_2_3_2_xli1m_utm10_20240918_20240919.tif,200,True,,2026-08-29T19:29:58.910150+00:00
https://nrs.objectstore.gov.bc.ca/gdwuts/094/094p/2024/dem/bc_094p068_2_3_3_xli1m_utm10_20240919_20240919.tif,200,True,,2026-08-29T19:29:58.917976+00:00
https://nrs.objectstore.gov.bc.ca/gdwuts/094/094p/2024/dem/bc_094p068_2_3_4_xli1m_utm10_20240919_20240919.tif,200,True,,2026-08-29T19:29:58.963353+00:00
https://nrs.objectstore.gov.bc.ca/gdwuts/094/094p/2024/dem/bc_094p068_2_4_1_xli1m_utm10_20240918_20240919.tif,200,True,,2026-08-29T19:29:59.019362+00:00
https://nrs.objectstore.gov.bc.ca/gdwuts/094/094p/2024/dem/bc_094p068_2_4_2_xli1m_utm10_20240918_20240918.tif,200,True,,2026-08-29T19:29:58.986963+00:00
https://nrs.objectstore.gov.bc.ca/gdwuts/094/094p/2024/dem/bc_094p068_2_4_3_xli1m_utm10_20240918_20240919.tif,200,True,,2026-08-29T19:29:58.966825+00:00
https://nrs.objectstore.gov.bc.ca/gdwuts/094/094p/2024/dem/bc_094p068_2_4_4_xli1m_utm10_20240918_20240918.tif,200,True,,2026-08-29T19:29:59.035035+00:00
https://nrs.objectstore.gov.bc.ca/gdwuts/094/094p/2024/dem/bc_094p068_3_1_2_xli1m_utm10_20240919_20250506.tif,200,True,,2026-08-29T19:29:59.035473+00:00
https://nrs.objectstore.gov.bc.ca/gdwuts/094/094p/2024/dem/bc_094p068_3_1_4_xli1m_utm10_20240919_20250506.tif,200,True,,2026-08-29T19:29:59.043261+00:00
https://nrs.objectstore.gov.bc.ca/gdwuts/094/094p/2024/dem/bc_094p068_3_2_1_xli1m_utm10_20240919_20240919.tif,200,True,,2026-08-29T19:29:59.053433+00:00
https://nrs.objectstore.gov.bc.ca/gdwuts/094/094p/2024/dem/bc_094p068_3_2_2_xli1m_utm10_20240919_20240919.tif,200,True,,2026-08-29T19:29:59.013362+00:00
https://nrs.objectstore.gov.bc.ca/gdwuts/094/094p/2024/dem/bc_094p068_3_2_3_xli1m_utm10_20240919_20250506.tif,200,True,,2026-08-29T19:29:59.028722+00:00
https://nrs.objectstore.gov.bc.ca/gdwuts/094/094p/2024/dem/bc_094p068_3_2_4_xli1m_utm10_20240919_20240919.tif,200,True,,2026-08-29T19:29:59.120972+00:00
https://nrs.objectstore.gov.bc.ca/gdwuts/094/094p/2024/dem/bc_094p068_3_3_2_xli1m_utm10_20240919_20250506.tif,200,True,,2026-08-29T19:29:59.069699+00:00
https://nrs.objectstore.gov.bc.ca/gdwuts/094/094p/2024/dem/bc_094p068_3_3_4_xli1m_utm10_20240919_20250506.tif,200,True,,2026-08-29T19:29:59.118675+00:00
https://nrs.objectstore.gov.bc.ca/gdwuts/094/094p/2024/dem/bc_094p068_3_4_1_xli1m_utm10_20240919_20250506.tif,200,True,,2026-08-29T19:29:59.113132+00:00
https://nrs.objectstore.gov.bc.ca/gdwuts/094/094p/2024/dem/bc_094p068_3_4_2_xli1m_utm10_20240919_20240919.tif,200,True,,2026-08-29T19:29:59.103300+00:00
https://nrs.objectstore.gov.bc.ca/gdwuts/094/094p/2024/dem/bc_094p068_3_4_3_xli1m_utm10_20240919_20250506.tif,200,True,,2026-08-29T19:29:59.132665+00:00
https://nrs.objectstore.gov.bc.ca/gdwuts/094/094p/2024/dem/bc_094p068_3_4_4_xli1m_utm10_20240919_20240919.tif,200,True,,2026-08-29T19:29:59.155308+00:00
https://nrs.objectstore.gov.bc.ca/gdwuts/094/094p/2024/dem/bc_094p068_4_1_1_xli1m_utm10_20240919_20240919.tif,200,True,,2026-08-29T19:29:59.141372+00:00
https://nrs.objectstore.gov.bc.ca/gdwuts/094/094p/2024/dem/bc_094p068_4_1_2_xli1m_utm10_20240919_20240919.tif,200,True,,2026-08-29T19:29:59.162140+00:00
https://nrs.objectstore.gov.bc.ca/gdwuts/094/094p/2024/dem/bc_094p068_4_1_3_xli1m_utm10_20240919_20240919.tif,200,True,,2026-08-29T19:29:59.197373+00:00
https://nrs.objectstore.gov.bc.ca/gdwuts/094/094p/2024/dem/bc_094p068_4_1_4_xli1m_utm10_20240919_20240919.tif,200,True,,2026-08-29T19:29:59.214273+00:00
https://nrs.objectstore.gov.bc.ca/gdwuts/094/094p/2024/dem/bc_094p068_4_2_1_xli1m_utm10_20240918_20240919.tif,200,True,,2026-08-29T19:29:59.246306+00:00
https://nrs.objectstore.gov.bc.ca/gdwuts/094/094p/2024/dem/bc_094p068_4_2_2_xli1m_utm10_20240918_20240918.tif,200,True,,2026-08-29T19:29:59.229330+00:00
https://nrs.objectstore.gov.bc.ca/gdwuts/094/094p/2024/dem/bc_094p068_4_2_3_xli1m_utm10_20240918_20240919.tif,200,True,,2026-08-29T19:29:59.250418+00:00
https://nrs.objectstore.gov.bc.ca/gdwuts/094/094p/2024/dem/bc_094p068_4_2_4_xli1m_utm10_20240918_20240918.tif,200,True,,2026-08-29T19:29:59.265822+00:00
https://nrs.objectstore.gov.bc.ca/gdwuts/094/094p/2024/dem/bc_094p068_4_3_1_xli1m_utm10_20240919_20240919.tif,200,True,,2026-08-29T19:29:59.262290+00:00
https://nrs.objectstore.gov.bc.ca/gdwuts/094/094p/2024/dem/bc_094p068_4_3_2_xli1m_utm10_20240919_20240919.tif,200,True,,2026-08-29T19:29:59.259556+00:00
https://nrs.objectstore.gov.bc.ca/gdwuts/094/094p/2024/dem/bc_094p068_4_3_3_xli1m_utm10_20240919_20240919.tif,200,True,,2026-08-29T19:29:59.325198+00:00
https://nrs.objectstore.gov.bc.ca/gdwuts/094/094p/2024/dem/bc_094p068_4_3_4_xli1m_utm10_20240919_20240919.tif,200,True,,2026-08-29T19:29:59.336849+00:00
https://nrs.objectstore.gov.bc.ca/gdwuts/094/094p/2024/dem/bc_094p068_4_4_1_xli1m_utm10_20240918_20240919.tif,200,True,,2026-08-29T19:29:59.347831+00:00
https://nrs.objectstore.gov.bc.ca/gdwuts/094/094p/2024/dem/bc_094p068_4_4_2_xli1m_utm10_20240918_20240918.tif,200,True,,2026-08-29T19:29:59.320240+00:00
https://nrs.objectstore.gov.bc.ca/gdwuts/094/094p/2024/dem/bc_094p068_4_4_3_xli1m_utm10_20240918_20240919.tif,200,True,,2026-08-29T19:29:59.315886+00:00
https://nrs.objectstore.gov.bc.ca/gdwuts/094/094p/2024/dem/bc_094p068_4_4_4_xli1m_utm10_20240918_20240918.tif,200,True,,2026-08-29T19:29:59.330997+00:00
https://nrs.objectstore.gov.bc.ca/gdwuts/094/094p/2024/dem/bc_094p069_1_1_1_xli1m_utm10_20240917_20240918.tif,200,True,,2026-08-29T19:29:59.353578+00:00
https://nrs.objectstore.gov.bc.ca/gdwuts/094/094p/2024/dem/bc_094p069_1_1_2_xli1m_utm10_20240914_20240918.tif,200,True,,2026-08-29T19:29:59.374322+00:00
https://nrs.objectstore.gov.bc.ca/gdwuts/094/094p/2024/dem/bc_094p069_1_1_3_xli1m_utm10_20240917_20240918.tif,200,True,,2026-08-29T19:29:59.379959+00:00
https://nrs.objectstore.gov.bc.ca/gdwuts/094/094p/2024/dem/bc_094p069_1_1_4_xli1m_utm10_20240914_20240918.tif,200,True,,2026-08-29T19:29:59.395536+00:00
https://nrs.objectstore.gov.bc.ca/gdwuts/094/094p/2024/dem/bc_094p069_1_2_1_xli1m_utm10_20240914_20240914.tif,200,True,,2026-08-29T19:29:59.408415+00:00
https://nrs.objectstore.gov.bc.ca/gdwuts/094/094p/2024/dem/bc_094p069_1_2_2_xli1m_utm10_20240914_20240914.tif,200,True,,2026-08-29T19:29:59.422322+00:00
https://nrs.objectstore.gov.bc.ca/gdwuts/094/094p/2024/dem/bc_094p069_1_2_3_xli1m_utm10_20240914_20240914.tif,200,True,,2026-08-29T19:29:59.462957+00:00
https://nrs.objectstore.gov.bc.ca/gdwuts/094/094p/2024/dem/bc_094p069_1_2_4_xli1m_utm10_20240914_20240914.tif,200,True,,2026-08-29T19:29:59.466657+00:00
https://nrs.objectstore.gov.bc.ca/gdwuts/094/094p/2024/dem/bc_094p069_1_3_1_xli1m_utm10_20240917_20240918.tif,200,True,,2026-08-29T19:29:59.458960+00:00
https://nrs.objectstore.gov.bc.ca/gdwuts/094/094p/2024/dem/bc_094p069_1_3_2_xli1m_utm10_20240914_20240918.tif,200,True,,2026-08-29T19:29:59.456318+00:00
https://nrs.objectstore.gov.bc.ca/gdwuts/094/094p/2024/dem/bc_094p069_1_3_3_xli1m_utm10_20240917_20240918.tif,200,True,,2026-08-29T19:29:59.522288+00:00
https://nrs.objectstore.gov.bc.ca/gdwuts/094/094p/2024/dem/bc_094p069_1_3_4_xli1m_utm10_20240914_20240918.tif,200,True,,2026-08-29T19:29:59.501688+00:00
https://nrs.objectstore.gov.bc.ca/gdwuts/094/094p/2024/dem/bc_094p069_1_4_1_xli1m_utm10_20240914_20240914.tif,200,True,,2026-08-29T19:29:59.533307+00:00
https://nrs.objectstore.gov.bc.ca/gdwuts/094/094p/2024/dem/bc_094p069_1_4_2_xli1m_utm10_20240914_20240914.tif,200,True,,2026-08-29T19:29:59.559414+00:00
https://nrs.objectstore.gov.bc.ca/gdwuts/094/094p/2024/dem/bc_094p069_1_4_3_xli1m_utm10_20240914_20240914.tif,200,True,,2026-08-29T19:29:59.502255+00:00
https://nrs.objectstore.gov.bc.ca/gdwuts/094/094p/2024/dem/bc_094p069_1_4_4_xli1m_utm10_20240914_20240914.tif,200,True,,2026-08-29T19:29:59.593222+00:00
https://nrs.objectstore.gov.bc.ca/gdwuts/094/094p/2024/dem/bc_094p069_2_1_1_xli1m_utm10_20240914_20240914.tif,200,True,,2026-08-29T19:29:59.601313+00:00
https://nrs.objectstore.gov.bc.ca/gdwuts/094/094p/2024/dem/bc_094p069_2_1_2_xli1m_utm10_20240914_20240914.tif,200,True,,2026-08-29T19:29:59.590689+00:00
https://nrs.objectstore.gov.bc.ca/gdwuts/094/094p/2024/dem/bc_094p069_2_1_3_xli1m_utm10_20240914_20240914.tif,200,True,,2026-08-29T19:29:59.585439+00:00
https://nrs.objectstore.gov.bc.ca/gdwuts/094/094p/2024/dem/bc_094p069_2_1_4_xli1m_utm10_20240914_20240914.tif,200,True,,2026-08-29T19:29:59.613417+00:00
https://nrs.objectstore.gov.bc.ca/gdwuts/094/094p/2024/dem/bc_094p069_2_2_1_xli1m_utm10_20240706_20240914.tif,200,True,,2026-08-29T19:29:59.607236+00:00
https://nrs.objectstore.gov.bc.ca/gdwuts/094/094p/2024/dem/bc_094p069_2_2_2_xli1m_utm10_20240706_20240706.tif,200,True,,2026-08-29T19:29:59.663268+00:00
https://nrs.objectstore.gov.bc.ca/gdwuts/094/094p/2024/dem/bc_094p069_2_2_3_xli1m_utm10_20240706_20240914.tif,200,True,,2026-08-29T19:29:59.674374+00:00
https://nrs.objectstore.gov.bc.ca/gdwuts/094/094p/2024/dem/bc_094p069_2_2_4_xli1m_utm10_20240706_20240706.tif,200,True,,2026-08-29T19:29:59.671150+00:00
https://nrs.objectstore.gov.bc.ca/gdwuts/094/094p/2024/dem/bc_094p069_2_3_1_xli1m_utm10_20240914_20240914.tif,200,True,,2026-08-29T19:29:59.690504+00:00
https://nrs.objectstore.gov.bc.ca/gdwuts/094/094p/2024/dem/bc_094p069_2_3_2_xli1m_utm10_20240914_20240914.tif,200,True,,2026-08-29T19:29:59.695521+00:00
https://nrs.objectstore.gov.bc.ca/gdwuts/094/094p/2024/dem/bc_094p069_2_3_3_xli1m_utm10_20240914_20240914.tif,200,True,,2026-08-29T19:29:59.701413+00:00
https://nrs.objectstore.gov.bc.ca/gdwuts/094/094p/2024/dem/bc_094p069_2_3_4_xli1m_utm10_20240914_20240914.tif,200,True,,2026-08-29T19:29:59.707555+00:00
https://nrs.objectstore.gov.bc.ca/gdwuts/094/094p/2024/dem/bc_094p069_2_4_1_xli1m_utm10_20240706_20240914.tif,200,True,,2026-08-29T19:29:59.692699+00:00
https://nrs.objectstore.gov.bc.ca/gdwuts/094/094p/2024/dem/bc_094p069_2_4_2_xli1m_utm10_20240706_20240706.tif,200,True,,2026-08-29T19:29:59.715139+00:00
https://nrs.objectstore.gov.bc.ca/gdwuts/094/094p/2024/dem/bc_094p069_2_4_3_xli1m_utm10_20240706_20240914.tif,200,True,,2026-08-29T19:29:59.721071+00:00
https://nrs.objectstore.gov.bc.ca/gdwuts/094/094p/2024/dem/bc_094p069_2_4_4_xli1m_utm10_20240706_20240706.tif,200,True,,2026-08-29T19:29:59.784065+00:00
https://nrs.objectstore.gov.bc.ca/gdwuts/094/094p/2024/dem/bc_094p069_3_1_1_xli1m_utm10_20240917_20240918.tif,200,True,,2026-08-29T19:29:59.785825+00:00
https://nrs.objectstore.gov.bc.ca/gdwuts/094/094p/2024/dem/bc_094p069_3_1_2_xli1m_utm10_20240914_20240918.tif,200,True,,2026-08-29T19:29:59.816200+00:00
https://nrs.objectstore.gov.bc.ca/gdwuts/094/094p/2024/dem/bc_094p069_3_1_3_xli1m_utm10_20240917_20240918.tif,200,True,,2026-08-29T19:29:59.827143+00:00
https://nrs.objectstore.gov.bc.ca/gdwuts/094/094p/2024/dem/bc_094p069_3_1_4_xli1m_utm10_20240914_20240918.tif,200,True,,2026-08-29T19:29:59.809140+00:00
https://nrs.objectstore.gov.bc.ca/gdwuts/094/094p/2024/dem/bc_094p069_3_2_1_xli1m_utm10_20240914_20240914.tif,200,True,,2026-08-29T19:29:59.788263+00:00
https://nrs.objectstore.gov.bc.ca/gdwuts/094/094p/2024/dem/bc_094p069_3_2_2_xli1m_utm10_20240914_20240914.tif,200,True,,2026-08-29T19:29:59.893133+00:00
https://nrs.objectstore.gov.bc.ca/gdwuts/094/094p/2024/dem/bc_094p069_3_2_3_xli1m_utm10_20240914_20240914.tif,200,True,,2026-08-29T19:29:59.869697+00:00
https://nrs.objectstore.gov.bc.ca/gdwuts/094/094p/2024/dem/bc_094p069_3_2_4_xli1m_utm10_20240914_20240914.tif,200,True,,2026-08-29T19:29:59.885135+00:00
https://nrs.objectstore.gov.bc.ca/gdwuts/094/094p/2024/dem/bc_094p069_3_3_1_xli1m_utm10_20240917_20240918.tif,200,True,,2026-08-29T19:29:59.867298+00:00
https://nrs.objectstore.gov.bc.ca/gdwuts/094/094p/2024/dem/bc_094p069_3_3_2_xli1m_utm10_20240914_20240918.tif,200,True,,2026-08-29T19:29:59.940174+00:00
https://nrs.objectstore.gov.bc.ca/gdwuts/094/094p/2024/dem/bc_094p069_3_3_3_xli1m_utm10_20240917_20240918.tif,200,True,,2026-08-29T19:29:59.934839+00:00
https://nrs.objectstore.gov.bc.ca/gdwuts/094/094p/2024/dem/bc_094p069_3_3_4_xli1m_utm10_20240914_20240918.tif,200,True,,2026-08-29T19:29:59.920088+00:00
https://nrs.objectstore.gov.bc.ca/gdwuts/094/094p/2024/dem/bc_094p069_3_4_1_xli1m_utm10_20240914_20240914.tif,200,True,,2026-08-29T19:29:59.903154+00:00
https://nrs.objectstore.gov.bc.ca/gdwuts/094/094p/2024/dem/bc_094p069_3_4_2_xli1m_utm10_20240914_20240914.tif,200,True,,2026-08-29T19:29:59.915471+00:00
https://nrs.objectstore.gov.bc.ca/gdwuts/094/094p/2024/dem/bc_094p069_3_4_3_xli1m_utm10_20240914_20240918.tif,200,True,,2026-08-29T19:29:59.944160+00:00
https://nrs.objectstore.gov.bc.ca/gdwuts/094/094p/2024/dem/bc_094p069_3_4_4_xli1m_utm10_20240914_20240914.tif,200,True,,2026-08-29T19:29:59.979360+00:00
https://nrs.objectstore.gov.bc.ca/gdwuts/094/094p/2024/dem/bc_094p069_4_1_1_xli1m_utm10_20240914_20240914.tif,200,True,,2026-08-29T19:30:00.001998+00:00
https://nrs.objectstore.gov.bc.ca/gdwuts/094/094p/2024/dem/bc_094p069_4_1_2_xli1m_utm10_20240914_20240914.tif,200,True,,2026-08-29T19:30:00.005120+00:00
https://nrs.objectstore.gov.bc.ca/gdwuts/094/094p/2024/dem/bc_094p069_4_1_3_xli1m_utm10_20240914_20240914.tif,200,True,,2026-08-29T19:29:59.989149+00:00
https://nrs.objectstore.gov.bc.ca/gdwuts/094/094p/2024/dem/bc_094p069_4_1_4_xli1m_utm10_20240914_20240914.tif,200,True,,2026-08-29T19:29:59.996017+00:00
https://nrs.objectstore.gov.bc.ca/gdwuts/094/094p/2024/dem/bc_094p069_4_2_1_xli1m_utm10_20240706_20240914.tif,200,True,,2026-08-29T19:30:00.012096+00:00
https://nrs.objectstore.gov.bc.ca/gdwuts/094/094p/2024/dem/bc_094p069_4_2_2_xli1m_utm10_20240706_20240706.tif,200,True,,2026-08-29T19:30:00.052164+00:00
https://nrs.objectstore.gov.bc.ca/gdwuts/094/094p/2024/dem/bc_094p069_4_2_3_xli1m_utm10_20240706_20240914.tif,200,True,,2026-08-29T19:30:00.043190+00:00
https://nrs.objectstore.gov.bc.ca/gdwuts/094/094p/2024/dem/bc_094p069_4_2_4_xli1m_utm10_20240706_20240706.tif,200,True,,2026-08-29T19:30:00.077963+00:00
https://nrs.objectstore.gov.bc.ca/gdwuts/094/094p/2024/dem/bc_094p069_4_3_1_xli1m_utm10_20240914_20240914.tif,200,True,,2026-08-29T19:30:00.118230+00:00
https://nrs.objectstore.gov.bc.ca/gdwuts/094/094p/2024/dem/bc_094p069_4_3_2_xli1m_utm10_20240914_20240914.tif,200,True,,2026-08-29T19:30:00.081229+00:00
https://nrs.objectstore.gov.bc.ca/gdwuts/094/094p/2024/dem/bc_094p069_4_3_3_xli1m_utm10_20240914_20240914.tif,200,True,,2026-08-29T19:30:00.092144+00:00
https://nrs.objectstore.gov.bc.ca/gdwuts/094/094p/2024/dem/bc_094p069_4_3_4_xli1m_utm10_20240914_20240914.tif,200,True,,2026-08-29T19:30:00.111164+00:00
https://nrs.objectstore.gov.bc.ca/gdwuts/094/094p/2024/dem/bc_094p069_4_4_1_xli1m_utm10_20240706_20240914.tif,200,True,,2026-08-29T19:30:00.177202+00:00
https://nrs.objectstore.gov.bc.ca/gdwuts/094/094p/2024/dem/bc_094p069_4_4_2_xli1m_utm10_20240706_20240706.tif,200,True,,2026-08-29T19:30:00.159243+00:00
https://nrs.objectstore.gov.bc.ca/gdwuts/094/094p/2024/dem/bc_094p069_4_4_3_xli1m_utm10_20240706_20240914.tif,200,True,,2026-08-29T19:30:00.144342+00:00
https://nrs.objectstore.gov.bc.ca/gdwuts/094/094p/2024/dem/bc_094p069_4_4_4_xli1m_utm10_20240706_20240706.tif,200,True,,2026-08-29T19:30:00.156187+00:00
https://nrs.objectstore.gov.bc.ca/gdwuts/094/094p/2024/dem/bc_094p070_1_1_1_xli1m_utm10_20240706_20240706.tif,200,True,,2026-08-29T19:30:00.201180+00:00
https://nrs.objectstore.gov.bc.ca/gdwuts/094/094p/2024/dem/bc_094p070_1_1_2_xli1m_utm10_20240706_20240706.tif,200,True,,2026-08-29T19:30:00.239181+00:00
https://nrs.objectstore.gov.bc.ca/gdwuts/094/094p/2024/dem/bc_094p070_1_1_3_xli1m_utm10_20240706_20240706.tif,200,True,,2026-08-29T19:30:00.224223+00:00
https://nrs.objectstore.gov.bc.ca/gdwuts/094/094p/2024/dem/bc_094p070_1_1_4_xli1m_utm10_20240706_20240706.tif,200,True,,2026-08-29T19:30:00.195209+00:00
https://nrs.objectstore.gov.bc.ca/gdwuts/094/094p/2024/dem/bc_094p070_1_2_1_xli1m_utm10_20240706_20240706.tif,200,True,,2026-08-29T19:30:00.209738+00:00
https://nrs.objectstore.gov.bc.ca/gdwuts/094/094p/2024/dem/bc_094p070_1_2_2_xli1m_utm10_20240706_20240706.tif,200,True,,2026-08-29T19:30:00.245178+00:00
https://nrs.objectstore.gov.bc.ca/gdwuts/094/094p/2024/dem/bc_094p070_1_2_3_xli1m_utm10_20240706_20240706.tif,200,True,,2026-08-29T19:30:00.253962+00:00
https://nrs.objectstore.gov.bc.ca/gdwuts/094/094p/2024/dem/bc_094p070_1_2_4_xli1m_utm10_20240706_20240706.tif,200,True,,2026-08-29T19:30:00.279152+00:00
https://nrs.objectstore.gov.bc.ca/gdwuts/094/094p/2024/dem/bc_094p070_1_3_1_xli1m_utm10_20240706_20240706.tif,200,True,,2026-08-29T19:30:00.274200+00:00
https://nrs.objectstore.gov.bc.ca/gdwuts/094/094p/2024/dem/bc_094p070_1_3_2_xli1m_utm10_20240706_20240706.tif,200,True,,2026-08-29T19:30:00.297261+00:00
https://nrs.objectstore.gov.bc.ca/gdwuts/094/094p/2024/dem/bc_094p070_1_3_3_xli1m_utm10_20240706_20240706.tif,200,True,,2026-08-29T19:30:00.289071+00:00
https://nrs.objectstore.gov.bc.ca/gdwuts/094/094p/2024/dem/bc_094p070_1_3_4_xli1m_utm10_20240706_20240706.tif,200,True,,2026-08-29T19:30:00.324591+00:00
https://nrs.objectstore.gov.bc.ca/gdwuts/094/094p/2024/dem/bc_094p070_1_4_1_xli1m_utm10_20240706_20240706.tif,200,True,,2026-08-29T19:30:00.329413+00:00
https://nrs.objectstore.gov.bc.ca/gdwuts/094/094p/2024/dem/bc_094p070_1_4_2_xli1m_utm10_20240706_20240706.tif,200,True,,2026-08-29T19:30:00.350960+00:00
https://nrs.objectstore.gov.bc.ca/gdwuts/094/094p/2024/dem/bc_094p070_1_4_3_xli1m_utm10_20240706_20240706.tif,200,True,,2026-08-29T19:30:00.358513+00:00
https://nrs.objectstore.gov.bc.ca/gdwuts/094/094p/2024/dem/bc_094p070_1_4_4_xli1m_utm10_20240706_20240706.tif,200,True,,2026-08-29T19:30:00.389209+00:00
https://nrs.objectstore.gov.bc.ca/gdwuts/094/094p/2024/dem/bc_094p070_2_1_1_xli1m_utm10_20240706_20240706.tif,200,True,,2026-08-29T19:30:00.370863+00:00
https://nrs.objectstore.gov.bc.ca/gdwuts/094/094p/2024/dem/bc_094p070_2_1_2_xli1m_utm10_20240706_20240706.tif,200,True,,2026-08-29T19:30:00.383251+00:00
https://nrs.objectstore.gov.bc.ca/gdwuts/094/094p/2024/dem/bc_094p070_2_1_3_xli1m_utm10_20240706_20240706.tif,200,True,,2026-08-29T19:30:00.403203+00:00
https://nrs.objectstore.gov.bc.ca/gdwuts/094/094p/2024/dem/bc_094p070_2_1_4_xli1m_utm10_20240706_20240706.tif,200,True,,2026-08-29T19:30:00.412197+00:00
https://nrs.objectstore.gov.bc.ca/gdwuts/094/094p/2024/dem/bc_094p070_2_2_1_xli1m_utm10_20240706_20240917.tif,200,True,,2026-08-29T19:30:00.441248+00:00
https://nrs.objectstore.gov.bc.ca/gdwuts/094/094p/2024/dem/bc_094p070_2_2_2_xli1m_utm10_20240917_20240917.tif,200,True,,2026-08-29T19:30:00.450226+00:00
https://nrs.objectstore.gov.bc.ca/gdwuts/094/094p/2024/dem/bc_094p070_2_2_3_xli1m_utm10_20240706_20240917.tif,200,True,,2026-08-29T19:30:00.452938+00:00
https://nrs.objectstore.gov.bc.ca/gdwuts/094/094p/2024/dem/bc_094p070_2_2_4_xli1m_utm10_20240917_20240917.tif,200,True,,2026-08-29T19:30:00.517717+00:00
https://nrs.objectstore.gov.bc.ca/gdwuts/094/094p/2024/dem/bc_094p070_2_3_1_xli1m_utm10_20240706_20240706.tif,200,True,,2026-08-29T19:30:00.502760+00:00
https://nrs.objectstore.gov.bc.ca/gdwuts/094/094p/2024/dem/bc_094p070_2_3_2_xli1m_utm10_20240706_20240706.tif,200,True,,2026-08-29T19:30:00.511526+00:00
https://nrs.objectstore.gov.bc.ca/gdwuts/094/094p/2024/dem/bc_094p070_2_3_3_xli1m_utm10_20240706_20240706.tif,200,True,,2026-08-29T19:30:00.499834+00:00
https://nrs.objectstore.gov.bc.ca/gdwuts/094/094p/2024/dem/bc_094p070_2_3_4_xli1m_utm10_20240706_20240706.tif,200,True,,2026-08-29T19:30:00.564310+00:00
https://nrs.objectstore.gov.bc.ca/gdwuts/094/094p/2024/dem/bc_094p070_2_4_1_xli1m_utm10_20240706_20240917.tif,200,True,,2026-08-29T19:30:00.569922+00:00
https://nrs.objectstore.gov.bc.ca/gdwuts/094/094p/2024/dem/bc_094p070_2_4_2_xli1m_utm10_20240917_20240917.tif,200,True,,2026-08-29T19:30:00.548163+00:00
https://nrs.objectstore.gov.bc.ca/gdwuts/094/094p/2024/dem/bc_094p070_2_4_3_xli1m_utm10_20240706_20240917.tif,200,True,,2026-08-29T19:30:00.559648+00:00
https://nrs.objectstore.gov.bc.ca/gdwuts/094/094p/2024/dem/bc_094p070_2_4_4_xli1m_utm10_20240917_20240917.tif,200,True,,2026-08-29T19:30:00.570364+00:00
https://nrs.objectstore.gov.bc.ca/gdwuts/094/094p/2024/dem/bc_094p070_3_1_1_xli1m_utm10_20240706_20240706.tif,200,True,,2026-08-29T19:30:00.593077+00:00
https://nrs.objectstore.gov.bc.ca/gdwuts/094/094p/2024/dem/bc_094p070_3_1_2_xli1m_utm10_20240706_20240706.tif,200,True,,2026-08-29T19:30:00.593595+00:00
https://nrs.objectstore.gov.bc.ca/gdwuts/094/094p/2024/dem/bc_094p070_3_1_3_xli1m_utm10_20240706_20240706.tif,200,True,,2026-08-29T19:30:00.601926+00:00
https://nrs.objectstore.gov.bc.ca/gdwuts/094/094p/2024/dem/bc_094p070_3_1_4_xli1m_utm10_20240706_20240706.tif,200,True,,2026-08-29T19:30:00.621247+00:00
https://nrs.objectstore.gov.bc.ca/gdwuts/094/094p/2024/dem/bc_094p070_3_2_1_xli1m_utm10_20240706_20240706.tif,200,True,,2026-08-29T19:30:00.640261+00:00
https://nrs.objectstore.gov.bc.ca/gdwuts/094/094p/2024/dem/bc_094p071_4_2_2_xli1m_utm10_20240707_20240707.tif,200,True,,2026-08-29T19:30:00.658252+00:00
https://nrs.objectstore.gov.bc.ca/gdwuts/094/094p/2024/dem/bc_094p071_4_2_3_xli1m_utm10_20240707_20240707.tif,200,True,,2026-08-29T19:30:00.648987+00:00
https://nrs.objectstore.gov.bc.ca/gdwuts/094/094p/2024/dem/bc_094p071_4_2_4_xli1m_utm10_20240707_20240707.tif,200,True,,2026-08-29T19:30:00.678694+00:00
https://nrs.objectstore.gov.bc.ca/gdwuts/094/094p/2024/dem/bc_094p071_4_3_2_xli1m_utm10_20240707_20250508.tif,200,True,,2026-08-29T19:30:00.696660+00:00
https://nrs.objectstore.gov.bc.ca/gdwuts/094/094p/2024/dem/bc_094p071_4_3_4_xli1m_utm10_20240707_20250508.tif,200,True,,2026-08-29T19:30:00.688246+00:00
https://nrs.objectstore.gov.bc.ca/gdwuts/094/094p/2024/dem/bc_094p071_4_4_1_xli1m_utm10_20240707_20240707.tif,200,True,,2026-08-29T19:30:00.706847+00:00
https://nrs.objectstore.gov.bc.ca/gdwuts/094/094p/2024/dem/bc_094p071_4_4_2_xli1m_utm10_20240707_20240707.tif,200,True,,2026-08-29T19:30:00.752282+00:00
https://nrs.objectstore.gov.bc.ca/gdwuts/094/094p/2024/dem/bc_094p071_4_4_3_xli1m_utm10_20240707_20240707.tif,200,True,,2026-08-29T19:30:00.730232+00:00
https://nrs.objectstore.gov.bc.ca/gdwuts/094/094p/2024/dem/bc_094p071_4_4_4_xli1m_utm10_20240707_20240707.tif,200,True,,2026-08-29T19:30:00.756168+00:00
https://nrs.objectstore.gov.bc.ca/gdwuts/094/094p/2024/dem/bc_094p072_1_1_1_xli1m_utm10_20240707_20240707.tif,200,True,,2026-08-29T19:30:00.780974+00:00
https://nrs.objectstore.gov.bc.ca/gdwuts/094/094p/2024/dem/bc_094p072_1_1_2_xli1m_utm10_20240707_20240707.tif,200,True,,2026-08-29T19:30:00.793979+00:00
https://nrs.objectstore.gov.bc.ca/gdwuts/094/094p/2024/dem/bc_094p072_1_1_3_xli1m_utm10_20240707_20240707.tif,200,True,,2026-08-29T19:30:00.787391+00:00
https://nrs.objectstore.gov.bc.ca/gdwuts/094/094p/2024/dem/bc_094p072_1_1_4_xli1m_utm10_20240707_20240707.tif,200,True,,2026-08-29T19:30:00.802189+00:00
https://nrs.objectstore.gov.bc.ca/gdwuts/094/094p/2024/dem/bc_094p072_1_2_1_xli1m_utm10_20240707_20240707.tif,200,True,,2026-08-29T19:30:00.857553+00:00
https://nrs.objectstore.gov.bc.ca/gdwuts/094/094p/2024/dem/bc_094p072_1_2_2_xli1m_utm10_20240707_20240707.tif,200,True,,2026-08-29T19:30:00.862176+00:00
https://nrs.objectstore.gov.bc.ca/gdwuts/094/094p/2024/dem/bc_094p072_1_2_3_xli1m_utm10_20240707_20240707.tif,200,True,,2026-08-29T19:30:00.847200+00:00
https://nrs.objectstore.gov.bc.ca/gdwuts/094/094p/2024/dem/bc_094p072_1_2_4_xli1m_utm10_20240707_20240707.tif,200,True,,2026-08-29T19:30:00.871471+00:00
https://nrs.objectstore.gov.bc.ca/gdwuts/094/094p/2024/dem/bc_094p072_1_3_1_xli1m_utm10_20240707_20240707.tif,200,True,,2026-08-29T19:30:00.842280+00:00
https://nrs.objectstore.gov.bc.ca/gdwuts/094/094p/2024/dem/bc_094p072_1_3_2_xli1m_utm10_20240707_20240707.tif,200,True,,2026-08-29T19:30:00.887938+00:00
https://nrs.objectstore.gov.bc.ca/gdwuts/094/094p/2024/dem/bc_094p072_1_3_3_xli1m_utm10_20240707_20240707.tif,200,True,,2026-08-29T19:30:00.931936+00:00
https://nrs.objectstore.gov.bc.ca/gdwuts/094/094p/2024/dem/bc_094p072_1_3_4_xli1m_utm10_20240707_20240707.tif,200,True,,2026-08-29T19:30:00.893576+00:00
https://nrs.objectstore.gov.bc.ca/gdwuts/094/094p/2024/dem/bc_094p072_1_4_1_xli1m_utm10_20240707_20240707.tif,200,True,,2026-08-29T19:30:00.916901+00:00
https://nrs.objectstore.gov.bc.ca/gdwuts/094/094p/2024/dem/bc_094p072_1_4_2_xli1m_utm10_20240707_20240707.tif,200,True,,2026-08-29T19:30:00.912267+00:00
https://nrs.objectstore.gov.bc.ca/gdwuts/094/094p/2024/dem/bc_094p072_1_4_3_xli1m_utm10_20240707_20240707.tif,200,True,,2026-08-29T19:30:00.937557+00:00
https://nrs.objectstore.gov.bc.ca/gdwuts/094/094p/2024/dem/bc_094p072_1_4_4_xli1m_utm10_20240707_20240707.tif,200,True,,2026-08-29T19:30:00.926883+00:00
https://nrs.objectstore.gov.bc.ca/gdwuts/094/094p/2024/dem/bc_094p072_2_1_1_xli1m_utm10_20240707_20240913.tif,200,True,,2026-08-29T19:30:00.965186+00:00
https://nrs.objectstore.gov.bc.ca/gdwuts/094/094p/2024/dem/bc_094p072_2_1_2_xli1m_utm10_20240913_20240913.tif,200,True,,2026-08-29T19:30:00.961249+00:00
https://nrs.objectstore.gov.bc.ca/gdwuts/094/094p/2024/dem/bc_094p072_2_1_3_xli1m_utm10_20240707_20240913.tif,200,True,,2026-08-29T19:30:00.978014+00:00
https://nrs.objectstore.gov.bc.ca/gdwuts/094/094p/2024/dem/bc_094p072_2_1_4_xli1m_utm10_20240913_20240913.tif,200,True,,2026-08-29T19:30:00.991418+00:00
https://nrs.objectstore.gov.bc.ca/gdwuts/094/094p/2024/dem/bc_094p072_2_2_1_xli1m_utm10_20240913_20240913.tif,200,True,,2026-08-29T19:30:01.075240+00:00
https://nrs.objectstore.gov.bc.ca/gdwuts/094/094p/2024/dem/bc_094p072_2_2_2_xli1m_utm10_20240913_20240913.tif,200,True,,2026-08-29T19:30:01.022393+00:00
https://nrs.objectstore.gov.bc.ca/gdwuts/094/094p/2024/dem/bc_094p072_2_2_3_xli1m_utm10_20240913_20240913.tif,200,True,,2026-08-29T19:30:01.075662+00:00
https://nrs.objectstore.gov.bc.ca/gdwuts/094/094p/2024/dem/bc_094p072_2_2_4_xli1m_utm10_20240913_20240913.tif,200,True,,2026-08-29T19:30:01.089189+00:00
https://nrs.objectstore.gov.bc.ca/gdwuts/094/094p/2024/dem/bc_094p072_2_3_1_xli1m_utm10_20240707_20240913.tif,200,True,,2026-08-29T19:30:01.054367+00:00
https://nrs.objectstore.gov.bc.ca/gdwuts/094/094p/2024/dem/bc_094p072_2_3_2_xli1m_utm10_20240913_20240913.tif,200,True,,2026-08-29T19:30:01.086259+00:00
https://nrs.objectstore.gov.bc.ca/gdwuts/094/094p/2024/dem/bc_094p072_2_3_3_xli1m_utm10_20240707_20240913.tif,200,True,,2026-08-29T19:30:01.133555+00:00
https://nrs.objectstore.gov.bc.ca/gdwuts/094/094p/2024/dem/bc_094p072_2_3_4_xli1m_utm10_20240913_20240913.tif,200,True,,2026-08-29T19:30:01.109737+00:00
https://nrs.objectstore.gov.bc.ca/gdwuts/094/094p/2024/dem/bc_094p072_2_4_1_xli1m_utm10_20240913_20240913.tif,200,True,,2026-08-29T19:30:01.095457+00:00
https://nrs.objectstore.gov.bc.ca/gdwuts/094/094p/2024/dem/bc_094p072_2_4_2_xli1m_utm10_20240913_20240913.tif,200,True,,2026-08-29T19:30:01.167800+00:00
https://nrs.objectstore.gov.bc.ca/gdwuts/094/094p/2024/dem/bc_094p072_2_4_3_xli1m_utm10_20240913_20240913.tif,200,True,,2026-08-29T19:30:01.189171+00:00
https://nrs.objectstore.gov.bc.ca/gdwuts/094/094p/2024/dem/bc_094p072_2_4_4_xli1m_utm10_20240913_20240913.tif,200,True,,2026-08-29T19:30:01.139303+00:00
https://nrs.objectstore.gov.bc.ca/gdwuts/094/094p/2024/dem/bc_094p072_3_1_1_xli1m_utm10_20240707_20240707.tif,200,True,,2026-08-29T19:30:01.163224+00:00
https://nrs.objectstore.gov.bc.ca/gdwuts/094/094p/2024/dem/bc_094p072_3_1_2_xli1m_utm10_20240707_20240707.tif,200,True,,2026-08-29T19:30:01.182206+00:00
https://nrs.objectstore.gov.bc.ca/gdwuts/094/094p/2024/dem/bc_094p072_3_1_3_xli1m_utm10_20240707_20240707.tif,200,True,,2026-08-29T19:30:01.202688+00:00
https://nrs.objectstore.gov.bc.ca/gdwuts/094/094p/2024/dem/bc_094p072_3_1_4_xli1m_utm10_20240707_20240707.tif,200,True,,2026-08-29T19:30:01.192091+00:00
https://nrs.objectstore.gov.bc.ca/gdwuts/094/094p/2024/dem/bc_094p072_3_2_1_xli1m_utm10_20240707_20240707.tif,200,True,,2026-08-29T19:30:01.209205+00:00
https://nrs.objectstore.gov.bc.ca/gdwuts/094/094p/2024/dem/bc_094p072_3_2_2_xli1m_utm10_20240707_20240707.tif,200,True,,2026-08-29T19:30:01.214189+00:00
https://nrs.objectstore.gov.bc.ca/gdwuts/094/094p/2024/dem/bc_094p072_3_2_3_xli1m_utm10_20240707_20240707.tif,200,True,,2026-08-29T19:30:01.280323+00:00
https://nrs.objectstore.gov.bc.ca/gdwuts/094/094p/2024/dem/bc_094p072_3_2_4_xli1m_utm10_20240707_20240707.tif,200,True,,2026-08-29T19:30:01.254303+00:00
https://nrs.objectstore.gov.bc.ca/gdwuts/094/094p/2024/dem/bc_094p072_3_3_1_xli1m_utm10_20240707_20240707.tif,200,True,,2026-08-29T19:30:01.268311+00:00
https://nrs.objectstore.gov.bc.ca/gdwuts/094/094p/2024/dem/bc_094p072_3_3_2_xli1m_utm10_20240707_20240707.tif,200,True,,2026-08-29T19:30:01.288233+00:00
https://nrs.objectstore.gov.bc.ca/gdwuts/094/094p/2024/dem/bc_094p072_3_3_3_xli1m_utm10_20240707_20240707.tif,200,True,,2026-08-29T19:30:01.298314+00:00
https://nrs.objectstore.gov.bc.ca/gdwuts/094/094p/2024/dem/bc_094p072_3_3_4_xli1m_utm10_20240707_20240707.tif,200,True,,2026-08-29T19:30:01.364451+00:00
https://nrs.objectstore.gov.bc.ca/gdwuts/094/094p/2024/dem/bc_094p072_3_4_1_xli1m_utm10_20240707_20240707.tif,200,True,,2026-08-29T19:30:01.375899+00:00
https://nrs.objectstore.gov.bc.ca/gdwuts/094/094p/2024/dem/bc_094p072_3_4_2_xli1m_utm10_20240707_20240707.tif,200,True,,2026-08-29T19:30:01.330261+00:00
https://nrs.objectstore.gov.bc.ca/gdwuts/094/094p/2024/dem/bc_094p072_3_4_3_xli1m_utm10_20240707_20240707.tif,200,True,,2026-08-29T19:30:01.378599+00:00
https://nrs.objectstore.gov.bc.ca/gdwuts/094/094p/2024/dem/bc_094p072_3_4_4_xli1m_utm10_20240707_20240707.tif,200,True,,2026-08-29T19:30:01.401158+00:00
https://nrs.objectstore.gov.bc.ca/gdwuts/094/094p/2024/dem/bc_094p072_4_1_1_xli1m_utm10_20240707_20240913.tif,200,True,,2026-08-29T19:30:01.404083+00:00
https://nrs.objectstore.gov.bc.ca/gdwuts/094/094p/2024/dem/bc_094p072_4_1_2_xli1m_utm10_20240913_20240913.tif,200,True,,2026-08-29T19:30:01.406819+00:00
https://nrs.objectstore.gov.bc.ca/gdwuts/094/094p/2024/dem/bc_094p072_4_1_3_xli1m_utm10_20240707_20240913.tif,200,True,,2026-08-29T19:30:01.389457+00:00
https://nrs.objectstore.gov.bc.ca/gdwuts/094/094p/2024/dem/bc_094p072_4_1_4_xli1m_utm10_20240913_20240913.tif,200,True,,2026-08-29T19:30:01.411628+00:00
https://nrs.objectstore.gov.bc.ca/gdwuts/094/094p/2024/dem/bc_094p072_4_2_1_xli1m_utm10_20240913_20240913.tif,200,True,,2026-08-29T19:30:01.407282+00:00
https://nrs.objectstore.gov.bc.ca/gdwuts/094/094p/2024/dem/bc_094p072_4_2_2_xli1m_utm10_20240913_20240913.tif,200,True,,2026-08-29T19:30:01.450241+00:00
https://nrs.objectstore.gov.bc.ca/gdwuts/094/094p/2024/dem/bc_094p072_4_2_3_xli1m_utm10_20240913_20240913.tif,200,True,,2026-08-29T19:30:01.441282+00:00
https://nrs.objectstore.gov.bc.ca/gdwuts/094/094p/2024/dem/bc_094p072_4_2_4_xli1m_utm10_20240913_20240913.tif,200,True,,2026-08-29T19:30:01.470916+00:00
https://nrs.objectstore.gov.bc.ca/gdwuts/094/094p/2024/dem/bc_094p072_4_3_1_xli1m_utm10_20240707_20240913.tif,200,True,,2026-08-29T19:30:01.484582+00:00
https://nrs.objectstore.gov.bc.ca/gdwuts/094/094p/2024/dem/bc_094p072_4_3_2_xli1m_utm10_20240913_20240913.tif,200,True,,2026-08-29T19:30:01.468279+00:00
https://nrs.objectstore.gov.bc.ca/gdwuts/094/094p/2024/dem/bc_094p072_4_3_3_xli1m_utm10_20240707_20240913.tif,200,True,,2026-08-29T19:30:01.499375+00:00
https://nrs.objectstore.gov.bc.ca/gdwuts/094/094p/2024/dem/bc_094p072_4_3_4_xli1m_utm10_20240913_20240913.tif,200,True,,2026-08-29T19:30:01.487931+00:00
https://nrs.objectstore.gov.bc.ca/gdwuts/094/094p/2024/dem/bc_094p072_4_4_1_xli1m_utm10_20240913_20240913.tif,200,True,,2026-08-29T19:30:01.521295+00:00
https://nrs.objectstore.gov.bc.ca/gdwuts/094/094p/2024/dem/bc_094p072_4_4_2_xli1m_utm10_20240913_20240913.tif,200,True,,2026-08-29T19:30:01.602266+00:00
https://nrs.objectstore.gov.bc.ca/gdwuts/094/094p/2024/dem/bc_094p072_4_4_3_xli1m_utm10_20240913_20240913.tif,200,True,,2026-08-29T19:30:01.573536+00:00
https://nrs.objectstore.gov.bc.ca/gdwuts/094/094p/2024/dem/bc_094p072_4_4_4_xli1m_utm10_20240913_20240913.tif,200,True,,2026-08-29T19:30:01.593251+00:00
https://nrs.objectstore.gov.bc.ca/gdwuts/094/094p/2024/dem/bc_094p073_1_1_1_xli1m_utm10_20240913_20240913.tif,200,True,,2026-08-29T19:30:01.594753+00:00
https://nrs.objectstore.gov.bc.ca/gdwuts/094/094p/2024/dem/bc_094p073_1_1_2_xli1m_utm10_20240913_20240913.tif,200,True,,2026-08-29T19:30:01.631422+00:00
https://nrs.objectstore.gov.bc.ca/gdwuts/094/094p/2024/dem/bc_094p073_1_1_3_xli1m_utm10_20240913_20240913.tif,200,True,,2026-08-29T19:30:01.638935+00:00
https://nrs.objectstore.gov.bc.ca/gdwuts/094/094p/2024/dem/bc_094p073_1_1_4_xli1m_utm10_20240913_20240913.tif,200,True,,2026-08-29T19:30:01.660542+00:00
https://nrs.objectstore.gov.bc.ca/gdwuts/094/094p/2024/dem/bc_094p073_1_2_1_xli1m_utm10_20240913_20240913.tif,200,True,,2026-08-29T19:30:01.611989+00:00
https://nrs.objectstore.gov.bc.ca/gdwuts/094/094p/2024/dem/bc_094p073_1_2_2_xli1m_utm10_20240913_20250508.tif,200,True,,2026-08-29T19:30:01.671188+00:00
https://nrs.objectstore.gov.bc.ca/gdwuts/094/094p/2024/dem/bc_094p073_1_2_3_xli1m_utm10_20240913_20240913.tif,200,True,,2026-08-29T19:30:01.679167+00:00
https://nrs.objectstore.gov.bc.ca/gdwuts/094/094p/2024/dem/bc_094p073_1_2_4_xli1m_utm10_20240913_20250508.tif,200,True,,2026-08-29T19:30:01.706248+00:00
https://nrs.objectstore.gov.bc.ca/gdwuts/094/094p/2024/dem/bc_094p073_1_3_1_xli1m_utm10_20240913_20240913.tif,200,True,,2026-08-29T19:30:01.697103+00:00
https://nrs.objectstore.gov.bc.ca/gdwuts/094/094p/2024/dem/bc_094p073_1_3_2_xli1m_utm10_20240913_20240913.tif,200,True,,2026-08-29T19:30:01.704148+00:00
https://nrs.objectstore.gov.bc.ca/gdwuts/094/094p/2024/dem/bc_094p073_1_3_3_xli1m_utm10_20240913_20240913.tif,200,True,,2026-08-29T19:30:01.710393+00:00
https://nrs.objectstore.gov.bc.ca/gdwuts/094/094p/2024/dem/bc_094p073_1_3_4_xli1m_utm10_20240913_20240913.tif,200,True,,2026-08-29T19:30:01.690543+00:00
https://nrs.objectstore.gov.bc.ca/gdwuts/094/094p/2024/dem/bc_094p073_1_4_1_xli1m_utm10_20240913_20240913.tif,200,True,,2026-08-29T19:30:01.708023+00:00
https://nrs.objectstore.gov.bc.ca/gdwuts/094/094p/2024/dem/bc_094p073_1_4_2_xli1m_utm10_20240913_20250508.tif,200,True,,2026-08-29T19:30:01.738295+00:00
https://nrs.objectstore.gov.bc.ca/gdwuts/094/094p/2024/dem/bc_094p073_1_4_3_xli1m_utm10_20240913_20240913.tif,200,True,,2026-08-29T19:30:01.769047+00:00
https://nrs.objectstore.gov.bc.ca/gdwuts/094/094p/2024/dem/bc_094p073_1_4_4_xli1m_utm10_20240913_20250508.tif,200,True,,2026-08-29T19:30:01.860654+00:00
https://nrs.objectstore.gov.bc.ca/gdwuts/094/094p/2024/dem/bc_094p073_2_1_1_xli1m_utm10_20240913_20250508.tif,200,True,,2026-08-29T19:30:01.773184+00:00
https://nrs.objectstore.gov.bc.ca/gdwuts/094/094p/2024/dem/bc_094p073_2_1_3_xli1m_utm10_20240913_20250508.tif,200,True,,2026-08-29T19:30:01.790157+00:00
https://nrs.objectstore.gov.bc.ca/gdwuts/094/094p/2024/dem/bc_094p073_2_3_1_xli1m_utm10_20240913_20250508.tif,200,True,,2026-08-29T19:30:01.855035+00:00
https://nrs.objectstore.gov.bc.ca/gdwuts/094/094p/2024/dem/bc_094p073_2_3_3_xli1m_utm10_20240913_20250508.tif,200,True,,2026-08-29T19:30:01.820288+00:00
https://nrs.objectstore.gov.bc.ca/gdwuts/094/094p/2024/dem/bc_094p073_3_1_1_xli1m_utm10_20240913_20240913.tif,200,True,,2026-08-29T19:30:01.851277+00:00
https://nrs.objectstore.gov.bc.ca/gdwuts/094/094p/2024/dem/bc_094p073_3_1_2_xli1m_utm10_20240913_20240913.tif,200,True,,2026-08-29T19:30:01.858205+00:00
https://nrs.objectstore.gov.bc.ca/gdwuts/094/094p/2024/dem/bc_094p073_3_1_3_xli1m_utm10_20240913_20240913.tif,200,True,,2026-08-29T19:30:01.884579+00:00
https://nrs.objectstore.gov.bc.ca/gdwuts/094/094p/2024/dem/bc_094p073_3_1_4_xli1m_utm10_20240913_20240913.tif,200,True,,2026-08-29T19:30:01.904122+00:00
https://nrs.objectstore.gov.bc.ca/gdwuts/094/094p/2024/dem/bc_094p073_3_2_1_xli1m_utm10_20240913_20240913.tif,200,True,,2026-08-29T19:30:01.898187+00:00
https://nrs.objectstore.gov.bc.ca/gdwuts/094/094p/2024/dem/bc_094p073_3_2_2_xli1m_utm10_20240913_20250508.tif,200,True,,2026-08-29T19:30:01.922736+00:00
https://nrs.objectstore.gov.bc.ca/gdwuts/094/094p/2024/dem/bc_094p073_3_2_3_xli1m_utm10_20240913_20240913.tif,200,True,,2026-08-29T19:30:01.915985+00:00
https://nrs.objectstore.gov.bc.ca/gdwuts/094/094p/2024/dem/bc_094p073_3_2_4_xli1m_utm10_20240913_20250508.tif,200,True,,2026-08-29T19:30:01.950200+00:00
https://nrs.objectstore.gov.bc.ca/gdwuts/094/094p/2024/dem/bc_094p073_3_3_1_xli1m_utm10_20240913_20240913.tif,200,True,,2026-08-29T19:30:01.932616+00:00
https://nrs.objectstore.gov.bc.ca/gdwuts/094/094p/2024/dem/bc_094p073_3_3_2_xli1m_utm10_20240913_20240913.tif,200,True,,2026-08-29T19:30:01.953032+00:00
https://nrs.objectstore.gov.bc.ca/gdwuts/094/094p/2024/dem/bc_094p073_3_3_3_xli1m_utm10_20240913_20240913.tif,200,True,,2026-08-29T19:30:01.967481+00:00
https://nrs.objectstore.gov.bc.ca/gdwuts/094/094p/2024/dem/bc_094p073_3_3_4_xli1m_utm10_20240913_20240913.tif,200,True,,2026-08-29T19:30:02.003199+00:00
https://nrs.objectstore.gov.bc.ca/gdwuts/094/094p/2024/dem/bc_094p073_3_4_1_xli1m_utm10_20240913_20240913.tif,200,True,,2026-08-29T19:30:01.965142+00:00
https://nrs.objectstore.gov.bc.ca/gdwuts/094/094p/2024/dem/bc_094p073_3_4_2_xli1m_utm10_20240913_20250508.tif,200,True,,2026-08-29T19:30:01.990832+00:00
https://nrs.objectstore.gov.bc.ca/gdwuts/094/094p/2024/dem/bc_094p073_3_4_3_xli1m_utm10_20240913_20240913.tif,200,True,,2026-08-29T19:30:02.023270+00:00
https://nrs.objectstore.gov.bc.ca/gdwuts/094/094p/2024/dem/bc_094p073_3_4_4_xli1m_utm10_20240913_20250508.tif,200,True,,2026-08-29T19:30:02.040535+00:00
https://nrs.objectstore.gov.bc.ca/gdwuts/094/094p/2024/dem/bc_094p073_4_1_1_xli1m_utm10_20240913_20250508.tif,200,True,,2026-08-29T19:30:02.033200+00:00
https://nrs.objectstore.gov.bc.ca/gdwuts/094/094p/2024/dem/bc_094p073_4_1_3_xli1m_utm10_20240913_20250508.tif,200,True,,2026-08-29T19:30:02.064020+00:00
https://nrs.objectstore.gov.bc.ca/gdwuts/094/094p/2024/dem/bc_094p073_4_3_1_xli1m_utm10_20240913_20250508.tif,200,True,,2026-08-29T19:30:02.090238+00:00
https://nrs.objectstore.gov.bc.ca/gdwuts/094/094p/2024/dem/bc_094p073_4_3_3_xli1m_utm10_20240913_20250508.tif,200,True,,2026-08-29T19:30:02.097884+00:00
https://nrs.objectstore.gov.bc.ca/gdwuts/094/094p/2024/dem/bc_094p078_1_1_2_xli1m_utm10_20240919_20250506.tif,200,True,,2026-08-29T19:30:02.081664+00:00
https://nrs.objectstore.gov.bc.ca/gdwuts/094/094p/2024/dem/bc_094p078_1_1_4_xli1m_utm10_20240919_20250506.tif,200,True,,2026-08-29T19:30:02.152511+00:00
https://nrs.objectstore.gov.bc.ca/gdwuts/094/094p/2024/dem/bc_094p078_1_2_1_xli1m_utm10_20240919_20250506.tif,200,True,,2026-08-29T19:30:02.110552+00:00
https://nrs.objectstore.gov.bc.ca/gdwuts/094/094p/2024/dem/bc_094p078_1_2_2_xli1m_utm10_20240919_20240919.tif,200,True,,2026-08-29T19:30:02.169165+00:00
https://nrs.objectstore.gov.bc.ca/gdwuts/094/094p/2024/dem/bc_094p078_1_2_3_xli1m_utm10_20240919_20250506.tif,200,True,,2026-08-29T19:30:02.150859+00:00
https://nrs.objectstore.gov.bc.ca/gdwuts/094/094p/2024/dem/bc_094p078_1_2_4_xli1m_utm10_20240919_20240919.tif,200,True,,2026-08-29T19:30:02.178330+00:00
https://nrs.objectstore.gov.bc.ca/gdwuts/094/094p/2024/dem/bc_094p078_1_3_2_xli1m_utm10_20240919_20250506.tif,200,True,,2026-08-29T19:30:02.145271+00:00
https://nrs.objectstore.gov.bc.ca/gdwuts/094/094p/2024/dem/bc_094p078_1_3_4_xli1m_utm10_20240919_20250506.tif,200,True,,2026-08-29T19:30:02.194922+00:00
https://nrs.objectstore.gov.bc.ca/gdwuts/094/094p/2024/dem/bc_094p078_1_4_1_xli1m_utm10_20240919_20250506.tif,200,True,,2026-08-29T19:30:02.207404+00:00
https://nrs.objectstore.gov.bc.ca/gdwuts/094/094p/2024/dem/bc_094p078_1_4_2_xli1m_utm10_20240919_20240919.tif,200,True,,2026-08-29T19:30:02.265223+00:00
https://nrs.objectstore.gov.bc.ca/gdwuts/094/094p/2024/dem/bc_094p078_1_4_3_xli1m_utm10_20240919_20250506.tif,200,True,,2026-08-29T19:30:02.217175+00:00
https://nrs.objectstore.gov.bc.ca/gdwuts/094/094p/2024/dem/bc_094p078_1_4_4_xli1m_utm10_20240919_20240919.tif,200,True,,2026-08-29T19:30:02.245134+00:00
https://nrs.objectstore.gov.bc.ca/gdwuts/094/094p/2024/dem/bc_094p078_2_1_1_xli1m_utm10_20240919_20240919.tif,200,True,,2026-08-29T19:30:02.233541+00:00
https://nrs.objectstore.gov.bc.ca/gdwuts/094/094p/2024/dem/bc_094p078_2_1_2_xli1m_utm10_20240919_20240919.tif,200,True,,2026-08-29T19:30:02.237142+00:00
https://nrs.objectstore.gov.bc.ca/gdwuts/094/094p/2024/dem/bc_094p078_2_1_3_xli1m_utm10_20240919_20240919.tif,200,True,,2026-08-29T19:30:02.262284+00:00
https://nrs.objectstore.gov.bc.ca/gdwuts/094/094p/2024/dem/bc_094p078_2_1_4_xli1m_utm10_20240919_20240919.tif,200,True,,2026-08-29T19:30:02.282601+00:00
https://nrs.objectstore.gov.bc.ca/gdwuts/094/094p/2024/dem/bc_094p078_2_2_1_xli1m_utm10_20240918_20240919.tif,200,True,,2026-08-29T19:30:02.278327+00:00
https://nrs.objectstore.gov.bc.ca/gdwuts/094/094p/2024/dem/bc_094p078_2_2_2_xli1m_utm10_20240918_20240918.tif,200,True,,2026-08-29T19:30:02.290490+00:00
https://nrs.objectstore.gov.bc.ca/gdwuts/094/094p/2024/dem/bc_094p078_2_2_3_xli1m_utm10_20240918_20240919.tif,200,True,,2026-08-29T19:30:02.365180+00:00
https://nrs.objectstore.gov.bc.ca/gdwuts/094/094p/2024/dem/bc_094p078_2_2_4_xli1m_utm10_20240918_20240918.tif,200,True,,2026-08-29T19:30:02.314162+00:00
https://nrs.objectstore.gov.bc.ca/gdwuts/094/094p/2024/dem/bc_094p078_2_3_1_xli1m_utm10_20240919_20240919.tif,200,True,,2026-08-29T19:30:02.326213+00:00
https://nrs.objectstore.gov.bc.ca/gdwuts/094/094p/2024/dem/bc_094p078_2_3_2_xli1m_utm10_20240919_20240919.tif,200,True,,2026-08-29T19:30:02.391404+00:00
https://nrs.objectstore.gov.bc.ca/gdwuts/094/094p/2024/dem/bc_094p078_2_3_3_xli1m_utm10_20240919_20240919.tif,200,True,,2026-08-29T19:30:02.358326+00:00
https://nrs.objectstore.gov.bc.ca/gdwuts/094/094p/2024/dem/bc_094p078_2_3_4_xli1m_utm10_20240919_20240919.tif,200,True,,2026-08-29T19:30:02.381252+00:00
https://nrs.objectstore.gov.bc.ca/gdwuts/094/094p/2024/dem/bc_094p078_2_4_1_xli1m_utm10_20240918_20240919.tif,200,True,,2026-08-29T19:30:02.393974+00:00
https://nrs.objectstore.gov.bc.ca/gdwuts/094/094p/2024/dem/bc_094p078_2_4_2_xli1m_utm10_20240918_20240919.tif,200,True,,2026-08-29T19:30:02.399681+00:00
https://nrs.objectstore.gov.bc.ca/gdwuts/094/094p/2024/dem/bc_094p078_2_4_3_xli1m_utm10_20240918_20240919.tif,200,True,,2026-08-29T19:30:02.431362+00:00
https://nrs.objectstore.gov.bc.ca/gdwuts/094/094p/2024/dem/bc_094p078_2_4_4_xli1m_utm10_20240918_20240919.tif,200,True,,2026-08-29T19:30:02.460179+00:00
https://nrs.objectstore.gov.bc.ca/gdwuts/094/094p/2024/dem/bc_094p078_3_1_2_xli1m_utm10_20240919_20250506.tif,200,True,,2026-08-29T19:30:02.434976+00:00
https://nrs.objectstore.gov.bc.ca/gdwuts/094/094p/2024/dem/bc_094p078_3_2_1_xli1m_utm10_20240919_20250506.tif,200,True,,2026-08-29T19:30:02.454222+00:00
https://nrs.objectstore.gov.bc.ca/gdwuts/094/094p/2024/dem/bc_094p078_3_2_2_xli1m_utm10_20240919_20240919.tif,200,True,,2026-08-29T19:30:02.463590+00:00
https://nrs.objectstore.gov.bc.ca/gdwuts/094/094p/2024/dem/bc_094p078_3_2_3_xli1m_utm10_20240919_20250506.tif,200,True,,2026-08-29T19:30:02.484263+00:00
https://nrs.objectstore.gov.bc.ca/gdwuts/094/094p/2024/dem/bc_094p078_3_2_4_xli1m_utm10_20240919_20240919.tif,200,True,,2026-08-29T19:30:02.532448+00:00
https://nrs.objectstore.gov.bc.ca/gdwuts/094/094p/2024/dem/bc_094p078_3_4_1_xli1m_utm10_20240919_20250506.tif,200,True,,2026-08-29T19:30:02.521263+00:00
https://nrs.objectstore.gov.bc.ca/gdwuts/094/094p/2024/dem/bc_094p078_3_4_2_xli1m_utm10_20240919_20240919.tif,200,True,,2026-08-29T19:30:02.499216+00:00
https://nrs.objectstore.gov.bc.ca/gdwuts/094/094p/2024/dem/bc_094p078_3_4_3_xli1m_utm10_20240919_20250506.tif,200,True,,2026-08-29T19:30:02.515464+00:00
https://nrs.objectstore.gov.bc.ca/gdwuts/094/094p/2024/dem/bc_094p078_3_4_4_xli1m_utm10_20240919_20240919.tif,200,True,,2026-08-29T19:30:02.552206+00:00
https://nrs.objectstore.gov.bc.ca/gdwuts/094/094p/2024/dem/bc_094p078_4_1_1_xli1m_utm10_20240919_20240919.tif,200,True,,2026-08-29T19:30:02.541487+00:00
https://nrs.objectstore.gov.bc.ca/gdwuts/094/094p/2024/dem/bc_094p078_4_1_2_xli1m_utm10_20240919_20240919.tif,200,True,,2026-08-29T19:30:02.558396+00:00
https://nrs.objectstore.gov.bc.ca/gdwuts/094/094p/2024/dem/bc_094p078_4_1_3_xli1m_utm10_20240919_20240919.tif,200,True,,2026-08-29T19:30:02.584206+00:00
https://nrs.objectstore.gov.bc.ca/gdwuts/094/094p/2024/dem/bc_094p078_4_1_4_xli1m_utm10_20240919_20240919.tif,200,True,,2026-08-29T19:30:02.628246+00:00
https://nrs.objectstore.gov.bc.ca/gdwuts/094/094p/2024/dem/bc_094p078_4_2_1_xli1m_utm10_20240918_20240919.tif,200,True,,2026-08-29T19:30:02.594725+00:00
https://nrs.objectstore.gov.bc.ca/gdwuts/094/094p/2024/dem/bc_094p078_4_2_2_xli1m_utm10_20240918_20240919.tif,200,True,,2026-08-29T19:30:02.737192+00:00
https://nrs.objectstore.gov.bc.ca/gdwuts/094/094p/2024/dem/bc_094p078_4_2_3_xli1m_utm10_20240918_20240919.tif,200,True,,2026-08-29T19:30:02.613219+00:00
https://nrs.objectstore.gov.bc.ca/gdwuts/094/094p/2024/dem/bc_094p078_4_2_4_xli1m_utm10_20240918_20240919.tif,200,True,,2026-08-29T19:30:02.685809+00:00
https://nrs.objectstore.gov.bc.ca/gdwuts/094/094p/2024/dem/bc_094p078_4_3_1_xli1m_utm10_20240919_20240919.tif,200,True,,2026-08-29T19:30:02.634306+00:00
https://nrs.objectstore.gov.bc.ca/gdwuts/094/094p/2024/dem/bc_094p078_4_3_2_xli1m_utm10_20240919_20240919.tif,200,True,,2026-08-29T19:30:02.660279+00:00
https://nrs.objectstore.gov.bc.ca/gdwuts/094/094p/2024/dem/bc_094p078_4_3_3_xli1m_utm10_20240919_20240919.tif,200,True,,2026-08-29T19:30:02.679863+00:00
https://nrs.objectstore.gov.bc.ca/gdwuts/094/094p/2024/dem/bc_094p078_4_3_4_xli1m_utm10_20240919_20240919.tif,200,True,,2026-08-29T19:30:02.705120+00:00
https://nrs.objectstore.gov.bc.ca/gdwuts/094/094p/2024/dem/bc_094p078_4_4_1_xli1m_utm10_20240918_20240919.tif,200,True,,2026-08-29T19:30:02.708154+00:00
https://nrs.objectstore.gov.bc.ca/gdwuts/094/094p/2024/dem/bc_094p078_4_4_2_xli1m_utm10_20240918_20240919.tif,200,True,,2026-08-29T19:30:02.722633+00:00
https://nrs.objectstore.gov.bc.ca/gdwuts/094/094p/2024/dem/bc_094p078_4_4_3_xli1m_utm10_20240918_20240919.tif,200,True,,2026-08-29T19:30:02.710398+00:00
https://nrs.objectstore.gov.bc.ca/gdwuts/094/094p/2024/dem/bc_094p078_4_4_4_xli1m_utm10_20240918_20240919.tif,200,True,,2026-08-29T19:30:02.747829+00:00
https://nrs.objectstore.gov.bc.ca/gdwuts/094/094p/2024/dem/bc_094p079_1_1_1_xli1m_utm10_20240917_20240918.tif,200,True,,2026-08-29T19:30:02.759797+00:00
https://nrs.objectstore.gov.bc.ca/gdwuts/094/094p/2024/dem/bc_094p079_1_1_2_xli1m_utm10_20240914_20240918.tif,200,True,,2026-08-29T19:30:02.767509+00:00
https://nrs.objectstore.gov.bc.ca/gdwuts/094/094p/2024/dem/bc_094p079_1_1_3_xli1m_utm10_20240917_20240918.tif,200,True,,2026-08-29T19:30:02.783238+00:00
https://nrs.objectstore.gov.bc.ca/gdwuts/094/094p/2024/dem/bc_094p079_1_1_4_xli1m_utm10_20240914_20240918.tif,200,True,,2026-08-29T19:30:02.788744+00:00
https://nrs.objectstore.gov.bc.ca/gdwuts/094/094p/2024/dem/bc_094p079_1_2_1_xli1m_utm10_20240914_20240918.tif,200,True,,2026-08-29T19:30:02.801944+00:00
https://nrs.objectstore.gov.bc.ca/gdwuts/094/094p/2024/dem/bc_094p079_1_2_2_xli1m_utm10_20240914_20240914.tif,200,True,,2026-08-29T19:30:02.817157+00:00
https://nrs.objectstore.gov.bc.ca/gdwuts/094/094p/2024/dem/bc_094p079_1_2_3_xli1m_utm10_20240914_20240918.tif,200,True,,2026-08-29T19:30:02.807144+00:00
https://nrs.objectstore.gov.bc.ca/gdwuts/094/094p/2024/dem/bc_094p079_1_2_4_xli1m_utm10_20240914_20240914.tif,200,True,,2026-08-29T19:30:02.836224+00:00
https://nrs.objectstore.gov.bc.ca/gdwuts/094/094p/2024/dem/bc_094p079_1_3_1_xli1m_utm10_20240917_20240918.tif,200,True,,2026-08-29T19:30:02.879273+00:00
https://nrs.objectstore.gov.bc.ca/gdwuts/094/094p/2024/dem/bc_094p079_1_3_2_xli1m_utm10_20240914_20240918.tif,200,True,,2026-08-29T19:30:02.880859+00:00
https://nrs.objectstore.gov.bc.ca/gdwuts/094/094p/2024/dem/bc_094p079_1_3_3_xli1m_utm10_20240917_20240918.tif,200,True,,2026-08-29T19:30:02.888817+00:00
https://nrs.objectstore.gov.bc.ca/gdwuts/094/094p/2024/dem/bc_094p079_1_3_4_xli1m_utm10_20240914_20240918.tif,200,True,,2026-08-29T19:30:02.891747+00:00
https://nrs.objectstore.gov.bc.ca/gdwuts/094/094p/2024/dem/bc_094p079_1_4_1_xli1m_utm10_20240914_20240918.tif,200,True,,2026-08-29T19:30:02.916220+00:00
https://nrs.objectstore.gov.bc.ca/gdwuts/094/094p/2024/dem/bc_094p079_1_4_2_xli1m_utm10_20240914_20240914.tif,200,True,,2026-08-29T19:30:02.954460+00:00
https://nrs.objectstore.gov.bc.ca/gdwuts/094/094p/2024/dem/bc_094p079_1_4_3_xli1m_utm10_20240914_20240918.tif,200,True,,2026-08-29T19:30:03.036201+00:00
https://nrs.objectstore.gov.bc.ca/gdwuts/094/094p/2024/dem/bc_094p079_1_4_4_xli1m_utm10_20240914_20240914.tif,200,True,,2026-08-29T19:30:02.965272+00:00
https://nrs.objectstore.gov.bc.ca/gdwuts/094/094p/2024/dem/bc_094p079_2_1_1_xli1m_utm10_20240914_20240914.tif,200,True,,2026-08-29T19:30:02.977192+00:00
https://nrs.objectstore.gov.bc.ca/gdwuts/094/094p/2024/dem/bc_094p079_2_1_2_xli1m_utm10_20240914_20240914.tif,200,True,,2026-08-29T19:30:02.986295+00:00
https://nrs.objectstore.gov.bc.ca/gdwuts/094/094p/2024/dem/bc_094p079_2_1_3_xli1m_utm10_20240914_20240914.tif,200,True,,2026-08-29T19:30:02.994399+00:00
https://nrs.objectstore.gov.bc.ca/gdwuts/094/094p/2024/dem/bc_094p079_2_1_4_xli1m_utm10_20240914_20240914.tif,200,True,,2026-08-29T19:30:03.006683+00:00
https://nrs.objectstore.gov.bc.ca/gdwuts/094/094p/2024/dem/bc_094p079_2_2_1_xli1m_utm10_20240706_20240914.tif,200,True,,2026-08-29T19:30:03.035612+00:00
https://nrs.objectstore.gov.bc.ca/gdwuts/094/094p/2024/dem/bc_094p079_2_2_2_xli1m_utm10_20240706_20240914.tif,200,True,,2026-08-29T19:30:03.030457+00:00
https://nrs.objectstore.gov.bc.ca/gdwuts/094/094p/2024/dem/bc_094p079_2_2_3_xli1m_utm10_20240706_20240914.tif,200,True,,2026-08-29T19:30:03.018928+00:00
https://nrs.objectstore.gov.bc.ca/gdwuts/094/094p/2024/dem/bc_094p079_2_2_4_xli1m_utm10_20240706_20240914.tif,200,True,,2026-08-29T19:30:03.021945+00:00
https://nrs.objectstore.gov.bc.ca/gdwuts/094/094p/2024/dem/bc_094p079_2_3_1_xli1m_utm10_20240914_20240914.tif,200,True,,2026-08-29T19:30:03.057484+00:00
https://nrs.objectstore.gov.bc.ca/gdwuts/094/094p/2024/dem/bc_094p079_2_3_2_xli1m_utm10_20240914_20240914.tif,200,True,,2026-08-29T19:30:03.068131+00:00
https://nrs.objectstore.gov.bc.ca/gdwuts/094/094p/2024/dem/bc_094p079_2_3_3_xli1m_utm10_20240914_20240914.tif,200,True,,2026-08-29T19:30:03.197644+00:00
https://nrs.objectstore.gov.bc.ca/gdwuts/094/094p/2024/dem/bc_094p079_2_3_4_xli1m_utm10_20240914_20240914.tif,200,True,,2026-08-29T19:30:03.077189+00:00
https://nrs.objectstore.gov.bc.ca/gdwuts/094/094p/2024/dem/bc_094p079_2_4_1_xli1m_utm10_20240706_20240914.tif,200,True,,2026-08-29T19:30:03.087049+00:00
https://nrs.objectstore.gov.bc.ca/gdwuts/094/094p/2024/dem/bc_094p079_2_4_2_xli1m_utm10_20240706_20240914.tif,200,True,,2026-08-29T19:30:03.176115+00:00
https://nrs.objectstore.gov.bc.ca/gdwuts/094/094p/2024/dem/bc_094p079_2_4_3_xli1m_utm10_20240706_20240914.tif,200,True,,2026-08-29T19:30:03.125593+00:00
https://nrs.objectstore.gov.bc.ca/gdwuts/094/094p/2024/dem/bc_094p079_2_4_4_xli1m_utm10_20240706_20240914.tif,200,True,,2026-08-29T19:30:03.164136+00:00
https://nrs.objectstore.gov.bc.ca/gdwuts/094/094p/2024/dem/bc_094p079_3_1_1_xli1m_utm10_20240918_20240918.tif,200,True,,2026-08-29T19:30:03.160838+00:00
https://nrs.objectstore.gov.bc.ca/gdwuts/094/094p/2024/dem/bc_094p079_3_1_2_xli1m_utm10_20240914_20240918.tif,200,True,,2026-08-29T19:30:03.188199+00:00
https://nrs.objectstore.gov.bc.ca/gdwuts/094/094p/2024/dem/bc_094p079_3_1_3_xli1m_utm10_20240918_20240918.tif,200,True,,2026-08-29T19:30:03.191959+00:00
https://nrs.objectstore.gov.bc.ca/gdwuts/094/094p/2024/dem/bc_094p079_3_1_4_xli1m_utm10_20240914_20240918.tif,200,True,,2026-08-29T19:30:03.201214+00:00
https://nrs.objectstore.gov.bc.ca/gdwuts/094/094p/2024/dem/bc_094p079_3_2_1_xli1m_utm10_20240914_20240918.tif,200,True,,2026-08-29T19:30:03.240463+00:00
https://nrs.objectstore.gov.bc.ca/gdwuts/094/094p/2024/dem/bc_094p079_3_2_2_xli1m_utm10_20240914_20240914.tif,200,True,,2026-08-29T19:30:03.246147+00:00
https://nrs.objectstore.gov.bc.ca/gdwuts/094/094p/2024/dem/bc_094p079_3_2_3_xli1m_utm10_20240914_20240918.tif,200,True,,2026-08-29T19:30:03.265068+00:00
https://nrs.objectstore.gov.bc.ca/gdwuts/094/094p/2024/dem/bc_094p079_3_2_4_xli1m_utm10_20240914_20240914.tif,200,True,,2026-08-29T19:30:03.254089+00:00
https://nrs.objectstore.gov.bc.ca/gdwuts/094/094p/2024/dem/bc_094p079_3_3_1_xli1m_utm10_20240918_20240918.tif,200,True,,2026-08-29T19:30:03.275169+00:00
https://nrs.objectstore.gov.bc.ca/gdwuts/094/094p/2024/dem/bc_094p079_3_3_2_xli1m_utm10_20240917_20240918.tif,200,True,,2026-08-29T19:30:03.247057+00:00
https://nrs.objectstore.gov.bc.ca/gdwuts/094/094p/2024/dem/bc_094p079_3_3_3_xli1m_utm10_20240918_20240918.tif,200,True,,2026-08-29T19:30:03.280078+00:00
https://nrs.objectstore.gov.bc.ca/gdwuts/094/094p/2024/dem/bc_094p079_3_3_4_xli1m_utm10_20240917_20240918.tif,200,True,,2026-08-29T19:30:03.322402+00:00
https://nrs.objectstore.gov.bc.ca/gdwuts/094/094p/2024/dem/bc_094p079_3_4_1_xli1m_utm10_20240914_20240918.tif,200,True,,2026-08-29T19:30:03.305594+00:00
https://nrs.objectstore.gov.bc.ca/gdwuts/094/094p/2024/dem/bc_094p079_3_4_2_xli1m_utm10_20240914_20240914.tif,200,True,,2026-08-29T19:30:03.345197+00:00
https://nrs.objectstore.gov.bc.ca/gdwuts/094/094p/2024/dem/bc_094p079_3_4_3_xli1m_utm10_20240914_20240918.tif,200,True,,2026-08-29T19:30:03.333426+00:00
https://nrs.objectstore.gov.bc.ca/gdwuts/094/094p/2024/dem/bc_094p079_3_4_4_xli1m_utm10_20240914_20240914.tif,200,True,,2026-08-29T19:30:03.354189+00:00
https://nrs.objectstore.gov.bc.ca/gdwuts/094/094p/2024/dem/bc_094p079_4_1_1_xli1m_utm10_20240914_20240914.tif,200,True,,2026-08-29T19:30:03.370224+00:00
https://nrs.objectstore.gov.bc.ca/gdwuts/094/094p/2024/dem/bc_094p079_4_1_2_xli1m_utm10_20240914_20240914.tif,200,True,,2026-08-29T19:30:03.376657+00:00
https://nrs.objectstore.gov.bc.ca/gdwuts/094/094p/2024/dem/bc_094p079_4_1_3_xli1m_utm10_20240914_20240914.tif,200,True,,2026-08-29T19:30:03.373260+00:00
https://nrs.objectstore.gov.bc.ca/gdwuts/094/094p/2024/dem/bc_094p079_4_1_4_xli1m_utm10_20240914_20240914.tif,200,True,,2026-08-29T19:30:03.381110+00:00
https://nrs.objectstore.gov.bc.ca/gdwuts/094/094p/2024/dem/bc_094p079_4_2_1_xli1m_utm10_20240706_20240914.tif,200,True,,2026-08-29T19:30:03.440311+00:00
https://nrs.objectstore.gov.bc.ca/gdwuts/094/094p/2024/dem/bc_094p079_4_2_2_xli1m_utm10_20240706_20240914.tif,200,True,,2026-08-29T19:30:03.451996+00:00
https://nrs.objectstore.gov.bc.ca/gdwuts/094/094p/2024/dem/bc_094p079_4_2_3_xli1m_utm10_20240706_20240914.tif,200,True,,2026-08-29T19:30:03.473119+00:00
https://nrs.objectstore.gov.bc.ca/gdwuts/094/094p/2024/dem/bc_094p079_4_2_4_xli1m_utm10_20240706_20240914.tif,200,True,,2026-08-29T19:30:03.450391+00:00
https://nrs.objectstore.gov.bc.ca/gdwuts/094/094p/2024/dem/bc_094p079_4_3_2_xli1m_utm10_20240914_20240914.tif,200,True,,2026-08-29T19:30:03.488288+00:00
https://nrs.objectstore.gov.bc.ca/gdwuts/094/094p/2024/dem/bc_094p079_4_3_3_xli1m_utm10_20240914_20240914.tif,200,True,,2026-08-29T19:30:03.464641+00:00
https://nrs.objectstore.gov.bc.ca/gdwuts/094/094p/2024/dem/bc_094p079_4_3_4_xli1m_utm10_20240914_20240914.tif,200,True,,2026-08-29T19:30:03.486708+00:00
https://nrs.objectstore.gov.bc.ca/gdwuts/094/094p/2024/dem/bc_094p079_4_4_1_xli1m_utm10_20240706_20240914.tif,200,True,,2026-08-29T19:30:03.488701+00:00
https://nrs.objectstore.gov.bc.ca/gdwuts/094/094p/2024/dem/bc_094p079_4_4_2_xli1m_utm10_20240706_20240914.tif,200,True,,2026-08-29T19:30:03.543359+00:00
https://nrs.objectstore.gov.bc.ca/gdwuts/094/094p/2024/dem/bc_094p079_4_4_3_xli1m_utm10_20240914_20240914.tif,200,True,,2026-08-29T19:30:03.543864+00:00
https://nrs.objectstore.gov.bc.ca/gdwuts/094/094p/2024/dem/bc_094p079_4_4_4_xli1m_utm10_20240706_20240914.tif,200,True,,2026-08-29T19:30:03.531286+00:00
https://nrs.objectstore.gov.bc.ca/gdwuts/094/094p/2024/dem/bc_094p080_1_1_1_xli1m_utm10_20240706_20240706.tif,200,True,,2026-08-29T19:30:03.573229+00:00
https://nrs.objectstore.gov.bc.ca/gdwuts/094/094p/2024/dem/bc_094p080_1_1_2_xli1m_utm10_20240706_20240706.tif,200,True,,2026-08-29T19:30:03.554384+00:00
https://nrs.objectstore.gov.bc.ca/gdwuts/094/094p/2024/dem/bc_094p080_1_1_3_xli1m_utm10_20240706_20240706.tif,200,True,,2026-08-29T19:30:03.577900+00:00
https://nrs.objectstore.gov.bc.ca/gdwuts/094/094p/2024/dem/bc_094p080_1_1_4_xli1m_utm10_20240706_20240706.tif,200,True,,2026-08-29T19:30:03.561164+00:00
https://nrs.objectstore.gov.bc.ca/gdwuts/094/094p/2024/dem/bc_094p080_1_2_1_xli1m_utm10_20240706_20240706.tif,200,True,,2026-08-29T19:30:03.603978+00:00
https://nrs.objectstore.gov.bc.ca/gdwuts/094/094p/2024/dem/bc_094p080_1_2_2_xli1m_utm10_20240706_20240706.tif,200,True,,2026-08-29T19:30:03.633259+00:00
https://nrs.objectstore.gov.bc.ca/gdwuts/094/094p/2024/dem/bc_094p080_1_2_3_xli1m_utm10_20240706_20240706.tif,200,True,,2026-08-29T19:30:03.636432+00:00
https://nrs.objectstore.gov.bc.ca/gdwuts/094/094p/2024/dem/bc_094p080_1_2_4_xli1m_utm10_20240706_20240706.tif,200,True,,2026-08-29T19:30:03.653225+00:00
https://nrs.objectstore.gov.bc.ca/gdwuts/094/094p/2024/dem/bc_094p080_1_3_1_xli1m_utm10_20240706_20240706.tif,200,True,,2026-08-29T19:30:03.668980+00:00
https://nrs.objectstore.gov.bc.ca/gdwuts/094/094p/2024/dem/bc_094p080_1_3_2_xli1m_utm10_20240706_20240706.tif,200,True,,2026-08-29T19:30:03.645530+00:00
https://nrs.objectstore.gov.bc.ca/gdwuts/094/094p/2024/dem/bc_094p080_1_3_3_xli1m_utm10_20240706_20240706.tif,200,True,,2026-08-29T19:30:03.664212+00:00
https://nrs.objectstore.gov.bc.ca/gdwuts/094/094p/2024/dem/bc_094p080_1_3_4_xli1m_utm10_20240706_20240706.tif,200,True,,2026-08-29T19:30:03.676012+00:00
https://nrs.objectstore.gov.bc.ca/gdwuts/094/094p/2024/dem/bc_094p080_1_4_1_xli1m_utm10_20240706_20240706.tif,200,True,,2026-08-29T19:30:03.687545+00:00
https://nrs.objectstore.gov.bc.ca/gdwuts/094/094p/2024/dem/bc_094p080_1_4_2_xli1m_utm10_20240706_20240706.tif,200,True,,2026-08-29T19:30:03.752128+00:00
https://nrs.objectstore.gov.bc.ca/gdwuts/094/094p/2024/dem/bc_094p080_1_4_3_xli1m_utm10_20240706_20240706.tif,200,True,,2026-08-29T19:30:03.721425+00:00
https://nrs.objectstore.gov.bc.ca/gdwuts/094/094p/2024/dem/bc_094p080_1_4_4_xli1m_utm10_20240706_20240706.tif,200,True,,2026-08-29T19:30:03.723708+00:00
https://nrs.objectstore.gov.bc.ca/gdwuts/094/094p/2024/dem/bc_094p080_2_1_1_xli1m_utm10_20240706_20240706.tif,200,True,,2026-08-29T19:30:03.789087+00:00
https://nrs.objectstore.gov.bc.ca/gdwuts/094/094p/2024/dem/bc_094p080_2_1_2_xli1m_utm10_20240706_20240706.tif,200,True,,2026-08-29T19:30:03.765175+00:00
https://nrs.objectstore.gov.bc.ca/gdwuts/094/094p/2024/dem/bc_094p080_2_1_3_xli1m_utm10_20240706_20240706.tif,200,True,,2026-08-29T19:30:03.777687+00:00
https://nrs.objectstore.gov.bc.ca/gdwuts/094/094p/2024/dem/bc_094p080_2_1_4_xli1m_utm10_20240706_20240706.tif,200,True,,2026-08-29T19:30:03.792478+00:00
https://nrs.objectstore.gov.bc.ca/gdwuts/094/094p/2024/dem/bc_094p080_2_2_1_xli1m_utm10_20240706_20240917.tif,200,True,,2026-08-29T19:30:03.827814+00:00
https://nrs.objectstore.gov.bc.ca/gdwuts/094/094p/2024/dem/bc_094p080_2_2_2_xli1m_utm10_20240706_20240917.tif,200,True,,2026-08-29T19:30:03.864750+00:00
https://nrs.objectstore.gov.bc.ca/gdwuts/094/094p/2024/dem/bc_094p080_2_2_3_xli1m_utm10_20240706_20240917.tif,200,True,,2026-08-29T19:30:03.849866+00:00
https://nrs.objectstore.gov.bc.ca/gdwuts/094/094p/2024/dem/bc_094p080_2_2_4_xli1m_utm10_20240706_20240917.tif,200,True,,2026-08-29T19:30:03.823242+00:00
https://nrs.objectstore.gov.bc.ca/gdwuts/094/094p/2024/dem/bc_094p080_2_3_1_xli1m_utm10_20240706_20240706.tif,200,True,,2026-08-29T19:30:03.878045+00:00
https://nrs.objectstore.gov.bc.ca/gdwuts/094/094p/2024/dem/bc_094p080_2_3_2_xli1m_utm10_20240706_20240706.tif,200,True,,2026-08-29T19:30:03.853745+00:00
https://nrs.objectstore.gov.bc.ca/gdwuts/094/094p/2024/dem/bc_094p080_2_3_3_xli1m_utm10_20240706_20240706.tif,200,True,,2026-08-29T19:30:03.894197+00:00
https://nrs.objectstore.gov.bc.ca/gdwuts/094/094p/2024/dem/bc_094p080_2_3_4_xli1m_utm10_20240706_20240706.tif,200,True,,2026-08-29T19:30:03.862475+00:00
https://nrs.objectstore.gov.bc.ca/gdwuts/094/094p/2024/dem/bc_094p080_2_4_1_xli1m_utm10_20240706_20240917.tif,200,True,,2026-08-29T19:30:03.888865+00:00
https://nrs.objectstore.gov.bc.ca/gdwuts/094/094p/2024/dem/bc_094p080_2_4_2_xli1m_utm10_20240706_20240917.tif,200,True,,2026-08-29T19:30:03.901169+00:00
https://nrs.objectstore.gov.bc.ca/gdwuts/094/094p/2024/dem/bc_094p080_2_4_3_xli1m_utm10_20240706_20240917.tif,200,True,,2026-08-29T19:30:03.910009+00:00
https://nrs.objectstore.gov.bc.ca/gdwuts/094/094p/2024/dem/bc_094p080_2_4_4_xli1m_utm10_20240706_20240917.tif,200,True,,2026-08-29T19:30:03.954257+00:00
https://nrs.objectstore.gov.bc.ca/gdwuts/094/094p/2024/dem/bc_094p080_3_1_1_xli1m_utm10_20240706_20240706.tif,200,True,,2026-08-29T19:30:03.958524+00:00
https://nrs.objectstore.gov.bc.ca/gdwuts/094/094p/2024/dem/bc_094p080_3_1_2_xli1m_utm10_20240706_20240706.tif,200,True,,2026-08-29T19:30:03.961215+00:00
https://nrs.objectstore.gov.bc.ca/gdwuts/094/094p/2024/dem/bc_094p080_3_1_3_xli1m_utm10_20240706_20240706.tif,200,True,,2026-08-29T19:30:03.988207+00:00
https://nrs.objectstore.gov.bc.ca/gdwuts/094/094p/2024/dem/bc_094p080_3_1_4_xli1m_utm10_20240706_20240706.tif,200,True,,2026-08-29T19:30:03.977460+00:00
https://nrs.objectstore.gov.bc.ca/gdwuts/094/094p/2024/dem/bc_094p080_3_2_1_xli1m_utm10_20240706_20240706.tif,200,True,,2026-08-29T19:30:03.991631+00:00
https://nrs.objectstore.gov.bc.ca/gdwuts/094/094p/2024/dem/bc_094p080_3_2_2_xli1m_utm10_20240706_20240706.tif,200,True,,2026-08-29T19:30:03.998875+00:00
https://nrs.objectstore.gov.bc.ca/gdwuts/094/094p/2024/dem/bc_094p080_3_2_3_xli1m_utm10_20240706_20240706.tif,200,True,,2026-08-29T19:30:04.023216+00:00
https://nrs.objectstore.gov.bc.ca/gdwuts/094/094p/2024/dem/bc_094p080_3_2_4_xli1m_utm10_20240706_20240706.tif,200,True,,2026-08-29T19:30:04.054745+00:00
https://nrs.objectstore.gov.bc.ca/gdwuts/094/094p/2024/dem/bc_094p080_3_3_1_xli1m_utm10_20240706_20240706.tif,200,True,,2026-08-29T19:30:04.060532+00:00
https://nrs.objectstore.gov.bc.ca/gdwuts/094/094p/2024/dem/bc_094p080_3_3_2_xli1m_utm10_20240706_20240706.tif,200,True,,2026-08-29T19:30:04.092221+00:00
https://nrs.objectstore.gov.bc.ca/gdwuts/094/094p/2024/dem/bc_094p080_3_3_3_xli1m_utm10_20240706_20240706.tif,200,True,,2026-08-29T19:30:04.108210+00:00
https://nrs.objectstore.gov.bc.ca/gdwuts/094/094p/2024/dem/bc_094p080_3_3_4_xli1m_utm10_20240706_20240706.tif,200,True,,2026-08-29T19:30:04.109111+00:00
https://nrs.objectstore.gov.bc.ca/gdwuts/094/094p/2024/dem/bc_094p080_3_4_1_xli1m_utm10_20240706_20240706.tif,200,True,,2026-08-29T19:30:04.099760+00:00
https://nrs.objectstore.gov.bc.ca/gdwuts/094/094p/2024/dem/bc_094p080_3_4_2_xli1m_utm10_20240706_20240706.tif,200,True,,2026-08-29T19:30:04.108672+00:00
https://nrs.objectstore.gov.bc.ca/gdwuts/094/094p/2024/dem/bc_094p080_3_4_3_xli1m_utm10_20240706_20240706.tif,200,True,,2026-08-29T19:30:04.133721+00:00
https://nrs.objectstore.gov.bc.ca/gdwuts/094/094p/2024/dem/bc_094p080_3_4_4_xli1m_utm10_20240706_20240706.tif,200,True,,2026-08-29T19:30:04.135878+00:00
https://nrs.objectstore.gov.bc.ca/gdwuts/094/094p/2024/dem/bc_094p080_4_1_1_xli1m_utm10_20240706_20240706.tif,200,True,,2026-08-29T19:30:04.145541+00:00
https://nrs.objectstore.gov.bc.ca/gdwuts/094/094p/2024/dem/bc_094p080_4_1_2_xli1m_utm10_20240706_20240706.tif,200,True,,2026-08-29T19:30:04.236576+00:00
https://nrs.objectstore.gov.bc.ca/gdwuts/094/094p/2024/dem/bc_094p080_4_1_3_xli1m_utm10_20240706_20240706.tif,200,True,,2026-08-29T19:30:04.175243+00:00
https://nrs.objectstore.gov.bc.ca/gdwuts/094/094p/2024/dem/bc_094p080_4_1_4_xli1m_utm10_20240706_20240706.tif,200,True,,2026-08-29T19:30:04.207848+00:00
https://nrs.objectstore.gov.bc.ca/gdwuts/094/094p/2024/dem/bc_094p080_4_2_1_xli1m_utm10_20240706_20240706.tif,200,True,,2026-08-29T19:30:04.213252+00:00
https://nrs.objectstore.gov.bc.ca/gdwuts/094/094p/2024/dem/bc_094p080_4_2_2_xli1m_utm10_20240706_20240917.tif,200,True,,2026-08-29T19:30:04.206273+00:00
https://nrs.objectstore.gov.bc.ca/gdwuts/094/094p/2024/dem/bc_094p080_4_2_3_xli1m_utm10_20240706_20240706.tif,200,True,,2026-08-29T19:30:04.217132+00:00
https://nrs.objectstore.gov.bc.ca/gdwuts/094/094p/2024/dem/bc_094p080_4_2_4_xli1m_utm10_20240706_20240917.tif,200,True,,2026-08-29T19:30:04.234184+00:00
https://nrs.objectstore.gov.bc.ca/gdwuts/094/094p/2024/dem/bc_094p080_4_3_1_xli1m_utm10_20240706_20240706.tif,200,True,,2026-08-29T19:30:04.240334+00:00
https://nrs.objectstore.gov.bc.ca/gdwuts/094/094p/2024/dem/bc_094p080_4_3_2_xli1m_utm10_20240706_20240706.tif,200,True,,2026-08-29T19:30:04.292869+00:00
https://nrs.objectstore.gov.bc.ca/gdwuts/094/094p/2024/dem/bc_094p080_4_3_3_xli1m_utm10_20240706_20240706.tif,200,True,,2026-08-29T19:30:04.322675+00:00
https://nrs.objectstore.gov.bc.ca/gdwuts/094/094p/2024/dem/bc_094p080_4_3_4_xli1m_utm10_20240706_20240706.tif,200,True,,2026-08-29T19:30:04.286260+00:00
https://nrs.objectstore.gov.bc.ca/gdwuts/094/094p/2024/dem/bc_094p080_4_4_1_xli1m_utm10_20240706_20240706.tif,200,True,,2026-08-29T19:30:04.309018+00:00
https://nrs.objectstore.gov.bc.ca/gdwuts/094/094p/2024/dem/bc_094p080_4_4_2_xli1m_utm10_20240706_20240917.tif,200,True,,2026-08-29T19:30:04.298846+00:00
https://nrs.objectstore.gov.bc.ca/gdwuts/094/094p/2024/dem/bc_094p080_4_4_3_xli1m_utm10_20240706_20240706.tif,200,True,,2026-08-29T19:30:04.335474+00:00
https://nrs.objectstore.gov.bc.ca/gdwuts/094/094p/2024/dem/bc_094p080_4_4_4_xli1m_utm10_20240706_20240917.tif,200,True,,2026-08-29T19:30:04.322239+00:00
https://nrs.objectstore.gov.bc.ca/gdwuts/094/094p/2024/dem/bc_094p081_2_1_2_xli1m_utm10_20240707_20250508.tif,200,True,,2026-08-29T19:30:04.327382+00:00
https://nrs.objectstore.gov.bc.ca/gdwuts/094/094p/2024/dem/bc_094p081_2_1_4_xli1m_utm10_20240707_20250508.tif,200,True,,2026-08-29T19:30:04.360502+00:00
https://nrs.objectstore.gov.bc.ca/gdwuts/094/094p/2024/dem/bc_094p081_2_2_1_xli1m_utm10_20240707_20240707.tif,200,True,,2026-08-29T19:30:04.420945+00:00
https://nrs.objectstore.gov.bc.ca/gdwuts/094/094p/2024/dem/bc_094p081_2_2_2_xli1m_utm10_20240707_20240707.tif,200,True,,2026-08-29T19:30:04.407070+00:00
https://nrs.objectstore.gov.bc.ca/gdwuts/094/094p/2024/dem/bc_094p081_2_2_3_xli1m_utm10_20240707_20240707.tif,200,True,,2026-08-29T19:30:04.392298+00:00
https://nrs.objectstore.gov.bc.ca/gdwuts/094/094p/2024/dem/bc_094p081_2_2_4_xli1m_utm10_20240707_20240707.tif,200,True,,2026-08-29T19:30:04.399289+00:00
https://nrs.objectstore.gov.bc.ca/gdwuts/094/094p/2024/dem/bc_094p081_2_3_2_xli1m_utm10_20240707_20250508.tif,200,True,,2026-08-29T19:30:04.429973+00:00
https://nrs.objectstore.gov.bc.ca/gdwuts/094/094p/2024/dem/bc_094p081_2_3_4_xli1m_utm10_20240707_20250508.tif,200,True,,2026-08-29T19:30:04.418221+00:00
https://nrs.objectstore.gov.bc.ca/gdwuts/094/094p/2024/dem/bc_094p081_2_4_1_xli1m_utm10_20240707_20240707.tif,200,True,,2026-08-29T19:30:04.437352+00:00
https://nrs.objectstore.gov.bc.ca/gdwuts/094/094p/2024/dem/bc_094p081_2_4_2_xli1m_utm10_20240707_20240707.tif,200,True,,2026-08-29T19:30:04.481374+00:00
https://nrs.objectstore.gov.bc.ca/gdwuts/094/094p/2024/dem/bc_094p081_2_4_3_xli1m_utm10_20240707_20240707.tif,200,True,,2026-08-29T19:30:04.503190+00:00
https://nrs.objectstore.gov.bc.ca/gdwuts/094/094p/2024/dem/bc_094p081_2_4_4_xli1m_utm10_20240707_20240707.tif,200,True,,2026-08-29T19:30:04.496245+00:00
https://nrs.objectstore.gov.bc.ca/gdwuts/094/094p/2024/dem/bc_094p081_4_1_2_xli1m_utm10_20240707_20250508.tif,200,True,,2026-08-29T19:30:04.492655+00:00
https://nrs.objectstore.gov.bc.ca/gdwuts/094/094p/2024/dem/bc_094p088_1_2_1_xli1m_utm10_20240919_20250506.tif,200,True,,2026-08-29T19:30:04.547725+00:00
https://nrs.objectstore.gov.bc.ca/gdwuts/094/094p/2024/dem/bc_094p088_1_2_2_xli1m_utm10_20240919_20240919.tif,200,True,,2026-08-29T19:30:04.561182+00:00
https://nrs.objectstore.gov.bc.ca/gdwuts/094/094p/2024/dem/bc_094p088_1_2_3_xli1m_utm10_20240919_20250506.tif,200,True,,2026-08-29T19:30:04.540255+00:00
https://nrs.objectstore.gov.bc.ca/gdwuts/094/094p/2024/dem/bc_094p088_1_2_4_xli1m_utm10_20240919_20240919.tif,200,True,,2026-08-29T19:30:04.545152+00:00
https://nrs.objectstore.gov.bc.ca/gdwuts/094/094p/2024/dem/bc_094p088_1_4_1_xli1m_utm10_20240919_20250506.tif,200,True,,2026-08-29T19:30:04.571402+00:00
https://nrs.objectstore.gov.bc.ca/gdwuts/094/094p/2024/dem/bc_094p088_1_4_2_xli1m_utm10_20240919_20240919.tif,200,True,,2026-08-29T19:30:04.587196+00:00
https://nrs.objectstore.gov.bc.ca/gdwuts/094/094p/2024/dem/bc_094p088_1_4_3_xli1m_utm10_20240919_20250506.tif,200,True,,2026-08-29T19:30:04.648131+00:00
https://nrs.objectstore.gov.bc.ca/gdwuts/094/094p/2024/dem/bc_094p088_1_4_4_xli1m_utm10_20240919_20240919.tif,200,True,,2026-08-29T19:30:04.637550+00:00
https://nrs.objectstore.gov.bc.ca/gdwuts/094/094p/2024/dem/bc_094p088_2_1_1_xli1m_utm10_20240919_20240919.tif,200,True,,2026-08-29T19:30:04.650031+00:00
https://nrs.objectstore.gov.bc.ca/gdwuts/094/094p/2024/dem/bc_094p088_2_1_2_xli1m_utm10_20240919_20240919.tif,200,True,,2026-08-29T19:30:04.656439+00:00
https://nrs.objectstore.gov.bc.ca/gdwuts/094/094p/2024/dem/bc_094p088_2_1_3_xli1m_utm10_20240919_20240919.tif,200,True,,2026-08-29T19:30:04.609242+00:00
https://nrs.objectstore.gov.bc.ca/gdwuts/094/094p/2024/dem/bc_094p088_2_1_4_xli1m_utm10_20240919_20240919.tif,200,True,,2026-08-29T19:30:04.631266+00:00
https://nrs.objectstore.gov.bc.ca/gdwuts/094/094p/2024/dem/bc_094p088_2_2_1_xli1m_utm10_20240918_20240919.tif,200,True,,2026-08-29T19:30:04.674212+00:00
https://nrs.objectstore.gov.bc.ca/gdwuts/094/094p/2024/dem/bc_094p088_2_2_2_xli1m_utm10_20240918_20240919.tif,200,True,,2026-08-29T19:30:04.674644+00:00
https://nrs.objectstore.gov.bc.ca/gdwuts/094/094p/2024/dem/bc_094p088_2_2_3_xli1m_utm10_20240918_20240919.tif,200,True,,2026-08-29T19:30:04.679643+00:00
https://nrs.objectstore.gov.bc.ca/gdwuts/094/094p/2024/dem/bc_094p088_2_2_4_xli1m_utm10_20240918_20240919.tif,200,True,,2026-08-29T19:30:04.702596+00:00
https://nrs.objectstore.gov.bc.ca/gdwuts/094/094p/2024/dem/bc_094p088_2_3_1_xli1m_utm10_20240919_20240919.tif,200,True,,2026-08-29T19:30:04.736637+00:00
https://nrs.objectstore.gov.bc.ca/gdwuts/094/094p/2024/dem/bc_094p088_2_3_2_xli1m_utm10_20240919_20240919.tif,200,True,,2026-08-29T19:30:04.855913+00:00
https://nrs.objectstore.gov.bc.ca/gdwuts/094/094p/2024/dem/bc_094p088_2_3_3_xli1m_utm10_20240919_20240919.tif,200,True,,2026-08-29T19:30:04.749251+00:00
https://nrs.objectstore.gov.bc.ca/gdwuts/094/094p/2024/dem/bc_094p088_2_3_4_xli1m_utm10_20240919_20240919.tif,200,True,,2026-08-29T19:30:04.739152+00:00
https://nrs.objectstore.gov.bc.ca/gdwuts/094/094p/2024/dem/bc_094p088_2_4_1_xli1m_utm10_20240919_20240919.tif,200,True,,2026-08-29T19:30:04.762206+00:00
https://nrs.objectstore.gov.bc.ca/gdwuts/094/094p/2024/dem/bc_094p088_2_4_2_xli1m_utm10_20240918_20240919.tif,200,True,,2026-08-29T19:30:04.777590+00:00
https://nrs.objectstore.gov.bc.ca/gdwuts/094/094p/2024/dem/bc_094p088_2_4_3_xli1m_utm10_20240919_20240919.tif,200,True,,2026-08-29T19:30:04.786888+00:00
https://nrs.objectstore.gov.bc.ca/gdwuts/094/094p/2024/dem/bc_094p088_2_4_4_xli1m_utm10_20240918_20240919.tif,200,True,,2026-08-29T19:30:04.809217+00:00
https://nrs.objectstore.gov.bc.ca/gdwuts/094/094p/2024/dem/bc_094p088_3_2_1_xli1m_utm10_20240919_20250506.tif,200,True,,2026-08-29T19:30:04.849579+00:00
https://nrs.objectstore.gov.bc.ca/gdwuts/094/094p/2024/dem/bc_094p088_3_2_2_xli1m_utm10_20240919_20240919.tif,200,True,,2026-08-29T19:30:04.859122+00:00
https://nrs.objectstore.gov.bc.ca/gdwuts/094/094p/2024/dem/bc_094p088_3_2_3_xli1m_utm10_20240919_20250506.tif,200,True,,2026-08-29T19:30:04.849138+00:00
https://nrs.objectstore.gov.bc.ca/gdwuts/094/094p/2024/dem/bc_094p088_3_2_4_xli1m_utm10_20240919_20240919.tif,200,True,,2026-08-29T19:30:04.871360+00:00
https://nrs.objectstore.gov.bc.ca/gdwuts/094/094p/2024/dem/bc_094p088_3_4_1_xli1m_utm10_20240919_20250506.tif,200,True,,2026-08-29T19:30:04.897188+00:00
https://nrs.objectstore.gov.bc.ca/gdwuts/094/094p/2024/dem/bc_094p088_3_4_2_xli1m_utm10_20240919_20250506.tif,200,True,,2026-08-29T19:30:04.867153+00:00
https://nrs.objectstore.gov.bc.ca/gdwuts/094/094p/2024/dem/bc_094p088_3_4_3_xli1m_utm10_20240919_20250506.tif,200,True,,2026-08-29T19:30:04.876313+00:00
https://nrs.objectstore.gov.bc.ca/gdwuts/094/094p/2024/dem/bc_094p088_3_4_4_xli1m_utm10_20240919_20250506.tif,200,True,,2026-08-29T19:30:04.887471+00:00
https://nrs.objectstore.gov.bc.ca/gdwuts/094/094p/2024/dem/bc_094p088_4_1_1_xli1m_utm10_20240919_20240919.tif,200,True,,2026-08-29T19:30:04.922220+00:00
https://nrs.objectstore.gov.bc.ca/gdwuts/094/094p/2024/dem/bc_094p088_4_1_2_xli1m_utm10_20240919_20240919.tif,200,True,,2026-08-29T19:30:04.930259+00:00
https://nrs.objectstore.gov.bc.ca/gdwuts/094/094p/2025/dem/bc_094p053_2_1_1_xli1m_utm10_20250508_20250508.tif,200,True,,2026-08-29T19:30:04.951224+00:00
https://nrs.objectstore.gov.bc.ca/gdwuts/094/094p/2025/dem/bc_094p053_2_1_2_xli1m_utm10_20250508_20250510.tif,200,True,,2026-08-29T19:30:04.933146+00:00
https://nrs.objectstore.gov.bc.ca/gdwuts/094/094p/2025/dem/bc_094p053_2_1_3_xli1m_utm10_20250508_20250508.tif,200,True,,2026-08-29T19:30:04.974142+00:00
https://nrs.objectstore.gov.bc.ca/gdwuts/094/094p/2025/dem/bc_094p053_2_1_4_xli1m_utm10_20250508_20250510.tif,200,True,,2026-08-29T19:30:04.967223+00:00
https://nrs.objectstore.gov.bc.ca/gdwuts/094/094p/2025/dem/bc_094p053_2_2_1_xli1m_utm10_20250510_20250510.tif,200,True,,2026-08-29T19:30:04.969797+00:00
https://nrs.objectstore.gov.bc.ca/gdwuts/094/094p/2025/dem/bc_094p053_2_2_2_xli1m_utm10_20250510_20250510.tif,200,True,,2026-08-29T19:30:05.037281+00:00
https://nrs.objectstore.gov.bc.ca/gdwuts/094/094p/2025/dem/bc_094p053_2_2_3_xli1m_utm10_20250510_20250510.tif,200,True,,2026-08-29T19:30:05.094679+00:00
https://nrs.objectstore.gov.bc.ca/gdwuts/094/094p/2025/dem/bc_094p053_2_2_4_xli1m_utm10_20250510_20250510.tif,200,True,,2026-08-29T19:30:05.084415+00:00
https://nrs.objectstore.gov.bc.ca/gdwuts/094/094p/2025/dem/bc_094p053_2_3_1_xli1m_utm10_20250508_20250508.tif,200,True,,2026-08-29T19:30:05.063577+00:00
https://nrs.objectstore.gov.bc.ca/gdwuts/094/094p/2025/dem/bc_094p053_2_3_2_xli1m_utm10_20250508_20250510.tif,200,True,,2026-08-29T19:30:05.066254+00:00
https://nrs.objectstore.gov.bc.ca/gdwuts/094/094p/2025/dem/bc_094p053_2_3_3_xli1m_utm10_20250508_20250508.tif,200,True,,2026-08-29T19:30:05.078108+00:00
https://nrs.objectstore.gov.bc.ca/gdwuts/094/094p/2025/dem/bc_094p053_2_3_4_xli1m_utm10_20250508_20250510.tif,200,True,,2026-08-29T19:30:05.097693+00:00
https://nrs.objectstore.gov.bc.ca/gdwuts/094/094p/2025/dem/bc_094p053_2_4_1_xli1m_utm10_20250510_20250510.tif,200,True,,2026-08-29T19:30:05.103066+00:00
https://nrs.objectstore.gov.bc.ca/gdwuts/094/094p/2025/dem/bc_094p053_2_4_2_xli1m_utm10_20250510_20250510.tif,200,True,,2026-08-29T19:30:05.143282+00:00
https://nrs.objectstore.gov.bc.ca/gdwuts/094/094p/2025/dem/bc_094p053_2_4_3_xli1m_utm10_20250510_20250510.tif,200,True,,2026-08-29T19:30:05.162525+00:00
https://nrs.objectstore.gov.bc.ca/gdwuts/094/094p/2025/dem/bc_094p053_2_4_4_xli1m_utm10_20250510_20250510.tif,200,True,,2026-08-29T19:30:05.146155+00:00
https://nrs.objectstore.gov.bc.ca/gdwuts/094/094p/2025/dem/bc_094p053_4_1_1_xli1m_utm10_20250508_20250508.tif,200,True,,2026-08-29T19:30:05.167067+00:00
https://nrs.objectstore.gov.bc.ca/gdwuts/094/094p/2025/dem/bc_094p053_4_1_2_xli1m_utm10_20250508_20250510.tif,200,True,,2026-08-29T19:30:05.177621+00:00
https://nrs.objectstore.gov.bc.ca/gdwuts/094/094p/2025/dem/bc_094p053_4_1_3_xli1m_utm10_20250508_20251013.tif,200,True,,2026-08-29T19:30:05.183461+00:00
https://nrs.objectstore.gov.bc.ca/gdwuts/094/094p/2025/dem/bc_094p053_4_1_4_xli1m_utm10_20250508_20251013.tif,200,True,,2026-08-29T19:30:05.152291+00:00
https://nrs.objectstore.gov.bc.ca/gdwuts/094/094p/2025/dem/bc_094p053_4_2_1_xli1m_utm10_20250510_20250510.tif,200,True,,2026-08-29T19:30:05.186935+00:00
https://nrs.objectstore.gov.bc.ca/gdwuts/094/094p/2025/dem/bc_094p053_4_2_2_xli1m_utm10_20250510_20250510.tif,200,True,,2026-08-29T19:30:05.203256+00:00
https://nrs.objectstore.gov.bc.ca/gdwuts/094/094p/2025/dem/bc_094p053_4_2_3_xli1m_utm10_20250510_20250510.tif,200,True,,2026-08-29T19:30:05.220603+00:00
https://nrs.objectstore.gov.bc.ca/gdwuts/094/094p/2025/dem/bc_094p053_4_2_4_xli1m_utm10_20250510_20250510.tif,200,True,,2026-08-29T19:30:05.233116+00:00
https://nrs.objectstore.gov.bc.ca/gdwuts/094/094p/2025/dem/bc_094p053_4_3_1_xli1m_utm10_20250508_20251013.tif,200,True,,2026-08-29T19:30:05.265270+00:00
https://nrs.objectstore.gov.bc.ca/gdwuts/094/094p/2025/dem/bc_094p053_4_3_2_xli1m_utm10_20250508_20251013.tif,200,True,,2026-08-29T19:30:05.297147+00:00
https://nrs.objectstore.gov.bc.ca/gdwuts/094/094p/2025/dem/bc_094p053_4_3_3_xli1m_utm10_20250508_20251013.tif,200,True,,2026-08-29T19:30:05.301822+00:00
https://nrs.objectstore.gov.bc.ca/gdwuts/094/094p/2025/dem/bc_094p053_4_3_4_xli1m_utm10_20250508_20251013.tif,200,True,,2026-08-29T19:30:05.294139+00:00
https://nrs.objectstore.gov.bc.ca/gdwuts/094/094p/2025/dem/bc_094p053_4_4_1_xli1m_utm10_20250510_20250510.tif,200,True,,2026-08-29T19:30:05.292503+00:00
https://nrs.objectstore.gov.bc.ca/gdwuts/094/094p/2025/dem/bc_094p053_4_4_2_xli1m_utm10_20250510_20250510.tif,200,True,,2026-08-29T19:30:05.368256+00:00
https://nrs.objectstore.gov.bc.ca/gdwuts/094/094p/2025/dem/bc_094p053_4_4_3_xli1m_utm10_20250510_20251013.tif,200,True,,2026-08-29T19:30:05.336674+00:00
https://nrs.objectstore.gov.bc.ca/gdwuts/094/094p/2025/dem/bc_094p053_4_4_4_xli1m_utm10_20250510_20250510.tif,200,True,,2026-08-29T19:30:05.424671+00:00
https://nrs.objectstore.gov.bc.ca/gdwuts/094/094p/2025/dem/bc_094p054_1_1_1_xli1m_utm10_20250509_20250510.tif,200,True,,2026-08-29T19:30:05.398837+00:00
https://nrs.objectstore.gov.bc.ca/gdwuts/094/094p/2025/dem/bc_094p054_1_1_2_xli1m_utm10_20250509_20250510.tif,200,True,,2026-08-29T19:30:05.349733+00:00
https://nrs.objectstore.gov.bc.ca/gdwuts/094/094p/2025/dem/bc_094p054_1_1_3_xli1m_utm10_20250510_20250510.tif,200,True,,2026-08-29T19:30:05.413205+00:00
https://nrs.objectstore.gov.bc.ca/gdwuts/094/094p/2025/dem/bc_094p054_1_1_4_xli1m_utm10_20250509_20250510.tif,200,True,,2026-08-29T19:30:05.381488+00:00
https://nrs.objectstore.gov.bc.ca/gdwuts/094/094p/2025/dem/bc_094p054_1_2_1_xli1m_utm10_20250509_20250509.tif,200,True,,2026-08-29T19:30:05.377213+00:00
https://nrs.objectstore.gov.bc.ca/gdwuts/094/094p/2025/dem/bc_094p054_1_2_2_xli1m_utm10_20250509_20250509.tif,200,True,,2026-08-29T19:30:05.416741+00:00
https://nrs.objectstore.gov.bc.ca/gdwuts/094/094p/2025/dem/bc_094p054_1_2_3_xli1m_utm10_20250509_20250509.tif,200,True,,2026-08-29T19:30:05.416167+00:00
https://nrs.objectstore.gov.bc.ca/gdwuts/094/094p/2025/dem/bc_094p054_1_2_4_xli1m_utm10_20250509_20250509.tif,200,True,,2026-08-29T19:30:05.450039+00:00
https://nrs.objectstore.gov.bc.ca/gdwuts/094/094p/2025/dem/bc_094p054_1_3_1_xli1m_utm10_20250510_20250510.tif,200,True,,2026-08-29T19:30:05.447253+00:00
https://nrs.objectstore.gov.bc.ca/gdwuts/094/094p/2025/dem/bc_094p054_1_3_2_xli1m_utm10_20250509_20250510.tif,200,True,,2026-08-29T19:30:05.486180+00:00
https://nrs.objectstore.gov.bc.ca/gdwuts/094/094p/2025/dem/bc_094p054_1_3_3_xli1m_utm10_20250510_20250510.tif,200,True,,2026-08-29T19:30:05.460192+00:00
https://nrs.objectstore.gov.bc.ca/gdwuts/094/094p/2025/dem/bc_094p054_1_3_4_xli1m_utm10_20250509_20250510.tif,200,True,,2026-08-29T19:30:05.480235+00:00
https://nrs.objectstore.gov.bc.ca/gdwuts/094/094p/2025/dem/bc_094p054_1_4_1_xli1m_utm10_20250509_20250509.tif,200,True,,2026-08-29T19:30:05.494700+00:00
https://nrs.objectstore.gov.bc.ca/gdwuts/094/094p/2025/dem/bc_094p054_1_4_2_xli1m_utm10_20250509_20250509.tif,200,True,,2026-08-29T19:30:05.525050+00:00
https://nrs.objectstore.gov.bc.ca/gdwuts/094/094p/2025/dem/bc_094p054_1_4_3_xli1m_utm10_20250509_20250509.tif,200,True,,2026-08-29T19:30:05.523444+00:00
https://nrs.objectstore.gov.bc.ca/gdwuts/094/094p/2025/dem/bc_094p054_1_4_4_xli1m_utm10_20250509_20250509.tif,200,True,,2026-08-29T19:30:05.565024+00:00
https://nrs.objectstore.gov.bc.ca/gdwuts/094/094p/2025/dem/bc_094p054_2_1_1_xli1m_utm10_20250509_20251013.tif,200,True,,2026-08-29T19:30:05.564573+00:00
https://nrs.objectstore.gov.bc.ca/gdwuts/094/094p/2025/dem/bc_094p054_2_1_2_xli1m_utm10_20250510_20251015.tif,200,True,,2026-08-29T19:30:05.600276+00:00
https://nrs.objectstore.gov.bc.ca/gdwuts/094/094p/2025/dem/bc_094p054_2_1_3_xli1m_utm10_20250509_20251013.tif,200,True,,2026-08-29T19:30:05.612113+00:00
https://nrs.objectstore.gov.bc.ca/gdwuts/094/094p/2025/dem/bc_094p054_2_1_4_xli1m_utm10_20250510_20251015.tif,200,True,,2026-08-29T19:30:05.642051+00:00
https://nrs.objectstore.gov.bc.ca/gdwuts/094/094p/2025/dem/bc_094p054_2_2_1_xli1m_utm10_20251014_20251015.tif,200,True,,2026-08-29T19:30:05.644987+00:00
https://nrs.objectstore.gov.bc.ca/gdwuts/094/094p/2025/dem/bc_094p054_2_2_2_xli1m_utm10_20250509_20251014.tif,200,True,,2026-08-29T19:30:05.637038+00:00
https://nrs.objectstore.gov.bc.ca/gdwuts/094/094p/2025/dem/bc_094p054_2_2_3_xli1m_utm10_20251014_20251015.tif,200,True,,2026-08-29T19:30:05.607589+00:00
https://nrs.objectstore.gov.bc.ca/gdwuts/094/094p/2025/dem/bc_094p054_2_2_4_xli1m_utm10_20250509_20251014.tif,200,True,,2026-08-29T19:30:05.671387+00:00
https://nrs.objectstore.gov.bc.ca/gdwuts/094/094p/2025/dem/bc_094p054_2_3_1_xli1m_utm10_20250509_20251013.tif,200,True,,2026-08-29T19:30:05.707169+00:00
https://nrs.objectstore.gov.bc.ca/gdwuts/094/094p/2025/dem/bc_094p054_2_3_2_xli1m_utm10_20250510_20251015.tif,200,True,,2026-08-29T19:30:05.688040+00:00
https://nrs.objectstore.gov.bc.ca/gdwuts/094/094p/2025/dem/bc_094p054_2_3_3_xli1m_utm10_20250509_20251013.tif,200,True,,2026-08-29T19:30:05.695229+00:00
https://nrs.objectstore.gov.bc.ca/gdwuts/094/094p/2025/dem/bc_094p054_2_3_4_xli1m_utm10_20250510_20251015.tif,200,True,,2026-08-29T19:30:05.709715+00:00
https://nrs.objectstore.gov.bc.ca/gdwuts/094/094p/2025/dem/bc_094p054_2_4_1_xli1m_utm10_20251014_20251015.tif,200,True,,2026-08-29T19:30:05.690604+00:00
https://nrs.objectstore.gov.bc.ca/gdwuts/094/094p/2025/dem/bc_094p054_2_4_2_xli1m_utm10_20250509_20251014.tif,200,True,,2026-08-29T19:30:05.724277+00:00
https://nrs.objectstore.gov.bc.ca/gdwuts/094/094p/2025/dem/bc_094p054_2_4_3_xli1m_utm10_20251014_20251015.tif,200,True,,2026-08-29T19:30:05.714666+00:00
https://nrs.objectstore.gov.bc.ca/gdwuts/094/094p/2025/dem/bc_094p054_2_4_4_xli1m_utm10_20251014_20251014.tif,200,True,,2026-08-29T19:30:05.747350+00:00
https://nrs.objectstore.gov.bc.ca/gdwuts/094/094p/2025/dem/bc_094p054_3_1_1_xli1m_utm10_20250510_20250510.tif,200,True,,2026-08-29T19:30:05.749083+00:00
https://nrs.objectstore.gov.bc.ca/gdwuts/094/094p/2025/dem/bc_094p054_3_1_2_xli1m_utm10_20250509_20250510.tif,200,True,,2026-08-29T19:30:05.772166+00:00
https://nrs.objectstore.gov.bc.ca/gdwuts/094/094p/2025/dem/bc_094p054_3_1_3_xli1m_utm10_20250510_20250510.tif,200,True,,2026-08-29T19:30:05.802653+00:00
https://nrs.objectstore.gov.bc.ca/gdwuts/094/094p/2025/dem/bc_094p054_3_1_4_xli1m_utm10_20250509_20250510.tif,200,True,,2026-08-29T19:30:05.808407+00:00
https://nrs.objectstore.gov.bc.ca/gdwuts/094/094p/2025/dem/bc_094p054_3_2_1_xli1m_utm10_20250509_20250509.tif,200,True,,2026-08-29T19:30:05.832671+00:00
https://nrs.objectstore.gov.bc.ca/gdwuts/094/094p/2025/dem/bc_094p054_3_2_2_xli1m_utm10_20250509_20250509.tif,200,True,,2026-08-29T19:30:05.828485+00:00
https://nrs.objectstore.gov.bc.ca/gdwuts/094/094p/2025/dem/bc_094p054_3_2_3_xli1m_utm10_20250509_20250509.tif,200,True,,2026-08-29T19:30:05.825303+00:00
https://nrs.objectstore.gov.bc.ca/gdwuts/094/094p/2025/dem/bc_094p054_3_2_4_xli1m_utm10_20250509_20250509.tif,200,True,,2026-08-29T19:30:05.843252+00:00
https://nrs.objectstore.gov.bc.ca/gdwuts/094/094p/2025/dem/bc_094p054_3_3_1_xli1m_utm10_20250510_20250510.tif,200,True,,2026-08-29T19:30:05.921189+00:00
https://nrs.objectstore.gov.bc.ca/gdwuts/094/094p/2025/dem/bc_094p054_3_3_2_xli1m_utm10_20250509_20250510.tif,200,True,,2026-08-29T19:30:05.865239+00:00
https://nrs.objectstore.gov.bc.ca/gdwuts/094/094p/2025/dem/bc_094p054_3_3_3_xli1m_utm10_20250510_20250510.tif,200,True,,2026-08-29T19:30:05.913691+00:00
https://nrs.objectstore.gov.bc.ca/gdwuts/094/094p/2025/dem/bc_094p054_3_3_4_xli1m_utm10_20250509_20250510.tif,200,True,,2026-08-29T19:30:05.946523+00:00
https://nrs.objectstore.gov.bc.ca/gdwuts/094/094p/2025/dem/bc_094p054_3_4_1_xli1m_utm10_20250509_20250509.tif,200,True,,2026-08-29T19:30:06.119104+00:00
https://nrs.objectstore.gov.bc.ca/gdwuts/094/094p/2025/dem/bc_094p054_3_4_2_xli1m_utm10_20250509_20250509.tif,200,True,,2026-08-29T19:30:05.940443+00:00
https://nrs.objectstore.gov.bc.ca/gdwuts/094/094p/2025/dem/bc_094p054_3_4_3_xli1m_utm10_20250509_20250509.tif,200,True,,2026-08-29T19:30:05.928764+00:00
https://nrs.objectstore.gov.bc.ca/gdwuts/094/094p/2025/dem/bc_094p054_3_4_4_xli1m_utm10_20250509_20250509.tif,200,True,,2026-08-29T19:30:05.944189+00:00
https://nrs.objectstore.gov.bc.ca/gdwuts/094/094p/2025/dem/bc_094p054_4_1_1_xli1m_utm10_20250509_20251013.tif,200,True,,2026-08-29T19:30:05.982402+00:00
https://nrs.objectstore.gov.bc.ca/gdwuts/094/094p/2025/dem/bc_094p054_4_1_2_xli1m_utm10_20250510_20251015.tif,200,True,,2026-08-29T19:30:05.999164+00:00
https://nrs.objectstore.gov.bc.ca/gdwuts/094/094p/2025/dem/bc_094p054_4_1_3_xli1m_utm10_20250509_20251013.tif,200,True,,2026-08-29T19:30:05.995231+00:00
https://nrs.objectstore.gov.bc.ca/gdwuts/094/094p/2025/dem/bc_094p054_4_1_4_xli1m_utm10_20250510_20251015.tif,200,True,,2026-08-29T19:30:06.006354+00:00
https://nrs.objectstore.gov.bc.ca/gdwuts/094/094p/2025/dem/bc_094p054_4_2_1_xli1m_utm10_20251014_20251015.tif,200,True,,2026-08-29T19:30:06.035724+00:00
https://nrs.objectstore.gov.bc.ca/gdwuts/094/094p/2025/dem/bc_094p054_4_2_2_xli1m_utm10_20251014_20251014.tif,200,True,,2026-08-29T19:30:06.023289+00:00
https://nrs.objectstore.gov.bc.ca/gdwuts/094/094p/2025/dem/bc_094p054_4_2_3_xli1m_utm10_20251014_20251015.tif,200,True,,2026-08-29T19:30:06.026247+00:00
https://nrs.objectstore.gov.bc.ca/gdwuts/094/094p/2025/dem/bc_094p054_4_2_4_xli1m_utm10_20251014_20251014.tif,200,True,,2026-08-29T19:30:06.028765+00:00
https://nrs.objectstore.gov.bc.ca/gdwuts/094/094p/2025/dem/bc_094p054_4_3_1_xli1m_utm10_20250509_20251013.tif,200,True,,2026-08-29T19:30:06.058650+00:00
https://nrs.objectstore.gov.bc.ca/gdwuts/094/094p/2025/dem/bc_094p054_4_3_2_xli1m_utm10_20250510_20251015.tif,200,True,,2026-08-29T19:30:06.098253+00:00
https://nrs.objectstore.gov.bc.ca/gdwuts/094/094p/2025/dem/bc_094p054_4_3_3_xli1m_utm10_20250509_20251013.tif,200,True,,2026-08-29T19:30:06.077818+00:00
https://nrs.objectstore.gov.bc.ca/gdwuts/094/094p/2025/dem/bc_094p054_4_3_4_xli1m_utm10_20250510_20251015.tif,200,True,,2026-08-29T19:30:06.152909+00:00
https://nrs.objectstore.gov.bc.ca/gdwuts/094/094p/2025/dem/bc_094p054_4_4_1_xli1m_utm10_20251014_20251015.tif,200,True,,2026-08-29T19:30:06.127585+00:00
https://nrs.objectstore.gov.bc.ca/gdwuts/094/094p/2025/dem/bc_094p054_4_4_2_xli1m_utm10_20251014_20251014.tif,200,True,,2026-08-29T19:30:06.153370+00:00
https://nrs.objectstore.gov.bc.ca/gdwuts/094/094p/2025/dem/bc_094p054_4_4_3_xli1m_utm10_20251014_20251015.tif,200,True,,2026-08-29T19:30:06.125368+00:00
https://nrs.objectstore.gov.bc.ca/gdwuts/094/094p/2025/dem/bc_094p054_4_4_4_xli1m_utm10_20251014_20251014.tif,200,True,,2026-08-29T19:30:06.156210+00:00
https://nrs.objectstore.gov.bc.ca/gdwuts/094/094p/2025/dem/bc_094p055_1_1_1_xli1m_utm10_20250509_20251014.tif,200,True,,2026-08-29T19:30:06.188253+00:00
https://nrs.objectstore.gov.bc.ca/gdwuts/094/094p/2025/dem/bc_094p055_1_1_2_xli1m_utm10_20250509_20251014.tif,200,True,,2026-08-29T19:30:06.190021+00:00
https://nrs.objectstore.gov.bc.ca/gdwuts/094/094p/2025/dem/bc_094p055_1_1_3_xli1m_utm10_20250509_20251014.tif,200,True,,2026-08-29T19:30:06.198170+00:00
https://nrs.objectstore.gov.bc.ca/gdwuts/094/094p/2025/dem/bc_094p055_1_1_4_xli1m_utm10_20250509_20251014.tif,200,True,,2026-08-29T19:30:06.221878+00:00
https://nrs.objectstore.gov.bc.ca/gdwuts/094/094p/2025/dem/bc_094p055_1_2_1_xli1m_utm10_20251014_20251014.tif,200,True,,2026-08-29T19:30:06.250494+00:00
https://nrs.objectstore.gov.bc.ca/gdwuts/094/094p/2025/dem/bc_094p055_1_2_2_xli1m_utm10_20250509_20251014.tif,200,True,,2026-08-29T19:30:06.239252+00:00
https://nrs.objectstore.gov.bc.ca/gdwuts/094/094p/2025/dem/bc_094p055_1_2_3_xli1m_utm10_20251014_20251014.tif,200,True,,2026-08-29T19:30:06.239678+00:00
https://nrs.objectstore.gov.bc.ca/gdwuts/094/094p/2025/dem/bc_094p055_1_2_4_xli1m_utm10_20250509_20251014.tif,200,True,,2026-08-29T19:30:06.259901+00:00
https://nrs.objectstore.gov.bc.ca/gdwuts/094/094p/2025/dem/bc_094p055_1_3_1_xli1m_utm10_20250509_20251014.tif,200,True,,2026-08-29T19:30:06.265819+00:00
https://nrs.objectstore.gov.bc.ca/gdwuts/094/094p/2025/dem/bc_094p055_1_3_2_xli1m_utm10_20250509_20251014.tif,200,True,,2026-08-29T19:30:06.285432+00:00
https://nrs.objectstore.gov.bc.ca/gdwuts/094/094p/2025/dem/bc_094p055_1_3_3_xli1m_utm10_20250509_20251014.tif,200,True,,2026-08-29T19:30:06.327210+00:00
https://nrs.objectstore.gov.bc.ca/gdwuts/094/094p/2025/dem/bc_094p055_1_3_4_xli1m_utm10_20250509_20251014.tif,200,True,,2026-08-29T19:30:06.320131+00:00
https://nrs.objectstore.gov.bc.ca/gdwuts/094/094p/2025/dem/bc_094p055_1_4_1_xli1m_utm10_20251014_20251014.tif,200,True,,2026-08-29T19:30:06.320598+00:00
https://nrs.objectstore.gov.bc.ca/gdwuts/094/094p/2025/dem/bc_094p055_1_4_2_xli1m_utm10_20250509_20251014.tif,200,True,,2026-08-29T19:30:06.350973+00:00
https://nrs.objectstore.gov.bc.ca/gdwuts/094/094p/2025/dem/bc_094p055_1_4_3_xli1m_utm10_20251014_20251014.tif,200,True,,2026-08-29T19:30:06.358662+00:00
https://nrs.objectstore.gov.bc.ca/gdwuts/094/094p/2025/dem/bc_094p055_1_4_4_xli1m_utm10_20250509_20251014.tif,200,True,,2026-08-29T19:30:06.354414+00:00
https://nrs.objectstore.gov.bc.ca/gdwuts/094/094p/2025/dem/bc_094p055_2_1_1_xli1m_utm10_20250509_20251014.tif,200,True,,2026-08-29T19:30:06.393203+00:00
https://nrs.objectstore.gov.bc.ca/gdwuts/094/094p/2025/dem/bc_094p055_2_1_2_xli1m_utm10_20250509_20251014.tif,200,True,,2026-08-29T19:30:06.416044+00:00
https://nrs.objectstore.gov.bc.ca/gdwuts/094/094p/2025/dem/bc_094p055_2_1_3_xli1m_utm10_20250509_20251014.tif,200,True,,2026-08-29T19:30:06.384951+00:00
https://nrs.objectstore.gov.bc.ca/gdwuts/094/094p/2025/dem/bc_094p055_2_1_4_xli1m_utm10_20250509_20251014.tif,200,True,,2026-08-29T19:30:06.443402+00:00
https://nrs.objectstore.gov.bc.ca/gdwuts/094/094p/2025/dem/bc_094p055_2_2_1_xli1m_utm10_20250509_20250509.tif,200,True,,2026-08-29T19:30:06.434803+00:00
https://nrs.objectstore.gov.bc.ca/gdwuts/094/094p/2025/dem/bc_094p055_2_2_2_xli1m_utm10_20250509_20250509.tif,200,True,,2026-08-29T19:30:06.428286+00:00
https://nrs.objectstore.gov.bc.ca/gdwuts/094/094p/2025/dem/bc_094p055_2_2_3_xli1m_utm10_20250509_20250509.tif,200,True,,2026-08-29T19:30:06.456190+00:00
https://nrs.objectstore.gov.bc.ca/gdwuts/094/094p/2025/dem/bc_094p055_2_2_4_xli1m_utm10_20250509_20250509.tif,200,True,,2026-08-29T19:30:06.460164+00:00
https://nrs.objectstore.gov.bc.ca/gdwuts/094/094p/2025/dem/bc_094p055_2_3_1_xli1m_utm10_20250509_20251014.tif,200,True,,2026-08-29T19:30:06.524065+00:00
https://nrs.objectstore.gov.bc.ca/gdwuts/094/094p/2025/dem/bc_094p055_2_3_2_xli1m_utm10_20250509_20251014.tif,200,True,,2026-08-29T19:30:06.478490+00:00
https://nrs.objectstore.gov.bc.ca/gdwuts/094/094p/2025/dem/bc_094p055_2_3_3_xli1m_utm10_20250509_20251014.tif,200,True,,2026-08-29T19:30:06.503175+00:00
https://nrs.objectstore.gov.bc.ca/gdwuts/094/094p/2025/dem/bc_094p055_2_3_4_xli1m_utm10_20250509_20251014.tif,200,True,,2026-08-29T19:30:06.541416+00:00
https://nrs.objectstore.gov.bc.ca/gdwuts/094/094p/2025/dem/bc_094p055_2_4_1_xli1m_utm10_20250509_20251014.tif,200,True,,2026-08-29T19:30:06.533873+00:00
https://nrs.objectstore.gov.bc.ca/gdwuts/094/094p/2025/dem/bc_094p055_2_4_2_xli1m_utm10_20250509_20250509.tif,200,True,,2026-08-29T19:30:06.561168+00:00
https://nrs.objectstore.gov.bc.ca/gdwuts/094/094p/2025/dem/bc_094p055_2_4_3_xli1m_utm10_20250509_20251014.tif,200,True,,2026-08-29T19:30:06.569154+00:00
https://nrs.objectstore.gov.bc.ca/gdwuts/094/094p/2025/dem/bc_094p055_2_4_4_xli1m_utm10_20250509_20250509.tif,200,True,,2026-08-29T19:30:06.548039+00:00
https://nrs.objectstore.gov.bc.ca/gdwuts/094/094p/2025/dem/bc_094p055_3_1_1_xli1m_utm10_20250509_20251014.tif,200,True,,2026-08-29T19:30:06.567462+00:00
https://nrs.objectstore.gov.bc.ca/gdwuts/094/094p/2025/dem/bc_094p055_3_1_2_xli1m_utm10_20250509_20251014.tif,200,True,,2026-08-29T19:30:06.572188+00:00
https://nrs.objectstore.gov.bc.ca/gdwuts/094/094p/2025/dem/bc_094p055_3_1_3_xli1m_utm10_20250509_20251014.tif,200,True,,2026-08-29T19:30:06.710755+00:00
https://nrs.objectstore.gov.bc.ca/gdwuts/094/094p/2025/dem/bc_094p055_3_1_4_xli1m_utm10_20250509_20251014.tif,200,True,,2026-08-29T19:30:06.626371+00:00
https://nrs.objectstore.gov.bc.ca/gdwuts/094/094p/2025/dem/bc_094p055_3_2_1_xli1m_utm10_20251014_20251014.tif,200,True,,2026-08-29T19:30:06.646711+00:00
https://nrs.objectstore.gov.bc.ca/gdwuts/094/094p/2025/dem/bc_094p055_3_2_2_xli1m_utm10_20250509_20251014.tif,200,True,,2026-08-29T19:30:06.646267+00:00
https://nrs.objectstore.gov.bc.ca/gdwuts/094/094p/2025/dem/bc_094p055_3_2_3_xli1m_utm10_20251014_20251014.tif,200,True,,2026-08-29T19:30:06.635196+00:00
https://nrs.objectstore.gov.bc.ca/gdwuts/094/094p/2025/dem/bc_094p055_3_2_4_xli1m_utm10_20250509_20251014.tif,200,True,,2026-08-29T19:30:06.638163+00:00
https://nrs.objectstore.gov.bc.ca/gdwuts/094/094p/2025/dem/bc_094p055_3_3_1_xli1m_utm10_20250509_20251014.tif,200,True,,2026-08-29T19:30:06.711239+00:00
https://nrs.objectstore.gov.bc.ca/gdwuts/094/094p/2025/dem/bc_094p055_3_3_2_xli1m_utm10_20250509_20251014.tif,200,True,,2026-08-29T19:30:06.683715+00:00
https://nrs.objectstore.gov.bc.ca/gdwuts/094/094p/2025/dem/bc_094p055_3_3_3_xli1m_utm10_20250509_20251014.tif,200,True,,2026-08-29T19:30:06.706253+00:00
https://nrs.objectstore.gov.bc.ca/gdwuts/094/094p/2025/dem/bc_094p055_3_3_4_xli1m_utm10_20250509_20251014.tif,200,True,,2026-08-29T19:30:06.725221+00:00
https://nrs.objectstore.gov.bc.ca/gdwuts/094/094p/2025/dem/bc_094p055_3_4_1_xli1m_utm10_20251014_20251014.tif,200,True,,2026-08-29T19:30:06.759190+00:00
https://nrs.objectstore.gov.bc.ca/gdwuts/094/094p/2025/dem/bc_094p055_3_4_2_xli1m_utm10_20250509_20251014.tif,200,True,,2026-08-29T19:30:06.747265+00:00
https://nrs.objectstore.gov.bc.ca/gdwuts/094/094p/2025/dem/bc_094p055_3_4_3_xli1m_utm10_20251014_20251014.tif,200,True,,2026-08-29T19:30:06.744164+00:00
https://nrs.objectstore.gov.bc.ca/gdwuts/094/094p/2025/dem/bc_094p055_3_4_4_xli1m_utm10_20251014_20251014.tif,200,True,,2026-08-29T19:30:06.776231+00:00
https://nrs.objectstore.gov.bc.ca/gdwuts/094/094p/2025/dem/bc_094p055_4_1_1_xli1m_utm10_20250509_20251014.tif,200,True,,2026-08-29T19:30:06.781206+00:00
https://nrs.objectstore.gov.bc.ca/gdwuts/094/094p/2025/dem/bc_094p055_4_1_2_xli1m_utm10_20250509_20251014.tif,200,True,,2026-08-29T19:30:06.753173+00:00
https://nrs.objectstore.gov.bc.ca/gdwuts/094/094p/2025/dem/bc_094p055_4_1_3_xli1m_utm10_20250509_20251014.tif,200,True,,2026-08-29T19:30:06.803267+00:00
https://nrs.objectstore.gov.bc.ca/gdwuts/094/094p/2025/dem/bc_094p055_4_1_4_xli1m_utm10_20250509_20251014.tif,200,True,,2026-08-29T19:30:06.817732+00:00
https://nrs.objectstore.gov.bc.ca/gdwuts/094/094p/2025/dem/bc_094p055_4_2_1_xli1m_utm10_20250509_20251014.tif,200,True,,2026-08-29T19:30:06.831305+00:00
https://nrs.objectstore.gov.bc.ca/gdwuts/094/094p/2025/dem/bc_094p055_4_2_2_xli1m_utm10_20250509_20250509.tif,200,True,,2026-08-29T19:30:06.836071+00:00
https://nrs.objectstore.gov.bc.ca/gdwuts/094/094p/2025/dem/bc_094p055_4_2_3_xli1m_utm10_20250509_20251014.tif,200,True,,2026-08-29T19:30:06.845536+00:00
https://nrs.objectstore.gov.bc.ca/gdwuts/094/094p/2025/dem/bc_094p055_4_2_4_xli1m_utm10_20250509_20250509.tif,200,True,,2026-08-29T19:30:06.924711+00:00
https://nrs.objectstore.gov.bc.ca/gdwuts/094/094p/2025/dem/bc_094p055_4_3_1_xli1m_utm10_20250509_20251014.tif,200,True,,2026-08-29T19:30:06.887055+00:00
https://nrs.objectstore.gov.bc.ca/gdwuts/094/094p/2025/dem/bc_094p055_4_3_2_xli1m_utm10_20250509_20251014.tif,200,True,,2026-08-29T19:30:06.906098+00:00
https://nrs.objectstore.gov.bc.ca/gdwuts/094/094p/2025/dem/bc_094p055_4_3_3_xli1m_utm10_20250509_20251014.tif,200,True,,2026-08-29T19:30:06.898209+00:00
https://nrs.objectstore.gov.bc.ca/gdwuts/094/094p/2025/dem/bc_094p055_4_3_4_xli1m_utm10_20250509_20251014.tif,200,True,,2026-08-29T19:30:06.914685+00:00
https://nrs.objectstore.gov.bc.ca/gdwuts/094/094p/2025/dem/bc_094p055_4_4_1_xli1m_utm10_20250509_20251014.tif,200,True,,2026-08-29T19:30:06.977233+00:00
https://nrs.objectstore.gov.bc.ca/gdwuts/094/094p/2025/dem/bc_094p055_4_4_2_xli1m_utm10_20250509_20250509.tif,200,True,,2026-08-29T19:30:06.941148+00:00
https://nrs.objectstore.gov.bc.ca/gdwuts/094/094p/2025/dem/bc_094p055_4_4_3_xli1m_utm10_20250509_20251014.tif,200,True,,2026-08-29T19:30:06.977656+00:00
https://nrs.objectstore.gov.bc.ca/gdwuts/094/094p/2025/dem/bc_094p055_4_4_4_xli1m_utm10_20250509_20250509.tif,200,True,,2026-08-29T19:30:06.937224+00:00
https://nrs.objectstore.gov.bc.ca/gdwuts/094/094p/2025/dem/bc_094p056_1_1_1_xli1m_utm10_20250507_20250509.tif,200,True,,2026-08-29T19:30:07.004205+00:00
https://nrs.objectstore.gov.bc.ca/gdwuts/094/094p/2025/dem/bc_094p056_1_1_2_xli1m_utm10_20250507_20250507.tif,200,True,,2026-08-29T19:30:06.984965+00:00
https://nrs.objectstore.gov.bc.ca/gdwuts/094/094p/2025/dem/bc_094p056_1_1_3_xli1m_utm10_20250507_20250509.tif,200,True,,2026-08-29T19:30:06.990722+00:00
https://nrs.objectstore.gov.bc.ca/gdwuts/094/094p/2025/dem/bc_094p056_1_1_4_xli1m_utm10_20250507_20250507.tif,200,True,,2026-08-29T19:30:07.021873+00:00
https://nrs.objectstore.gov.bc.ca/gdwuts/094/094p/2025/dem/bc_094p056_1_2_1_xli1m_utm10_20250507_20250507.tif,200,True,,2026-08-29T19:30:07.031143+00:00
https://nrs.objectstore.gov.bc.ca/gdwuts/094/094p/2025/dem/bc_094p056_1_2_2_xli1m_utm10_20250507_20250507.tif,200,True,,2026-08-29T19:30:07.018887+00:00
https://nrs.objectstore.gov.bc.ca/gdwuts/094/094p/2025/dem/bc_094p056_1_2_3_xli1m_utm10_20250507_20250507.tif,200,True,,2026-08-29T19:30:07.040844+00:00
https://nrs.objectstore.gov.bc.ca/gdwuts/094/094p/2025/dem/bc_094p056_1_2_4_xli1m_utm10_20250507_20250507.tif,200,True,,2026-08-29T19:30:07.102846+00:00
https://nrs.objectstore.gov.bc.ca/gdwuts/094/094p/2025/dem/bc_094p056_1_3_1_xli1m_utm10_20250507_20250509.tif,200,True,,2026-08-29T19:30:07.088528+00:00
https://nrs.objectstore.gov.bc.ca/gdwuts/094/094p/2025/dem/bc_094p056_1_3_2_xli1m_utm10_20250507_20250507.tif,200,True,,2026-08-29T19:30:07.111929+00:00
https://nrs.objectstore.gov.bc.ca/gdwuts/094/094p/2025/dem/bc_094p056_1_3_3_xli1m_utm10_20250507_20250509.tif,200,True,,2026-08-29T19:30:07.105350+00:00
https://nrs.objectstore.gov.bc.ca/gdwuts/094/094p/2025/dem/bc_094p056_1_3_4_xli1m_utm10_20250507_20250507.tif,200,True,,2026-08-29T19:30:07.126229+00:00
https://nrs.objectstore.gov.bc.ca/gdwuts/094/094p/2025/dem/bc_094p056_1_4_1_xli1m_utm10_20250507_20250507.tif,200,True,,2026-08-29T19:30:07.133951+00:00
https://nrs.objectstore.gov.bc.ca/gdwuts/094/094p/2025/dem/bc_094p056_1_4_2_xli1m_utm10_20250507_20250507.tif,200,True,,2026-08-29T19:30:07.135514+00:00
https://nrs.objectstore.gov.bc.ca/gdwuts/094/094p/2025/dem/bc_094p056_1_4_3_xli1m_utm10_20250507_20250507.tif,200,True,,2026-08-29T19:30:07.187933+00:00
https://nrs.objectstore.gov.bc.ca/gdwuts/094/094p/2025/dem/bc_094p056_1_4_4_xli1m_utm10_20250507_20250507.tif,200,True,,2026-08-29T19:30:07.170433+00:00
https://nrs.objectstore.gov.bc.ca/gdwuts/094/094p/2025/dem/bc_094p056_2_1_1_xli1m_utm10_20250507_20250507.tif,200,True,,2026-08-29T19:30:07.179211+00:00
https://nrs.objectstore.gov.bc.ca/gdwuts/094/094p/2025/dem/bc_094p056_2_1_2_xli1m_utm10_20250507_20250507.tif,200,True,,2026-08-29T19:30:07.207255+00:00
https://nrs.objectstore.gov.bc.ca/gdwuts/094/094p/2025/dem/bc_094p056_2_1_3_xli1m_utm10_20250507_20250507.tif,200,True,,2026-08-29T19:30:07.223245+00:00
https://nrs.objectstore.gov.bc.ca/gdwuts/094/094p/2025/dem/bc_094p056_2_1_4_xli1m_utm10_20250507_20250507.tif,200,True,,2026-08-29T19:30:07.213487+00:00
https://nrs.objectstore.gov.bc.ca/gdwuts/094/094p/2025/dem/bc_094p056_2_2_1_xli1m_utm10_20250507_20250507.tif,200,True,,2026-08-29T19:30:07.232823+00:00
https://nrs.objectstore.gov.bc.ca/gdwuts/094/094p/2025/dem/bc_094p056_2_2_2_xli1m_utm10_20250507_20250507.tif,200,True,,2026-08-29T19:30:07.237085+00:00
https://nrs.objectstore.gov.bc.ca/gdwuts/094/094p/2025/dem/bc_094p056_2_2_3_xli1m_utm10_20250507_20250507.tif,200,True,,2026-08-29T19:30:07.237521+00:00
https://nrs.objectstore.gov.bc.ca/gdwuts/094/094p/2025/dem/bc_094p056_2_2_4_xli1m_utm10_20250507_20250507.tif,200,True,,2026-08-29T19:30:07.282615+00:00
https://nrs.objectstore.gov.bc.ca/gdwuts/094/094p/2025/dem/bc_094p056_2_3_1_xli1m_utm10_20250507_20250507.tif,200,True,,2026-08-29T19:30:07.298222+00:00
https://nrs.objectstore.gov.bc.ca/gdwuts/094/094p/2025/dem/bc_094p056_2_3_2_xli1m_utm10_20250507_20250507.tif,200,True,,2026-08-29T19:30:07.304172+00:00
https://nrs.objectstore.gov.bc.ca/gdwuts/094/094p/2025/dem/bc_094p056_2_3_3_xli1m_utm10_20250507_20250507.tif,200,True,,2026-08-29T19:30:07.320348+00:00
https://nrs.objectstore.gov.bc.ca/gdwuts/094/094p/2025/dem/bc_094p056_2_3_4_xli1m_utm10_20250507_20250507.tif,200,True,,2026-08-29T19:30:07.336164+00:00
https://nrs.objectstore.gov.bc.ca/gdwuts/094/094p/2025/dem/bc_094p056_2_4_1_xli1m_utm10_20250507_20250507.tif,200,True,,2026-08-29T19:30:07.332206+00:00
https://nrs.objectstore.gov.bc.ca/gdwuts/094/094p/2025/dem/bc_094p056_2_4_2_xli1m_utm10_20250507_20250507.tif,200,True,,2026-08-29T19:30:07.316609+00:00
https://nrs.objectstore.gov.bc.ca/gdwuts/094/094p/2025/dem/bc_094p056_2_4_3_xli1m_utm10_20250507_20250507.tif,200,True,,2026-08-29T19:30:07.346198+00:00
https://nrs.objectstore.gov.bc.ca/gdwuts/094/094p/2025/dem/bc_094p056_2_4_4_xli1m_utm10_20250507_20250507.tif,200,True,,2026-08-29T19:30:07.394218+00:00
https://nrs.objectstore.gov.bc.ca/gdwuts/094/094p/2025/dem/bc_094p056_3_1_1_xli1m_utm10_20250507_20250509.tif,200,True,,2026-08-29T19:30:07.384255+00:00
https://nrs.objectstore.gov.bc.ca/gdwuts/094/094p/2025/dem/bc_094p056_3_1_2_xli1m_utm10_20250507_20250509.tif,200,True,,2026-08-29T19:30:07.433261+00:00
https://nrs.objectstore.gov.bc.ca/gdwuts/094/094p/2025/dem/bc_094p056_3_1_3_xli1m_utm10_20250507_20250509.tif,200,True,,2026-08-29T19:30:07.398289+00:00
https://nrs.objectstore.gov.bc.ca/gdwuts/094/094p/2025/dem/bc_094p056_3_1_4_xli1m_utm10_20250507_20250509.tif,200,True,,2026-08-29T19:30:07.428484+00:00
https://nrs.objectstore.gov.bc.ca/gdwuts/094/094p/2025/dem/bc_094p056_3_2_1_xli1m_utm10_20250507_20250507.tif,200,True,,2026-08-29T19:30:07.444148+00:00
https://nrs.objectstore.gov.bc.ca/gdwuts/094/094p/2025/dem/bc_094p056_3_2_2_xli1m_utm10_20250507_20250507.tif,200,True,,2026-08-29T19:30:07.422826+00:00
https://nrs.objectstore.gov.bc.ca/gdwuts/094/094p/2025/dem/bc_094p056_3_2_3_xli1m_utm10_20250507_20250507.tif,200,True,,2026-08-29T19:30:07.455225+00:00
https://nrs.objectstore.gov.bc.ca/gdwuts/094/094p/2025/dem/bc_094p056_3_2_4_xli1m_utm10_20250507_20250507.tif,200,True,,2026-08-29T19:30:07.465839+00:00
https://nrs.objectstore.gov.bc.ca/gdwuts/094/094p/2025/dem/bc_094p056_3_3_1_xli1m_utm10_20250507_20250509.tif,200,True,,2026-08-29T19:30:07.511473+00:00
https://nrs.objectstore.gov.bc.ca/gdwuts/094/094p/2025/dem/bc_094p056_3_3_3_xli1m_utm10_20250507_20250509.tif,200,True,,2026-08-29T19:30:07.509601+00:00
https://nrs.objectstore.gov.bc.ca/gdwuts/094/094p/2025/dem/bc_094p056_3_3_4_xli1m_utm10_20250507_20250509.tif,200,True,,2026-08-29T19:30:07.536119+00:00
https://nrs.objectstore.gov.bc.ca/gdwuts/094/094p/2025/dem/bc_094p056_3_4_1_xli1m_utm10_20250507_20250507.tif,200,True,,2026-08-29T19:30:07.494344+00:00
https://nrs.objectstore.gov.bc.ca/gdwuts/094/094p/2025/dem/bc_094p056_3_4_2_xli1m_utm10_20250507_20250507.tif,200,True,,2026-08-29T19:30:07.579446+00:00
https://nrs.objectstore.gov.bc.ca/gdwuts/094/094p/2025/dem/bc_094p056_3_4_3_xli1m_utm10_20250507_20250507.tif,200,True,,2026-08-29T19:30:07.535252+00:00
https://nrs.objectstore.gov.bc.ca/gdwuts/094/094p/2025/dem/bc_094p056_3_4_4_xli1m_utm10_20250507_20250507.tif,200,True,,2026-08-29T19:30:07.527452+00:00
https://nrs.objectstore.gov.bc.ca/gdwuts/094/094p/2025/dem/bc_094p056_4_1_1_xli1m_utm10_20250507_20250507.tif,200,True,,2026-08-29T19:30:07.573887+00:00
https://nrs.objectstore.gov.bc.ca/gdwuts/094/094p/2025/dem/bc_094p056_4_1_2_xli1m_utm10_20250507_20250507.tif,200,True,,2026-08-29T19:30:07.594196+00:00
https://nrs.objectstore.gov.bc.ca/gdwuts/094/094p/2025/dem/bc_094p056_4_1_3_xli1m_utm10_20250507_20250507.tif,200,True,,2026-08-29T19:30:07.615259+00:00
https://nrs.objectstore.gov.bc.ca/gdwuts/094/094p/2025/dem/bc_094p056_4_1_4_xli1m_utm10_20250507_20250507.tif,200,True,,2026-08-29T19:30:07.637307+00:00
https://nrs.objectstore.gov.bc.ca/gdwuts/094/094p/2025/dem/bc_094p056_4_2_1_xli1m_utm10_20250507_20250507.tif,200,True,,2026-08-29T19:30:07.661353+00:00
https://nrs.objectstore.gov.bc.ca/gdwuts/094/094p/2025/dem/bc_094p056_4_2_2_xli1m_utm10_20250507_20250507.tif,200,True,,2026-08-29T19:30:07.641141+00:00
https://nrs.objectstore.gov.bc.ca/gdwuts/094/094p/2025/dem/bc_094p056_4_2_3_xli1m_utm10_20250507_20250507.tif,200,True,,2026-08-29T19:30:07.639815+00:00
https://nrs.objectstore.gov.bc.ca/gdwuts/094/094p/2025/dem/bc_094p056_4_2_4_xli1m_utm10_20250507_20250507.tif,200,True,,2026-08-29T19:30:07.654058+00:00
https://nrs.objectstore.gov.bc.ca/gdwuts/094/094p/2025/dem/bc_094p056_4_3_1_xli1m_utm10_20250507_20250507.tif,200,True,,2026-08-29T19:30:07.651464+00:00
https://nrs.objectstore.gov.bc.ca/gdwuts/094/094p/2025/dem/bc_094p056_4_3_2_xli1m_utm10_20250507_20250507.tif,200,True,,2026-08-29T19:30:07.688282+00:00
https://nrs.objectstore.gov.bc.ca/gdwuts/094/094p/2025/dem/bc_094p056_4_3_3_xli1m_utm10_20250507_20250507.tif,200,True,,2026-08-29T19:30:07.719345+00:00
https://nrs.objectstore.gov.bc.ca/gdwuts/094/094p/2025/dem/bc_094p056_4_3_4_xli1m_utm10_20250507_20250507.tif,200,True,,2026-08-29T19:30:07.698596+00:00
https://nrs.objectstore.gov.bc.ca/gdwuts/094/094p/2025/dem/bc_094p056_4_4_1_xli1m_utm10_20250507_20250507.tif,200,True,,2026-08-29T19:30:07.710940+00:00
https://nrs.objectstore.gov.bc.ca/gdwuts/094/094p/2025/dem/bc_094p056_4_4_2_xli1m_utm10_20250507_20250507.tif,200,True,,2026-08-29T19:30:07.724965+00:00
https://nrs.objectstore.gov.bc.ca/gdwuts/094/094p/2025/dem/bc_094p056_4_4_3_xli1m_utm10_20250507_20250507.tif,200,True,,2026-08-29T19:30:07.767753+00:00
https://nrs.objectstore.gov.bc.ca/gdwuts/094/094p/2025/dem/bc_094p056_4_4_4_xli1m_utm10_20250507_20250507.tif,200,True,,2026-08-29T19:30:07.762223+00:00
https://nrs.objectstore.gov.bc.ca/gdwuts/094/094p/2025/dem/bc_094p057_1_1_1_xli1m_utm10_20250506_20250507.tif,200,True,,2026-08-29T19:30:07.770306+00:00
https://nrs.objectstore.gov.bc.ca/gdwuts/094/094p/2025/dem/bc_094p057_1_1_2_xli1m_utm10_20250506_20250507.tif,200,True,,2026-08-29T19:30:07.793795+00:00
https://nrs.objectstore.gov.bc.ca/gdwuts/094/094p/2025/dem/bc_094p057_1_1_3_xli1m_utm10_20250506_20250507.tif,200,True,,2026-08-29T19:30:07.797367+00:00
https://nrs.objectstore.gov.bc.ca/gdwuts/094/094p/2025/dem/bc_094p057_1_1_4_xli1m_utm10_20250506_20250507.tif,200,True,,2026-08-29T19:30:07.879643+00:00
https://nrs.objectstore.gov.bc.ca/gdwuts/094/094p/2025/dem/bc_094p057_1_2_1_xli1m_utm10_20250506_20250506.tif,200,True,,2026-08-29T19:30:07.829227+00:00
https://nrs.objectstore.gov.bc.ca/gdwuts/094/094p/2025/dem/bc_094p057_1_2_2_xli1m_utm10_20250506_20250506.tif,200,True,,2026-08-29T19:30:07.862330+00:00
https://nrs.objectstore.gov.bc.ca/gdwuts/094/094p/2025/dem/bc_094p057_1_2_4_xli1m_utm10_20250506_20250506.tif,200,True,,2026-08-29T19:30:07.866582+00:00
https://nrs.objectstore.gov.bc.ca/gdwuts/094/094p/2025/dem/bc_094p057_1_3_1_xli1m_utm10_20250507_20250507.tif,200,True,,2026-08-29T19:30:07.884335+00:00
https://nrs.objectstore.gov.bc.ca/gdwuts/094/094p/2025/dem/bc_094p057_1_3_2_xli1m_utm10_20250506_20250507.tif,200,True,,2026-08-29T19:30:07.878214+00:00
https://nrs.objectstore.gov.bc.ca/gdwuts/094/094p/2025/dem/bc_094p057_1_3_3_xli1m_utm10_20250507_20250507.tif,200,True,,2026-08-29T19:30:07.866166+00:00
https://nrs.objectstore.gov.bc.ca/gdwuts/094/094p/2025/dem/bc_094p057_1_3_4_xli1m_utm10_20250506_20250507.tif,200,True,,2026-08-29T19:30:07.945153+00:00
https://nrs.objectstore.gov.bc.ca/gdwuts/094/094p/2025/dem/bc_094p057_1_4_1_xli1m_utm10_20250506_20250506.tif,200,True,,2026-08-29T19:30:07.931688+00:00
https://nrs.objectstore.gov.bc.ca/gdwuts/094/094p/2025/dem/bc_094p057_1_4_2_xli1m_utm10_20250506_20250506.tif,200,True,,2026-08-29T19:30:07.947466+00:00
https://nrs.objectstore.gov.bc.ca/gdwuts/094/094p/2025/dem/bc_094p057_1_4_4_xli1m_utm10_20250506_20250506.tif,200,True,,2026-08-29T19:30:07.940571+00:00
https://nrs.objectstore.gov.bc.ca/gdwuts/094/094p/2025/dem/bc_094p057_2_1_1_xli1m_utm10_20250506_20250506.tif,200,True,,2026-08-29T19:30:07.977843+00:00
https://nrs.objectstore.gov.bc.ca/gdwuts/094/094p/2025/dem/bc_094p057_2_1_2_xli1m_utm10_20250506_20250506.tif,200,True,,2026-08-29T19:30:07.962211+00:00
https://nrs.objectstore.gov.bc.ca/gdwuts/094/094p/2025/dem/bc_094p057_2_1_3_xli1m_utm10_20250506_20250506.tif,200,True,,2026-08-29T19:30:07.967438+00:00
https://nrs.objectstore.gov.bc.ca/gdwuts/094/094p/2025/dem/bc_094p057_2_1_4_xli1m_utm10_20250506_20250506.tif,200,True,,2026-08-29T19:30:07.978269+00:00
https://nrs.objectstore.gov.bc.ca/gdwuts/094/094p/2025/dem/bc_094p057_2_2_1_xli1m_utm10_20250506_20250506.tif,200,True,,2026-08-29T19:30:07.990424+00:00
https://nrs.objectstore.gov.bc.ca/gdwuts/094/094p/2025/dem/bc_094p057_2_2_2_xli1m_utm10_20250506_20250506.tif,200,True,,2026-08-29T19:30:07.992051+00:00
https://nrs.objectstore.gov.bc.ca/gdwuts/094/094p/2025/dem/bc_094p057_2_2_3_xli1m_utm10_20250506_20250506.tif,200,True,,2026-08-29T19:30:08.041334+00:00
https://nrs.objectstore.gov.bc.ca/gdwuts/094/094p/2025/dem/bc_094p057_2_2_4_xli1m_utm10_20250506_20250506.tif,200,True,,2026-08-29T19:30:08.066165+00:00
https://nrs.objectstore.gov.bc.ca/gdwuts/094/094p/2025/dem/bc_094p057_2_3_3_xli1m_utm10_20250506_20250506.tif,200,True,,2026-08-29T19:30:08.085167+00:00
https://nrs.objectstore.gov.bc.ca/gdwuts/094/094p/2025/dem/bc_094p057_2_3_4_xli1m_utm10_20250506_20250506.tif,200,True,,2026-08-29T19:30:08.078829+00:00
https://nrs.objectstore.gov.bc.ca/gdwuts/094/094p/2025/dem/bc_094p057_2_4_1_xli1m_utm10_20250506_20250506.tif,200,True,,2026-08-29T19:30:08.062272+00:00
https://nrs.objectstore.gov.bc.ca/gdwuts/094/094p/2025/dem/bc_094p057_2_4_2_xli1m_utm10_20250506_20250506.tif,200,True,,2026-08-29T19:30:08.071209+00:00
https://nrs.objectstore.gov.bc.ca/gdwuts/094/094p/2025/dem/bc_094p057_2_4_3_xli1m_utm10_20250506_20250506.tif,200,True,,2026-08-29T19:30:08.116283+00:00
https://nrs.objectstore.gov.bc.ca/gdwuts/094/094p/2025/dem/bc_094p057_3_1_1_xli1m_utm10_20250507_20250507.tif,200,True,,2026-08-29T19:30:08.148237+00:00
https://nrs.objectstore.gov.bc.ca/gdwuts/094/094p/2025/dem/bc_094p057_3_1_2_xli1m_utm10_20250506_20250507.tif,200,True,,2026-08-29T19:30:08.130445+00:00
https://nrs.objectstore.gov.bc.ca/gdwuts/094/094p/2025/dem/bc_094p057_3_1_3_xli1m_utm10_20250507_20250507.tif,200,True,,2026-08-29T19:30:08.189081+00:00
https://nrs.objectstore.gov.bc.ca/gdwuts/094/094p/2025/dem/bc_094p057_3_1_4_xli1m_utm10_20250506_20250507.tif,200,True,,2026-08-29T19:30:08.226265+00:00
https://nrs.objectstore.gov.bc.ca/gdwuts/094/094p/2025/dem/bc_094p057_3_2_1_xli1m_utm10_20250506_20250506.tif,200,True,,2026-08-29T19:30:08.230534+00:00
https://nrs.objectstore.gov.bc.ca/gdwuts/094/094p/2025/dem/bc_094p057_3_2_2_xli1m_utm10_20250506_20250506.tif,200,True,,2026-08-29T19:30:08.176202+00:00
https://nrs.objectstore.gov.bc.ca/gdwuts/094/094p/2025/dem/bc_094p057_3_2_3_xli1m_utm10_20250506_20250506.tif,200,True,,2026-08-29T19:30:08.164573+00:00
https://nrs.objectstore.gov.bc.ca/gdwuts/094/094p/2025/dem/bc_094p057_3_2_4_xli1m_utm10_20250506_20250506.tif,200,True,,2026-08-29T19:30:08.181146+00:00
https://nrs.objectstore.gov.bc.ca/gdwuts/094/094p/2025/dem/bc_094p057_3_3_1_xli1m_utm10_20250507_20250507.tif,200,True,,2026-08-29T19:30:08.214287+00:00
https://nrs.objectstore.gov.bc.ca/gdwuts/094/094p/2025/dem/bc_094p057_3_3_2_xli1m_utm10_20250506_20250507.tif,200,True,,2026-08-29T19:30:08.246214+00:00
https://nrs.objectstore.gov.bc.ca/gdwuts/094/094p/2025/dem/bc_094p057_3_3_3_xli1m_utm10_20250507_20250507.tif,200,True,,2026-08-29T19:30:08.292180+00:00
https://nrs.objectstore.gov.bc.ca/gdwuts/094/094p/2025/dem/bc_094p057_3_3_4_xli1m_utm10_20250506_20250507.tif,200,True,,2026-08-29T19:30:08.282325+00:00
https://nrs.objectstore.gov.bc.ca/gdwuts/094/094p/2025/dem/bc_094p057_3_4_1_xli1m_utm10_20250506_20250506.tif,200,True,,2026-08-29T19:30:08.279860+00:00
https://nrs.objectstore.gov.bc.ca/gdwuts/094/094p/2025/dem/bc_094p057_3_4_2_xli1m_utm10_20250506_20250506.tif,200,True,,2026-08-29T19:30:08.265553+00:00
https://nrs.objectstore.gov.bc.ca/gdwuts/094/094p/2025/dem/bc_094p057_3_4_3_xli1m_utm10_20250506_20250506.tif,200,True,,2026-08-29T19:30:08.297907+00:00
https://nrs.objectstore.gov.bc.ca/gdwuts/094/094p/2025/dem/bc_094p057_3_4_4_xli1m_utm10_20250506_20250506.tif,200,True,,2026-08-29T19:30:08.324574+00:00
https://nrs.objectstore.gov.bc.ca/gdwuts/094/094p/2025/dem/bc_094p057_4_1_1_xli1m_utm10_20250506_20250506.tif,200,True,,2026-08-29T19:30:08.320126+00:00
https://nrs.objectstore.gov.bc.ca/gdwuts/094/094p/2025/dem/bc_094p057_4_1_2_xli1m_utm10_20250506_20250506.tif,200,True,,2026-08-29T19:30:08.328538+00:00
https://nrs.objectstore.gov.bc.ca/gdwuts/094/094p/2025/dem/bc_094p057_4_1_3_xli1m_utm10_20250506_20250506.tif,200,True,,2026-08-29T19:30:08.335634+00:00
https://nrs.objectstore.gov.bc.ca/gdwuts/094/094p/2025/dem/bc_094p057_4_1_4_xli1m_utm10_20250506_20250506.tif,200,True,,2026-08-29T19:30:08.359270+00:00
https://nrs.objectstore.gov.bc.ca/gdwuts/094/094p/2025/dem/bc_094p057_4_2_1_xli1m_utm10_20250506_20250506.tif,200,True,,2026-08-29T19:30:08.375230+00:00
https://nrs.objectstore.gov.bc.ca/gdwuts/094/094p/2025/dem/bc_094p057_4_2_2_xli1m_utm10_20250506_20250506.tif,200,True,,2026-08-29T19:30:08.371192+00:00
https://nrs.objectstore.gov.bc.ca/gdwuts/094/094p/2025/dem/bc_094p057_4_2_3_xli1m_utm10_20250506_20250506.tif,200,True,,2026-08-29T19:30:08.399974+00:00
https://nrs.objectstore.gov.bc.ca/gdwuts/094/094p/2025/dem/bc_094p057_4_2_4_xli1m_utm10_20250506_20250506.tif,200,True,,2026-08-29T19:30:08.405681+00:00
https://nrs.objectstore.gov.bc.ca/gdwuts/094/094p/2025/dem/bc_094p057_4_3_1_xli1m_utm10_20250506_20250506.tif,200,True,,2026-08-29T19:30:08.422250+00:00
https://nrs.objectstore.gov.bc.ca/gdwuts/094/094p/2025/dem/bc_094p057_4_3_2_xli1m_utm10_20250506_20250506.tif,200,True,,2026-08-29T19:30:08.435456+00:00
https://nrs.objectstore.gov.bc.ca/gdwuts/094/094p/2025/dem/bc_094p057_4_3_3_xli1m_utm10_20250506_20250506.tif,200,True,,2026-08-29T19:30:08.475142+00:00
https://nrs.objectstore.gov.bc.ca/gdwuts/094/094p/2025/dem/bc_094p057_4_3_4_xli1m_utm10_20250506_20250506.tif,200,True,,2026-08-29T19:30:08.474270+00:00
https://nrs.objectstore.gov.bc.ca/gdwuts/094/094p/2025/dem/bc_094p057_4_4_1_xli1m_utm10_20250506_20250506.tif,200,True,,2026-08-29T19:30:08.493603+00:00
https://nrs.objectstore.gov.bc.ca/gdwuts/094/094p/2025/dem/bc_094p057_4_4_2_xli1m_utm10_20250506_20250506.tif,200,True,,2026-08-29T19:30:08.484297+00:00
https://nrs.objectstore.gov.bc.ca/gdwuts/094/094p/2025/dem/bc_094p057_4_4_3_xli1m_utm10_20250506_20250506.tif,200,True,,2026-08-29T19:30:08.524159+00:00
https://nrs.objectstore.gov.bc.ca/gdwuts/094/094p/2025/dem/bc_094p057_4_4_4_xli1m_utm10_20250506_20250506.tif,200,True,,2026-08-29T19:30:08.529151+00:00
https://nrs.objectstore.gov.bc.ca/gdwuts/094/094p/2025/dem/bc_094p058_3_1_3_xli1m_utm10_20250506_20250506.tif,200,True,,2026-08-29T19:30:08.553481+00:00
https://nrs.objectstore.gov.bc.ca/gdwuts/094/094p/2025/dem/bc_094p058_3_3_1_xli1m_utm10_20250506_20250506.tif,200,True,,2026-08-29T19:30:08.560209+00:00
https://nrs.objectstore.gov.bc.ca/gdwuts/094/094p/2025/dem/bc_094p058_3_3_3_xli1m_utm10_20250506_20250506.tif,200,True,,2026-08-29T19:30:08.518259+00:00
https://nrs.objectstore.gov.bc.ca/gdwuts/094/094p/2025/dem/bc_094p061_1_1_1_xli1m_utm10_20250508_20250508.tif,200,True,,2026-08-29T19:30:08.593438+00:00
https://nrs.objectstore.gov.bc.ca/gdwuts/094/094p/2025/dem/bc_094p061_1_1_2_xli1m_utm10_20250508_20250508.tif,200,True,,2026-08-29T19:30:08.590135+00:00
https://nrs.objectstore.gov.bc.ca/gdwuts/094/094p/2025/dem/bc_094p061_1_1_3_xli1m_utm10_20250508_20250508.tif,200,True,,2026-08-29T19:30:08.597902+00:00
https://nrs.objectstore.gov.bc.ca/gdwuts/094/094p/2025/dem/bc_094p061_1_1_4_xli1m_utm10_20250508_20250508.tif,200,True,,2026-08-29T19:30:08.595149+00:00
https://nrs.objectstore.gov.bc.ca/gdwuts/094/094p/2025/dem/bc_094p061_1_2_1_xli1m_utm10_20250508_20251013.tif,200,True,,2026-08-29T19:30:08.591895+00:00
https://nrs.objectstore.gov.bc.ca/gdwuts/094/094p/2025/dem/bc_094p061_1_2_2_xli1m_utm10_20250508_20251013.tif,200,True,,2026-08-29T19:30:08.617501+00:00
https://nrs.objectstore.gov.bc.ca/gdwuts/094/094p/2025/dem/bc_094p061_1_2_3_xli1m_utm10_20250508_20251013.tif,200,True,,2026-08-29T19:30:08.622776+00:00
https://nrs.objectstore.gov.bc.ca/gdwuts/094/094p/2025/dem/bc_094p061_1_2_4_xli1m_utm10_20250508_20251013.tif,200,True,,2026-08-29T19:30:08.661335+00:00
https://nrs.objectstore.gov.bc.ca/gdwuts/094/094p/2025/dem/bc_094p061_1_3_1_xli1m_utm10_20250508_20250508.tif,200,True,,2026-08-29T19:30:08.663145+00:00
https://nrs.objectstore.gov.bc.ca/gdwuts/094/094p/2025/dem/bc_094p061_1_3_2_xli1m_utm10_20250508_20250508.tif,200,True,,2026-08-29T19:30:08.676064+00:00
https://nrs.objectstore.gov.bc.ca/gdwuts/094/094p/2025/dem/bc_094p061_1_3_3_xli1m_utm10_20250508_20250508.tif,200,True,,2026-08-29T19:30:08.673757+00:00
https://nrs.objectstore.gov.bc.ca/gdwuts/094/094p/2025/dem/bc_094p061_1_3_4_xli1m_utm10_20250508_20250508.tif,200,True,,2026-08-29T19:30:08.698216+00:00
https://nrs.objectstore.gov.bc.ca/gdwuts/094/094p/2025/dem/bc_094p061_1_4_1_xli1m_utm10_20250508_20250508.tif,200,True,,2026-08-29T19:30:08.712187+00:00
https://nrs.objectstore.gov.bc.ca/gdwuts/094/094p/2025/dem/bc_094p061_1_4_2_xli1m_utm10_20250508_20250508.tif,200,True,,2026-08-29T19:30:08.717762+00:00
https://nrs.objectstore.gov.bc.ca/gdwuts/094/094p/2025/dem/bc_094p061_1_4_3_xli1m_utm10_20250508_20250508.tif,200,True,,2026-08-29T19:30:08.737153+00:00
https://nrs.objectstore.gov.bc.ca/gdwuts/094/094p/2025/dem/bc_094p061_1_4_4_xli1m_utm10_20250508_20250508.tif,200,True,,2026-08-29T19:30:08.733216+00:00
https://nrs.objectstore.gov.bc.ca/gdwuts/094/094p/2025/dem/bc_094p061_3_1_1_xli1m_utm10_20250508_20250508.tif,200,True,,2026-08-29T19:30:08.801282+00:00
https://nrs.objectstore.gov.bc.ca/gdwuts/094/094p/2025/dem/bc_094p061_3_1_2_xli1m_utm10_20250508_20250508.tif,200,True,,2026-08-29T19:30:08.843931+00:00
https://nrs.objectstore.gov.bc.ca/gdwuts/094/094p/2025/dem/bc_094p061_3_1_3_xli1m_utm10_20250508_20250508.tif,200,True,,2026-08-29T19:30:08.809306+00:00
https://nrs.objectstore.gov.bc.ca/gdwuts/094/094p/2025/dem/bc_094p061_3_1_4_xli1m_utm10_20250508_20250508.tif,200,True,,2026-08-29T19:30:08.782303+00:00
https://nrs.objectstore.gov.bc.ca/gdwuts/094/094p/2025/dem/bc_094p061_3_2_1_xli1m_utm10_20250508_20250508.tif,200,True,,2026-08-29T19:30:08.813022+00:00
https://nrs.objectstore.gov.bc.ca/gdwuts/094/094p/2025/dem/bc_094p061_3_2_2_xli1m_utm10_20250508_20250508.tif,200,True,,2026-08-29T19:30:08.841381+00:00
https://nrs.objectstore.gov.bc.ca/gdwuts/094/094p/2025/dem/bc_094p061_3_2_3_xli1m_utm10_20250508_20250508.tif,200,True,,2026-08-29T19:30:08.846210+00:00
https://nrs.objectstore.gov.bc.ca/gdwuts/094/094p/2025/dem/bc_094p061_3_2_4_xli1m_utm10_20250508_20250508.tif,200,True,,2026-08-29T19:30:08.908259+00:00
https://nrs.objectstore.gov.bc.ca/gdwuts/094/094p/2025/dem/bc_094p061_3_3_1_xli1m_utm10_20250508_20250508.tif,200,True,,2026-08-29T19:30:08.873047+00:00
https://nrs.objectstore.gov.bc.ca/gdwuts/094/094p/2025/dem/bc_094p061_3_3_2_xli1m_utm10_20250508_20250508.tif,200,True,,2026-08-29T19:30:08.924345+00:00
https://nrs.objectstore.gov.bc.ca/gdwuts/094/094p/2025/dem/bc_094p061_3_3_3_xli1m_utm10_20250508_20250508.tif,200,True,,2026-08-29T19:30:08.855489+00:00
https://nrs.objectstore.gov.bc.ca/gdwuts/094/094p/2025/dem/bc_094p061_3_3_4_xli1m_utm10_20250508_20250508.tif,200,True,,2026-08-29T19:30:08.910645+00:00
https://nrs.objectstore.gov.bc.ca/gdwuts/094/094p/2025/dem/bc_094p061_3_4_1_xli1m_utm10_20250508_20250508.tif,200,True,,2026-08-29T19:30:08.923488+00:00
https://nrs.objectstore.gov.bc.ca/gdwuts/094/094p/2025/dem/bc_094p061_3_4_2_xli1m_utm10_20250508_20250508.tif,200,True,,2026-08-29T19:30:08.914489+00:00
https://nrs.objectstore.gov.bc.ca/gdwuts/094/094p/2025/dem/bc_094p061_3_4_3_xli1m_utm10_20250508_20250508.tif,200,True,,2026-08-29T19:30:08.945998+00:00
https://nrs.objectstore.gov.bc.ca/gdwuts/094/094p/2025/dem/bc_094p061_3_4_4_xli1m_utm10_20250508_20250508.tif,200,True,,2026-08-29T19:30:08.941180+00:00
https://nrs.objectstore.gov.bc.ca/gdwuts/094/094p/2025/dem/bc_094p065_1_1_1_xli1m_utm10_20250509_20251014.tif,200,True,,2026-08-29T19:30:08.943635+00:00
https://nrs.objectstore.gov.bc.ca/gdwuts/094/094p/2025/dem/bc_094p065_1_1_2_xli1m_utm10_20250509_20251014.tif,200,True,,2026-08-29T19:30:08.973589+00:00
https://nrs.objectstore.gov.bc.ca/gdwuts/094/094p/2025/dem/bc_094p065_1_1_3_xli1m_utm10_20250509_20251014.tif,200,True,,2026-08-29T19:30:09.004316+00:00
https://nrs.objectstore.gov.bc.ca/gdwuts/094/094p/2025/dem/bc_094p065_1_1_4_xli1m_utm10_20250509_20251014.tif,200,True,,2026-08-29T19:30:08.995382+00:00
https://nrs.objectstore.gov.bc.ca/gdwuts/094/094p/2025/dem/bc_094p065_1_2_1_xli1m_utm10_20251014_20251014.tif,200,True,,2026-08-29T19:30:09.024030+00:00
https://nrs.objectstore.gov.bc.ca/gdwuts/094/094p/2025/dem/bc_094p065_1_2_2_xli1m_utm10_20251014_20251014.tif,200,True,,2026-08-29T19:30:09.037560+00:00
https://nrs.objectstore.gov.bc.ca/gdwuts/094/094p/2025/dem/bc_094p065_1_2_3_xli1m_utm10_20251014_20251014.tif,200,True,,2026-08-29T19:30:09.045113+00:00
https://nrs.objectstore.gov.bc.ca/gdwuts/094/094p/2025/dem/bc_094p065_1_2_4_xli1m_utm10_20251014_20251014.tif,200,True,,2026-08-29T19:30:09.055974+00:00
https://nrs.objectstore.gov.bc.ca/gdwuts/094/094p/2025/dem/bc_094p065_1_3_1_xli1m_utm10_20250509_20251014.tif,200,True,,2026-08-29T19:30:09.078437+00:00
https://nrs.objectstore.gov.bc.ca/gdwuts/094/094p/2025/dem/bc_094p065_1_3_2_xli1m_utm10_20250509_20251014.tif,200,True,,2026-08-29T19:30:09.112212+00:00
https://nrs.objectstore.gov.bc.ca/gdwuts/094/094p/2025/dem/bc_094p065_1_3_3_xli1m_utm10_20250509_20251014.tif,200,True,,2026-08-29T19:30:09.088907+00:00
https://nrs.objectstore.gov.bc.ca/gdwuts/094/094p/2025/dem/bc_094p065_1_3_4_xli1m_utm10_20250509_20251014.tif,200,True,,2026-08-29T19:30:09.103191+00:00
https://nrs.objectstore.gov.bc.ca/gdwuts/094/094p/2025/dem/bc_094p065_1_4_1_xli1m_utm10_20251014_20251014.tif,200,True,,2026-08-29T19:30:09.134122+00:00
https://nrs.objectstore.gov.bc.ca/gdwuts/094/094p/2025/dem/bc_094p065_1_4_2_xli1m_utm10_20251014_20251014.tif,200,True,,2026-08-29T19:30:09.164277+00:00
https://nrs.objectstore.gov.bc.ca/gdwuts/094/094p/2025/dem/bc_094p065_1_4_3_xli1m_utm10_20251014_20251014.tif,200,True,,2026-08-29T19:30:09.186488+00:00
https://nrs.objectstore.gov.bc.ca/gdwuts/094/094p/2025/dem/bc_094p065_1_4_4_xli1m_utm10_20251014_20251014.tif,200,True,,2026-08-29T19:30:09.153242+00:00
https://nrs.objectstore.gov.bc.ca/gdwuts/094/094p/2025/dem/bc_094p065_2_1_1_xli1m_utm10_20250509_20251014.tif,200,True,,2026-08-29T19:30:09.169011+00:00
https://nrs.objectstore.gov.bc.ca/gdwuts/094/094p/2025/dem/bc_094p065_2_1_2_xli1m_utm10_20250509_20251014.tif,200,True,,2026-08-29T19:30:09.196616+00:00
https://nrs.objectstore.gov.bc.ca/gdwuts/094/094p/2025/dem/bc_094p065_2_1_3_xli1m_utm10_20250509_20251014.tif,200,True,,2026-08-29T19:30:09.210823+00:00
https://nrs.objectstore.gov.bc.ca/gdwuts/094/094p/2025/dem/bc_094p065_2_1_4_xli1m_utm10_20250509_20251014.tif,200,True,,2026-08-29T19:30:09.201538+00:00
https://nrs.objectstore.gov.bc.ca/gdwuts/094/094p/2025/dem/bc_094p065_2_2_1_xli1m_utm10_20250509_20251014.tif,200,True,,2026-08-29T19:30:09.201100+00:00
https://nrs.objectstore.gov.bc.ca/gdwuts/094/094p/2025/dem/bc_094p065_2_2_2_xli1m_utm10_20250509_20250509.tif,200,True,,2026-08-29T19:30:09.229212+00:00
https://nrs.objectstore.gov.bc.ca/gdwuts/094/094p/2025/dem/bc_094p065_2_2_3_xli1m_utm10_20250509_20251014.tif,200,True,,2026-08-29T19:30:09.246490+00:00
https://nrs.objectstore.gov.bc.ca/gdwuts/094/094p/2025/dem/bc_094p065_2_2_4_xli1m_utm10_20250509_20250509.tif,200,True,,2026-08-29T19:30:09.249195+00:00
https://nrs.objectstore.gov.bc.ca/gdwuts/094/094p/2025/dem/bc_094p065_2_3_1_xli1m_utm10_20250509_20251014.tif,200,True,,2026-08-29T19:30:09.261671+00:00
https://nrs.objectstore.gov.bc.ca/gdwuts/094/094p/2025/dem/bc_094p065_2_3_2_xli1m_utm10_20250509_20251014.tif,200,True,,2026-08-29T19:30:09.279203+00:00
https://nrs.objectstore.gov.bc.ca/gdwuts/094/094p/2025/dem/bc_094p065_2_3_3_xli1m_utm10_20250509_20251014.tif,200,True,,2026-08-29T19:30:09.298199+00:00
https://nrs.objectstore.gov.bc.ca/gdwuts/094/094p/2025/dem/bc_094p065_2_3_4_xli1m_utm10_20250509_20251014.tif,200,True,,2026-08-29T19:30:09.313636+00:00
https://nrs.objectstore.gov.bc.ca/gdwuts/094/094p/2025/dem/bc_094p065_2_4_1_xli1m_utm10_20250509_20251014.tif,200,True,,2026-08-29T19:30:09.308064+00:00
https://nrs.objectstore.gov.bc.ca/gdwuts/094/094p/2025/dem/bc_094p065_2_4_2_xli1m_utm10_20250509_20250509.tif,200,True,,2026-08-29T19:30:09.325961+00:00
https://nrs.objectstore.gov.bc.ca/gdwuts/094/094p/2025/dem/bc_094p065_2_4_3_xli1m_utm10_20250509_20251014.tif,200,True,,2026-08-29T19:30:09.330617+00:00
https://nrs.objectstore.gov.bc.ca/gdwuts/094/094p/2025/dem/bc_094p065_2_4_4_xli1m_utm10_20250509_20250509.tif,200,True,,2026-08-29T19:30:09.354224+00:00
https://nrs.objectstore.gov.bc.ca/gdwuts/094/094p/2025/dem/bc_094p065_3_1_1_xli1m_utm10_20250509_20251014.tif,200,True,,2026-08-29T19:30:09.386262+00:00
https://nrs.objectstore.gov.bc.ca/gdwuts/094/094p/2025/dem/bc_094p065_3_1_2_xli1m_utm10_20250509_20251014.tif,200,True,,2026-08-29T19:30:09.432167+00:00
https://nrs.objectstore.gov.bc.ca/gdwuts/094/094p/2025/dem/bc_094p065_3_1_3_xli1m_utm10_20250509_20251014.tif,200,True,,2026-08-29T19:30:09.410131+00:00
https://nrs.objectstore.gov.bc.ca/gdwuts/094/094p/2025/dem/bc_094p065_3_1_4_xli1m_utm10_20250509_20251014.tif,200,True,,2026-08-29T19:30:09.397475+00:00
https://nrs.objectstore.gov.bc.ca/gdwuts/094/094p/2025/dem/bc_094p065_3_2_1_xli1m_utm10_20251014_20251014.tif,200,True,,2026-08-29T19:30:09.446326+00:00
https://nrs.objectstore.gov.bc.ca/gdwuts/094/094p/2025/dem/bc_094p065_3_2_2_xli1m_utm10_20251014_20251014.tif,200,True,,2026-08-29T19:30:09.441156+00:00
https://nrs.objectstore.gov.bc.ca/gdwuts/094/094p/2025/dem/bc_094p065_3_2_3_xli1m_utm10_20251014_20251014.tif,200,True,,2026-08-29T19:30:09.427264+00:00
https://nrs.objectstore.gov.bc.ca/gdwuts/094/094p/2025/dem/bc_094p065_3_2_4_xli1m_utm10_20251014_20251014.tif,200,True,,2026-08-29T19:30:09.463170+00:00
https://nrs.objectstore.gov.bc.ca/gdwuts/094/094p/2025/dem/bc_094p065_3_3_1_xli1m_utm10_20250509_20251014.tif,200,True,,2026-08-29T19:30:09.468263+00:00
https://nrs.objectstore.gov.bc.ca/gdwuts/094/094p/2025/dem/bc_094p065_3_3_2_xli1m_utm10_20250509_20251014.tif,200,True,,2026-08-29T19:30:09.471849+00:00
https://nrs.objectstore.gov.bc.ca/gdwuts/094/094p/2025/dem/bc_094p065_3_3_3_xli1m_utm10_20250509_20251014.tif,200,True,,2026-08-29T19:30:09.532149+00:00
https://nrs.objectstore.gov.bc.ca/gdwuts/094/094p/2025/dem/bc_094p065_3_3_4_xli1m_utm10_20250509_20251014.tif,200,True,,2026-08-29T19:30:09.546198+00:00
https://nrs.objectstore.gov.bc.ca/gdwuts/094/094p/2025/dem/bc_094p065_3_4_1_xli1m_utm10_20251014_20251014.tif,200,True,,2026-08-29T19:30:09.500902+00:00
https://nrs.objectstore.gov.bc.ca/gdwuts/094/094p/2025/dem/bc_094p065_3_4_2_xli1m_utm10_20251014_20251014.tif,200,True,,2026-08-29T19:30:09.521231+00:00
https://nrs.objectstore.gov.bc.ca/gdwuts/094/094p/2025/dem/bc_094p065_3_4_3_xli1m_utm10_20251014_20251014.tif,200,True,,2026-08-29T19:30:09.524137+00:00
https://nrs.objectstore.gov.bc.ca/gdwuts/094/094p/2025/dem/bc_094p065_3_4_4_xli1m_utm10_20251014_20251014.tif,200,True,,2026-08-29T19:30:09.550890+00:00
https://nrs.objectstore.gov.bc.ca/gdwuts/094/094p/2025/dem/bc_094p065_4_1_1_xli1m_utm10_20250509_20251014.tif,200,True,,2026-08-29T19:30:09.562157+00:00
https://nrs.objectstore.gov.bc.ca/gdwuts/094/094p/2025/dem/bc_094p065_4_1_2_xli1m_utm10_20250509_20251014.tif,200,True,,2026-08-29T19:30:09.567453+00:00
https://nrs.objectstore.gov.bc.ca/gdwuts/094/094p/2025/dem/bc_094p065_4_1_3_xli1m_utm10_20250509_20251014.tif,200,True,,2026-08-29T19:30:09.591581+00:00
https://nrs.objectstore.gov.bc.ca/gdwuts/094/094p/2025/dem/bc_094p065_4_1_4_xli1m_utm10_20250509_20251014.tif,200,True,,2026-08-29T19:30:09.606198+00:00
https://nrs.objectstore.gov.bc.ca/gdwuts/094/094p/2025/dem/bc_094p065_4_2_1_xli1m_utm10_20250509_20251014.tif,200,True,,2026-08-29T19:30:09.623530+00:00
https://nrs.objectstore.gov.bc.ca/gdwuts/094/094p/2025/dem/bc_094p065_4_2_2_xli1m_utm10_20250509_20250509.tif,200,True,,2026-08-29T19:30:09.663346+00:00
https://nrs.objectstore.gov.bc.ca/gdwuts/094/094p/2025/dem/bc_094p065_4_2_3_xli1m_utm10_20250509_20251014.tif,200,True,,2026-08-29T19:30:09.678237+00:00
https://nrs.objectstore.gov.bc.ca/gdwuts/094/094p/2025/dem/bc_094p065_4_2_4_xli1m_utm10_20250509_20250509.tif,200,True,,2026-08-29T19:30:09.660287+00:00
https://nrs.objectstore.gov.bc.ca/gdwuts/094/094p/2025/dem/bc_094p065_4_3_1_xli1m_utm10_20250509_20251014.tif,200,True,,2026-08-29T19:30:09.670920+00:00
https://nrs.objectstore.gov.bc.ca/gdwuts/094/094p/2025/dem/bc_094p065_4_3_2_xli1m_utm10_20250509_20251014.tif,200,True,,2026-08-29T19:30:09.671335+00:00
https://nrs.objectstore.gov.bc.ca/gdwuts/094/094p/2025/dem/bc_094p065_4_3_3_xli1m_utm10_20250509_20251014.tif,200,True,,2026-08-29T19:30:09.688902+00:00
https://nrs.objectstore.gov.bc.ca/gdwuts/094/094p/2025/dem/bc_094p065_4_3_4_xli1m_utm10_20250509_20251014.tif,200,True,,2026-08-29T19:30:09.727175+00:00
https://nrs.objectstore.gov.bc.ca/gdwuts/094/094p/2025/dem/bc_094p065_4_4_1_xli1m_utm10_20250509_20251014.tif,200,True,,2026-08-29T19:30:09.742602+00:00
https://nrs.objectstore.gov.bc.ca/gdwuts/094/094p/2025/dem/bc_094p065_4_4_2_xli1m_utm10_20250509_20250509.tif,200,True,,2026-08-29T19:30:09.734217+00:00
https://nrs.objectstore.gov.bc.ca/gdwuts/094/094p/2025/dem/bc_094p065_4_4_3_xli1m_utm10_20250509_20251014.tif,200,True,,2026-08-29T19:30:09.759264+00:00
https://nrs.objectstore.gov.bc.ca/gdwuts/094/094p/2025/dem/bc_094p065_4_4_4_xli1m_utm10_20250509_20250509.tif,200,True,,2026-08-29T19:30:09.755387+00:00
https://nrs.objectstore.gov.bc.ca/gdwuts/094/094p/2025/dem/bc_094p066_1_1_1_xli1m_utm10_20250507_20250509.tif,200,True,,2026-08-29T19:30:09.779792+00:00
https://nrs.objectstore.gov.bc.ca/gdwuts/094/094p/2025/dem/bc_094p066_1_1_2_xli1m_utm10_20250507_20250509.tif,200,True,,2026-08-29T19:30:09.771987+00:00
https://nrs.objectstore.gov.bc.ca/gdwuts/094/094p/2025/dem/bc_094p066_1_1_3_xli1m_utm10_20250507_20250509.tif,200,True,,2026-08-29T19:30:09.790258+00:00
https://nrs.objectstore.gov.bc.ca/gdwuts/094/094p/2025/dem/bc_094p066_1_1_4_xli1m_utm10_20250507_20250509.tif,200,True,,2026-08-29T19:30:09.777460+00:00
https://nrs.objectstore.gov.bc.ca/gdwuts/094/094p/2025/dem/bc_094p066_1_2_1_xli1m_utm10_20250507_20250507.tif,200,True,,2026-08-29T19:30:09.810920+00:00
https://nrs.objectstore.gov.bc.ca/gdwuts/094/094p/2025/dem/bc_094p066_1_2_2_xli1m_utm10_20250507_20250507.tif,200,True,,2026-08-29T19:30:09.843338+00:00
https://nrs.objectstore.gov.bc.ca/gdwuts/094/094p/2025/dem/bc_094p066_1_2_3_xli1m_utm10_20250507_20250507.tif,200,True,,2026-08-29T19:30:09.918271+00:00
https://nrs.objectstore.gov.bc.ca/gdwuts/094/094p/2025/dem/bc_094p066_1_2_4_xli1m_utm10_20250507_20250507.tif,200,True,,2026-08-29T19:30:09.851192+00:00
https://nrs.objectstore.gov.bc.ca/gdwuts/094/094p/2025/dem/bc_094p066_1_3_1_xli1m_utm10_20250507_20250509.tif,200,True,,2026-08-29T19:30:09.874395+00:00
https://nrs.objectstore.gov.bc.ca/gdwuts/094/094p/2025/dem/bc_094p066_1_3_2_xli1m_utm10_20250507_20250509.tif,200,True,,2026-08-29T19:30:09.881277+00:00
https://nrs.objectstore.gov.bc.ca/gdwuts/094/094p/2025/dem/bc_094p066_1_3_3_xli1m_utm10_20250507_20250509.tif,200,True,,2026-08-29T19:30:09.878718+00:00
https://nrs.objectstore.gov.bc.ca/gdwuts/094/094p/2025/dem/bc_094p066_1_3_4_xli1m_utm10_20250507_20250509.tif,200,True,,2026-08-29T19:30:09.928444+00:00
https://nrs.objectstore.gov.bc.ca/gdwuts/094/094p/2025/dem/bc_094p066_1_4_1_xli1m_utm10_20250507_20250507.tif,200,True,,2026-08-29T19:30:09.938509+00:00
https://nrs.objectstore.gov.bc.ca/gdwuts/094/094p/2025/dem/bc_094p066_1_4_2_xli1m_utm10_20250507_20250507.tif,200,True,,2026-08-29T19:30:09.970621+00:00
https://nrs.objectstore.gov.bc.ca/gdwuts/094/094p/2025/dem/bc_094p066_1_4_3_xli1m_utm10_20250507_20250507.tif,200,True,,2026-08-29T19:30:10.031345+00:00
https://nrs.objectstore.gov.bc.ca/gdwuts/094/094p/2025/dem/bc_094p066_1_4_4_xli1m_utm10_20250507_20250507.tif,200,True,,2026-08-29T19:30:09.947180+00:00
https://nrs.objectstore.gov.bc.ca/gdwuts/094/094p/2025/dem/bc_094p066_2_1_1_xli1m_utm10_20250507_20250507.tif,200,True,,2026-08-29T19:30:09.957269+00:00
https://nrs.objectstore.gov.bc.ca/gdwuts/094/094p/2025/dem/bc_094p066_2_1_2_xli1m_utm10_20250507_20250507.tif,200,True,,2026-08-29T19:30:09.997663+00:00
https://nrs.objectstore.gov.bc.ca/gdwuts/094/094p/2025/dem/bc_094p066_2_1_3_xli1m_utm10_20250507_20250507.tif,200,True,,2026-08-29T19:30:10.001321+00:00
https://nrs.objectstore.gov.bc.ca/gdwuts/094/094p/2025/dem/bc_094p066_2_1_4_xli1m_utm10_20250507_20250507.tif,200,True,,2026-08-29T19:30:09.992758+00:00
https://nrs.objectstore.gov.bc.ca/gdwuts/094/094p/2025/dem/bc_094p066_2_2_1_xli1m_utm10_20250507_20250507.tif,200,True,,2026-08-29T19:30:10.013219+00:00
https://nrs.objectstore.gov.bc.ca/gdwuts/094/094p/2025/dem/bc_094p066_2_2_2_xli1m_utm10_20250507_20250507.tif,200,True,,2026-08-29T19:30:10.034016+00:00
https://nrs.objectstore.gov.bc.ca/gdwuts/094/094p/2025/dem/bc_094p066_2_2_3_xli1m_utm10_20250507_20250507.tif,200,True,,2026-08-29T19:30:10.071306+00:00
https://nrs.objectstore.gov.bc.ca/gdwuts/094/094p/2025/dem/bc_094p066_2_2_4_xli1m_utm10_20250507_20250507.tif,200,True,,2026-08-29T19:30:10.059349+00:00
https://nrs.objectstore.gov.bc.ca/gdwuts/094/094p/2025/dem/bc_094p066_2_3_1_xli1m_utm10_20250507_20250507.tif,200,True,,2026-08-29T19:30:10.063200+00:00
https://nrs.objectstore.gov.bc.ca/gdwuts/094/094p/2025/dem/bc_094p066_2_3_2_xli1m_utm10_20250507_20250507.tif,200,True,,2026-08-29T19:30:10.077577+00:00
https://nrs.objectstore.gov.bc.ca/gdwuts/094/094p/2025/dem/bc_094p066_2_3_3_xli1m_utm10_20250507_20250507.tif,200,True,,2026-08-29T19:30:10.136721+00:00
https://nrs.objectstore.gov.bc.ca/gdwuts/094/094p/2025/dem/bc_094p066_2_3_4_xli1m_utm10_20250507_20250507.tif,200,True,,2026-08-29T19:30:10.109143+00:00
https://nrs.objectstore.gov.bc.ca/gdwuts/094/094p/2025/dem/bc_094p066_2_4_1_xli1m_utm10_20250507_20250507.tif,200,True,,2026-08-29T19:30:10.152365+00:00
https://nrs.objectstore.gov.bc.ca/gdwuts/094/094p/2025/dem/bc_094p066_2_4_2_xli1m_utm10_20250507_20250507.tif,200,True,,2026-08-29T19:30:10.134867+00:00
https://nrs.objectstore.gov.bc.ca/gdwuts/094/094p/2025/dem/bc_094p066_2_4_3_xli1m_utm10_20250507_20250507.tif,200,True,,2026-08-29T19:30:10.175762+00:00
https://nrs.objectstore.gov.bc.ca/gdwuts/094/094p/2025/dem/bc_094p066_2_4_4_xli1m_utm10_20250507_20250507.tif,200,True,,2026-08-29T19:30:10.168232+00:00
https://nrs.objectstore.gov.bc.ca/gdwuts/094/094p/2025/dem/bc_094p066_3_1_1_xli1m_utm10_20250507_20250509.tif,200,True,,2026-08-29T19:30:10.174180+00:00
https://nrs.objectstore.gov.bc.ca/gdwuts/094/094p/2025/dem/bc_094p066_3_1_2_xli1m_utm10_20250507_20250509.tif,200,True,,2026-08-29T19:30:10.204045+00:00
https://nrs.objectstore.gov.bc.ca/gdwuts/094/094p/2025/dem/bc_094p066_3_1_3_xli1m_utm10_20250509_20250509.tif,200,True,,2026-08-29T19:30:10.193142+00:00
https://nrs.objectstore.gov.bc.ca/gdwuts/094/094p/2025/dem/bc_094p066_3_1_4_xli1m_utm10_20250507_20251014.tif,200,True,,2026-08-29T19:30:10.204479+00:00
https://nrs.objectstore.gov.bc.ca/gdwuts/094/094p/2025/dem/bc_094p066_3_2_1_xli1m_utm10_20250507_20250507.tif,200,True,,2026-08-29T19:30:10.260143+00:00
https://nrs.objectstore.gov.bc.ca/gdwuts/094/094p/2025/dem/bc_094p066_3_2_2_xli1m_utm10_20250507_20250507.tif,200,True,,2026-08-29T19:30:10.243248+00:00
https://nrs.objectstore.gov.bc.ca/gdwuts/094/094p/2025/dem/bc_094p066_3_2_3_xli1m_utm10_20250507_20251014.tif,200,True,,2026-08-29T19:30:10.251170+00:00
https://nrs.objectstore.gov.bc.ca/gdwuts/094/094p/2025/dem/bc_094p066_3_2_4_xli1m_utm10_20250507_20251014.tif,200,True,,2026-08-29T19:30:10.274959+00:00
https://nrs.objectstore.gov.bc.ca/gdwuts/094/094p/2025/dem/bc_094p066_3_3_1_xli1m_utm10_20250509_20250509.tif,200,True,,2026-08-29T19:30:10.270458+00:00
https://nrs.objectstore.gov.bc.ca/gdwuts/094/094p/2025/dem/bc_094p066_3_3_2_xli1m_utm10_20250507_20251014.tif,200,True,,2026-08-29T19:30:10.263835+00:00
https://nrs.objectstore.gov.bc.ca/gdwuts/094/094p/2025/dem/bc_094p066_3_3_3_xli1m_utm10_20250509_20250509.tif,200,True,,2026-08-29T19:30:10.285579+00:00
https://nrs.objectstore.gov.bc.ca/gdwuts/094/094p/2025/dem/bc_094p066_3_3_4_xli1m_utm10_20250507_20250509.tif,200,True,,2026-08-29T19:30:10.321191+00:00
https://nrs.objectstore.gov.bc.ca/gdwuts/094/094p/2025/dem/bc_094p066_3_4_1_xli1m_utm10_20250507_20251014.tif,200,True,,2026-08-29T19:30:10.317145+00:00
https://nrs.objectstore.gov.bc.ca/gdwuts/094/094p/2025/dem/bc_094p066_3_4_2_xli1m_utm10_20250507_20251014.tif,200,True,,2026-08-29T19:30:10.341259+00:00
https://nrs.objectstore.gov.bc.ca/gdwuts/094/094p/2025/dem/bc_094p066_3_4_3_xli1m_utm10_20250507_20251014.tif,200,True,,2026-08-29T19:30:10.409604+00:00
https://nrs.objectstore.gov.bc.ca/gdwuts/094/094p/2025/dem/bc_094p066_3_4_4_xli1m_utm10_20250507_20251014.tif,200,True,,2026-08-29T19:30:10.414576+00:00
https://nrs.objectstore.gov.bc.ca/gdwuts/094/094p/2025/dem/bc_094p066_4_1_1_xli1m_utm10_20250507_20250507.tif,200,True,,2026-08-29T19:30:10.369718+00:00
https://nrs.objectstore.gov.bc.ca/gdwuts/094/094p/2025/dem/bc_094p066_4_1_2_xli1m_utm10_20250507_20250507.tif,200,True,,2026-08-29T19:30:10.406219+00:00
https://nrs.objectstore.gov.bc.ca/gdwuts/094/094p/2025/dem/bc_094p066_4_1_3_xli1m_utm10_20250507_20251014.tif,200,True,,2026-08-29T19:30:10.418140+00:00
https://nrs.objectstore.gov.bc.ca/gdwuts/094/094p/2025/dem/bc_094p066_4_1_4_xli1m_utm10_20250507_20251014.tif,200,True,,2026-08-29T19:30:10.375408+00:00
https://nrs.objectstore.gov.bc.ca/gdwuts/094/094p/2025/dem/bc_094p066_4_2_1_xli1m_utm10_20250507_20250507.tif,200,True,,2026-08-29T19:30:10.457896+00:00
https://nrs.objectstore.gov.bc.ca/gdwuts/094/094p/2025/dem/bc_094p066_4_2_2_xli1m_utm10_20250507_20250507.tif,200,True,,2026-08-29T19:30:10.467224+00:00
https://nrs.objectstore.gov.bc.ca/gdwuts/094/094p/2025/dem/bc_094p066_4_2_3_xli1m_utm10_20250507_20251014.tif,200,True,,2026-08-29T19:30:10.493151+00:00
https://nrs.objectstore.gov.bc.ca/gdwuts/094/094p/2025/dem/bc_094p066_4_2_4_xli1m_utm10_20250507_20250507.tif,200,True,,2026-08-29T19:30:10.485168+00:00
https://nrs.objectstore.gov.bc.ca/gdwuts/094/094p/2025/dem/bc_094p066_4_3_1_xli1m_utm10_20250507_20251014.tif,200,True,,2026-08-29T19:30:10.473193+00:00
https://nrs.objectstore.gov.bc.ca/gdwuts/094/094p/2025/dem/bc_094p066_4_3_2_xli1m_utm10_20250507_20251014.tif,200,True,,2026-08-29T19:30:10.455265+00:00
https://nrs.objectstore.gov.bc.ca/gdwuts/094/094p/2025/dem/bc_094p066_4_3_3_xli1m_utm10_20250507_20251014.tif,200,True,,2026-08-29T19:30:10.506534+00:00
https://nrs.objectstore.gov.bc.ca/gdwuts/094/094p/2025/dem/bc_094p066_4_3_4_xli1m_utm10_20250507_20251014.tif,200,True,,2026-08-29T19:30:10.527546+00:00
https://nrs.objectstore.gov.bc.ca/gdwuts/094/094p/2025/dem/bc_094p066_4_4_1_xli1m_utm10_20250507_20251014.tif,200,True,,2026-08-29T19:30:10.501495+00:00
https://nrs.objectstore.gov.bc.ca/gdwuts/094/094p/2025/dem/bc_094p066_4_4_2_xli1m_utm10_20250507_20251014.tif,200,True,,2026-08-29T19:30:10.557158+00:00
https://nrs.objectstore.gov.bc.ca/gdwuts/094/094p/2025/dem/bc_094p066_4_4_3_xli1m_utm10_20250507_20251014.tif,200,True,,2026-08-29T19:30:10.553631+00:00
https://nrs.objectstore.gov.bc.ca/gdwuts/094/094p/2025/dem/bc_094p066_4_4_4_xli1m_utm10_20250507_20251014.tif,200,True,,2026-08-29T19:30:10.562731+00:00
https://nrs.objectstore.gov.bc.ca/gdwuts/094/094p/2025/dem/bc_094p067_1_1_1_xli1m_utm10_20250507_20250507.tif,200,True,,2026-08-29T19:30:10.603826+00:00
https://nrs.objectstore.gov.bc.ca/gdwuts/094/094p/2025/dem/bc_094p067_1_1_2_xli1m_utm10_20250506_20250507.tif,200,True,,2026-08-29T19:30:10.575237+00:00
https://nrs.objectstore.gov.bc.ca/gdwuts/094/094p/2025/dem/bc_094p067_1_1_3_xli1m_utm10_20250507_20250507.tif,200,True,,2026-08-29T19:30:10.588198+00:00
https://nrs.objectstore.gov.bc.ca/gdwuts/094/094p/2025/dem/bc_094p067_1_1_4_xli1m_utm10_20250506_20250507.tif,200,True,,2026-08-29T19:30:10.599158+00:00
https://nrs.objectstore.gov.bc.ca/gdwuts/094/094p/2025/dem/bc_094p067_1_2_1_xli1m_utm10_20250506_20250506.tif,200,True,,2026-08-29T19:30:10.691983+00:00
https://nrs.objectstore.gov.bc.ca/gdwuts/094/094p/2025/dem/bc_094p067_1_2_2_xli1m_utm10_20250506_20250506.tif,200,True,,2026-08-29T19:30:10.637246+00:00
https://nrs.objectstore.gov.bc.ca/gdwuts/094/094p/2025/dem/bc_094p067_1_2_3_xli1m_utm10_20250506_20250506.tif,200,True,,2026-08-29T19:30:10.683568+00:00
https://nrs.objectstore.gov.bc.ca/gdwuts/094/094p/2025/dem/bc_094p067_1_2_4_xli1m_utm10_20250506_20250506.tif,200,True,,2026-08-29T19:30:10.657190+00:00
https://nrs.objectstore.gov.bc.ca/gdwuts/094/094p/2025/dem/bc_094p067_1_3_1_xli1m_utm10_20250507_20250507.tif,200,True,,2026-08-29T19:30:10.678186+00:00
https://nrs.objectstore.gov.bc.ca/gdwuts/094/094p/2025/dem/bc_094p067_1_3_2_xli1m_utm10_20250506_20250507.tif,200,True,,2026-08-29T19:30:10.693427+00:00
https://nrs.objectstore.gov.bc.ca/gdwuts/094/094p/2025/dem/bc_094p067_1_3_3_xli1m_utm10_20250507_20250507.tif,200,True,,2026-08-29T19:30:10.711609+00:00
https://nrs.objectstore.gov.bc.ca/gdwuts/094/094p/2025/dem/bc_094p067_1_3_4_xli1m_utm10_20250506_20250507.tif,200,True,,2026-08-29T19:30:10.750165+00:00
https://nrs.objectstore.gov.bc.ca/gdwuts/094/094p/2025/dem/bc_094p067_1_4_1_xli1m_utm10_20250506_20250506.tif,200,True,,2026-08-29T19:30:10.761165+00:00
https://nrs.objectstore.gov.bc.ca/gdwuts/094/094p/2025/dem/bc_094p067_1_4_3_xli1m_utm10_20250506_20250507.tif,200,True,,2026-08-29T19:30:10.733210+00:00
https://nrs.objectstore.gov.bc.ca/gdwuts/094/094p/2025/dem/bc_094p067_1_4_4_xli1m_utm10_20250506_20250506.tif,200,True,,2026-08-29T19:30:10.775140+00:00
https://nrs.objectstore.gov.bc.ca/gdwuts/094/094p/2025/dem/bc_094p067_2_1_1_xli1m_utm10_20250506_20250506.tif,200,True,,2026-08-29T19:30:10.749714+00:00
https://nrs.objectstore.gov.bc.ca/gdwuts/094/094p/2025/dem/bc_094p067_2_1_3_xli1m_utm10_20250506_20250506.tif,200,True,,2026-08-29T19:30:10.782132+00:00
https://nrs.objectstore.gov.bc.ca/gdwuts/094/094p/2025/dem/bc_094p067_2_1_4_xli1m_utm10_20250506_20250506.tif,200,True,,2026-08-29T19:30:10.797181+00:00
https://nrs.objectstore.gov.bc.ca/gdwuts/094/094p/2025/dem/bc_094p067_2_2_1_xli1m_utm10_20250506_20250506.tif,200,True,,2026-08-29T19:30:10.810690+00:00
https://nrs.objectstore.gov.bc.ca/gdwuts/094/094p/2025/dem/bc_094p067_2_2_2_xli1m_utm10_20250506_20250506.tif,200,True,,2026-08-29T19:30:10.783431+00:00
https://nrs.objectstore.gov.bc.ca/gdwuts/094/094p/2025/dem/bc_094p067_2_2_3_xli1m_utm10_20250506_20250506.tif,200,True,,2026-08-29T19:30:10.844156+00:00
https://nrs.objectstore.gov.bc.ca/gdwuts/094/094p/2025/dem/bc_094p067_2_2_4_xli1m_utm10_20250506_20250506.tif,200,True,,2026-08-29T19:30:10.834871+00:00
https://nrs.objectstore.gov.bc.ca/gdwuts/094/094p/2025/dem/bc_094p067_2_3_1_xli1m_utm10_20250506_20250506.tif,200,True,,2026-08-29T19:30:10.856159+00:00
https://nrs.objectstore.gov.bc.ca/gdwuts/094/094p/2025/dem/bc_094p067_2_3_2_xli1m_utm10_20250506_20250506.tif,200,True,,2026-08-29T19:30:10.916224+00:00
https://nrs.objectstore.gov.bc.ca/gdwuts/094/094p/2025/dem/bc_094p067_2_3_3_xli1m_utm10_20250506_20250506.tif,200,True,,2026-08-29T19:30:10.879242+00:00
https://nrs.objectstore.gov.bc.ca/gdwuts/094/094p/2025/dem/bc_094p067_2_3_4_xli1m_utm10_20250506_20250506.tif,200,True,,2026-08-29T19:30:10.871167+00:00
https://nrs.objectstore.gov.bc.ca/gdwuts/094/094p/2025/dem/bc_094p067_2_4_1_xli1m_utm10_20250506_20250506.tif,200,True,,2026-08-29T19:30:10.905238+00:00
https://nrs.objectstore.gov.bc.ca/gdwuts/094/094p/2025/dem/bc_094p067_2_4_2_xli1m_utm10_20250506_20250506.tif,200,True,,2026-08-29T19:30:10.938238+00:00
https://nrs.objectstore.gov.bc.ca/gdwuts/094/094p/2025/dem/bc_094p067_2_4_3_xli1m_utm10_20250506_20250506.tif,200,True,,2026-08-29T19:30:10.931485+00:00
https://nrs.objectstore.gov.bc.ca/gdwuts/094/094p/2025/dem/bc_094p067_2_4_4_xli1m_utm10_20250506_20250506.tif,200,True,,2026-08-29T19:30:11.025449+00:00
https://nrs.objectstore.gov.bc.ca/gdwuts/094/094p/2025/dem/bc_094p067_3_1_1_xli1m_utm10_20250507_20250507.tif,200,True,,2026-08-29T19:30:11.012959+00:00
https://nrs.objectstore.gov.bc.ca/gdwuts/094/094p/2025/dem/bc_094p067_3_1_2_xli1m_utm10_20250506_20250507.tif,200,True,,2026-08-29T19:30:10.977262+00:00
https://nrs.objectstore.gov.bc.ca/gdwuts/094/094p/2025/dem/bc_094p067_3_1_3_xli1m_utm10_20250507_20250507.tif,200,True,,2026-08-29T19:30:10.977997+00:00
https://nrs.objectstore.gov.bc.ca/gdwuts/094/094p/2025/dem/bc_094p067_3_1_4_xli1m_utm10_20250506_20250507.tif,200,True,,2026-08-29T19:30:11.010153+00:00
https://nrs.objectstore.gov.bc.ca/gdwuts/094/094p/2025/dem/bc_094p067_3_2_1_xli1m_utm10_20250506_20250507.tif,200,True,,2026-08-29T19:30:11.001220+00:00
https://nrs.objectstore.gov.bc.ca/gdwuts/094/094p/2025/dem/bc_094p067_3_2_2_xli1m_utm10_20250506_20250506.tif,200,True,,2026-08-29T19:30:11.017164+00:00
https://nrs.objectstore.gov.bc.ca/gdwuts/094/094p/2025/dem/bc_094p067_3_2_3_xli1m_utm10_20250506_20250507.tif,200,True,,2026-08-29T19:30:11.031906+00:00
https://nrs.objectstore.gov.bc.ca/gdwuts/094/094p/2025/dem/bc_094p067_3_2_4_xli1m_utm10_20250506_20250506.tif,200,True,,2026-08-29T19:30:11.048245+00:00
https://nrs.objectstore.gov.bc.ca/gdwuts/094/094p/2025/dem/bc_094p067_3_3_1_xli1m_utm10_20250507_20251014.tif,200,True,,2026-08-29T19:30:11.058203+00:00
https://nrs.objectstore.gov.bc.ca/gdwuts/094/094p/2025/dem/bc_094p067_3_3_2_xli1m_utm10_20250506_20251014.tif,200,True,,2026-08-29T19:30:11.064155+00:00
https://nrs.objectstore.gov.bc.ca/gdwuts/094/094p/2025/dem/bc_094p067_3_3_3_xli1m_utm10_20250507_20251014.tif,200,True,,2026-08-29T19:30:11.071963+00:00
https://nrs.objectstore.gov.bc.ca/gdwuts/094/094p/2025/dem/bc_094p067_3_3_4_xli1m_utm10_20250506_20251014.tif,200,True,,2026-08-29T19:30:11.086278+00:00
https://nrs.objectstore.gov.bc.ca/gdwuts/094/094p/2025/dem/bc_094p067_3_4_1_xli1m_utm10_20250506_20251014.tif,200,True,,2026-08-29T19:30:11.096365+00:00
https://nrs.objectstore.gov.bc.ca/gdwuts/094/094p/2025/dem/bc_094p067_3_4_2_xli1m_utm10_20250506_20251014.tif,200,True,,2026-08-29T19:30:11.108158+00:00
https://nrs.objectstore.gov.bc.ca/gdwuts/094/094p/2025/dem/bc_094p067_3_4_3_xli1m_utm10_20250506_20251014.tif,200,True,,2026-08-29T19:30:11.115168+00:00
https://nrs.objectstore.gov.bc.ca/gdwuts/094/094p/2025/dem/bc_094p067_3_4_4_xli1m_utm10_20250506_20251014.tif,200,True,,2026-08-29T19:30:11.172632+00:00
https://nrs.objectstore.gov.bc.ca/gdwuts/094/094p/2025/dem/bc_094p067_4_1_1_xli1m_utm10_20250506_20250506.tif,200,True,,2026-08-29T19:30:11.142257+00:00
https://nrs.objectstore.gov.bc.ca/gdwuts/094/094p/2025/dem/bc_094p067_4_1_2_xli1m_utm10_20250506_20250506.tif,200,True,,2026-08-29T19:30:11.186273+00:00
https://nrs.objectstore.gov.bc.ca/gdwuts/094/094p/2025/dem/bc_094p067_4_1_3_xli1m_utm10_20250506_20250506.tif,200,True,,2026-08-29T19:30:11.218218+00:00
https://nrs.objectstore.gov.bc.ca/gdwuts/094/094p/2025/dem/bc_094p067_4_1_4_xli1m_utm10_20250506_20250506.tif,200,True,,2026-08-29T19:30:11.191300+00:00
https://nrs.objectstore.gov.bc.ca/gdwuts/094/094p/2025/dem/bc_094p067_4_2_1_xli1m_utm10_20250506_20250506.tif,200,True,,2026-08-29T19:30:11.194144+00:00
https://nrs.objectstore.gov.bc.ca/gdwuts/094/094p/2025/dem/bc_094p067_4_2_2_xli1m_utm10_20250506_20250506.tif,200,True,,2026-08-29T19:30:11.236883+00:00
https://nrs.objectstore.gov.bc.ca/gdwuts/094/094p/2025/dem/bc_094p067_4_2_3_xli1m_utm10_20250506_20250506.tif,200,True,,2026-08-29T19:30:11.240162+00:00
https://nrs.objectstore.gov.bc.ca/gdwuts/094/094p/2025/dem/bc_094p067_4_2_4_xli1m_utm10_20250506_20250506.tif,200,True,,2026-08-29T19:30:11.295523+00:00
https://nrs.objectstore.gov.bc.ca/gdwuts/094/094p/2025/dem/bc_094p067_4_3_1_xli1m_utm10_20250506_20251014.tif,200,True,,2026-08-29T19:30:11.311198+00:00
https://nrs.objectstore.gov.bc.ca/gdwuts/094/094p/2025/dem/bc_094p067_4_3_2_xli1m_utm10_20250506_20251014.tif,200,True,,2026-08-29T19:30:11.311646+00:00
https://nrs.objectstore.gov.bc.ca/gdwuts/094/094p/2025/dem/bc_094p067_4_3_3_xli1m_utm10_20250506_20251014.tif,200,True,,2026-08-29T19:30:11.266242+00:00
https://nrs.objectstore.gov.bc.ca/gdwuts/094/094p/2025/dem/bc_094p067_4_3_4_xli1m_utm10_20250506_20251014.tif,200,True,,2026-08-29T19:30:11.319419+00:00
https://nrs.objectstore.gov.bc.ca/gdwuts/094/094p/2025/dem/bc_094p067_4_4_2_xli1m_utm10_20250506_20251014.tif,200,True,,2026-08-29T19:30:11.293768+00:00
https://nrs.objectstore.gov.bc.ca/gdwuts/094/094p/2025/dem/bc_094p067_4_4_3_xli1m_utm10_20250506_20251014.tif,200,True,,2026-08-29T19:30:11.317296+00:00
https://nrs.objectstore.gov.bc.ca/gdwuts/094/094p/2025/dem/bc_094p067_4_4_4_xli1m_utm10_20250506_20251014.tif,200,True,,2026-08-29T19:30:11.326824+00:00
https://nrs.objectstore.gov.bc.ca/gdwuts/094/094p/2025/dem/bc_094p068_1_1_1_xli1m_utm10_20250506_20250506.tif,200,True,,2026-08-29T19:30:11.334146+00:00
https://nrs.objectstore.gov.bc.ca/gdwuts/094/094p/2025/dem/bc_094p068_1_1_3_xli1m_utm10_20250506_20250506.tif,200,True,,2026-08-29T19:30:11.374282+00:00
https://nrs.objectstore.gov.bc.ca/gdwuts/094/094p/2025/dem/bc_094p068_1_3_1_xli1m_utm10_20250506_20250506.tif,200,True,,2026-08-29T19:30:11.388156+00:00
https://nrs.objectstore.gov.bc.ca/gdwuts/094/094p/2025/dem/bc_094p068_1_3_3_xli1m_utm10_20250506_20250506.tif,200,True,,2026-08-29T19:30:11.381175+00:00
https://nrs.objectstore.gov.bc.ca/gdwuts/094/094p/2025/dem/bc_094p068_3_1_1_xli1m_utm10_20250506_20250506.tif,200,True,,2026-08-29T19:30:11.393615+00:00
https://nrs.objectstore.gov.bc.ca/gdwuts/094/094p/2025/dem/bc_094p068_3_1_3_xli1m_utm10_20250506_20250506.tif,200,True,,2026-08-29T19:30:11.400152+00:00
https://nrs.objectstore.gov.bc.ca/gdwuts/094/094p/2025/dem/bc_094p068_3_3_1_xli1m_utm10_20250506_20251014.tif,200,True,,2026-08-29T19:30:11.426178+00:00
https://nrs.objectstore.gov.bc.ca/gdwuts/094/094p/2025/dem/bc_094p068_3_3_3_xli1m_utm10_20250506_20251014.tif,200,True,,2026-08-29T19:30:11.413199+00:00
https://nrs.objectstore.gov.bc.ca/gdwuts/094/094p/2025/dem/bc_094p071_4_3_1_xli1m_utm10_20250508_20250508.tif,200,True,,2026-08-29T19:30:11.445424+00:00
https://nrs.objectstore.gov.bc.ca/gdwuts/094/094p/2025/dem/bc_094p071_4_3_3_xli1m_utm10_20250508_20250508.tif,200,True,,2026-08-29T19:30:11.477412+00:00
https://nrs.objectstore.gov.bc.ca/gdwuts/094/094p/2025/dem/bc_094p073_2_1_2_xli1m_utm10_20250508_20251013.tif,200,True,,2026-08-29T19:30:11.471154+00:00
https://nrs.objectstore.gov.bc.ca/gdwuts/094/094p/2025/dem/bc_094p073_2_1_4_xli1m_utm10_20250508_20250510.tif,200,True,,2026-08-29T19:30:11.535887+00:00
https://nrs.objectstore.gov.bc.ca/gdwuts/094/094p/2025/dem/bc_094p073_2_2_1_xli1m_utm10_20250508_20251013.tif,200,True,,2026-08-29T19:30:11.539848+00:00
https://nrs.objectstore.gov.bc.ca/gdwuts/094/094p/2025/dem/bc_094p073_2_2_2_xli1m_utm10_20250510_20250510.tif,200,True,,2026-08-29T19:30:11.518164+00:00
https://nrs.objectstore.gov.bc.ca/gdwuts/094/094p/2025/dem/bc_094p073_2_2_3_xli1m_utm10_20250508_20250510.tif,200,True,,2026-08-29T19:30:11.527123+00:00
https://nrs.objectstore.gov.bc.ca/gdwuts/094/094p/2025/dem/bc_094p073_2_2_4_xli1m_utm10_20250510_20250510.tif,200,True,,2026-08-29T19:30:11.507162+00:00
https://nrs.objectstore.gov.bc.ca/gdwuts/094/094p/2025/dem/bc_094p073_2_3_2_xli1m_utm10_20250508_20250508.tif,200,True,,2026-08-29T19:30:11.540317+00:00
https://nrs.objectstore.gov.bc.ca/gdwuts/094/094p/2025/dem/bc_094p073_2_3_4_xli1m_utm10_20250508_20250508.tif,200,True,,2026-08-29T19:30:11.576131+00:00
https://nrs.objectstore.gov.bc.ca/gdwuts/094/094p/2025/dem/bc_094p073_2_4_1_xli1m_utm10_20250508_20250510.tif,200,True,,2026-08-29T19:30:11.613811+00:00
https://nrs.objectstore.gov.bc.ca/gdwuts/094/094p/2025/dem/bc_094p073_2_4_2_xli1m_utm10_20250510_20250510.tif,200,True,,2026-08-29T19:30:11.572759+00:00
https://nrs.objectstore.gov.bc.ca/gdwuts/094/094p/2025/dem/bc_094p073_2_4_3_xli1m_utm10_20250508_20250510.tif,200,True,,2026-08-29T19:30:11.630499+00:00
https://nrs.objectstore.gov.bc.ca/gdwuts/094/094p/2025/dem/bc_094p073_2_4_4_xli1m_utm10_20250510_20250510.tif,200,True,,2026-08-29T19:30:11.621211+00:00
https://nrs.objectstore.gov.bc.ca/gdwuts/094/094p/2025/dem/bc_094p073_4_1_2_xli1m_utm10_20250508_20250508.tif,200,True,,2026-08-29T19:30:11.594052+00:00
https://nrs.objectstore.gov.bc.ca/gdwuts/094/094p/2025/dem/bc_094p073_4_1_4_xli1m_utm10_20250508_20250508.tif,200,True,,2026-08-29T19:30:11.639561+00:00
https://nrs.objectstore.gov.bc.ca/gdwuts/094/094p/2025/dem/bc_094p073_4_2_1_xli1m_utm10_20250508_20250510.tif,200,True,,2026-08-29T19:30:11.643932+00:00
https://nrs.objectstore.gov.bc.ca/gdwuts/094/094p/2025/dem/bc_094p073_4_2_2_xli1m_utm10_20250510_20250510.tif,200,True,,2026-08-29T19:30:11.699460+00:00
https://nrs.objectstore.gov.bc.ca/gdwuts/094/094p/2025/dem/bc_094p073_4_2_3_xli1m_utm10_20250508_20250510.tif,200,True,,2026-08-29T19:30:11.661048+00:00
https://nrs.objectstore.gov.bc.ca/gdwuts/094/094p/2025/dem/bc_094p073_4_2_4_xli1m_utm10_20250510_20250510.tif,200,True,,2026-08-29T19:30:11.714057+00:00
https://nrs.objectstore.gov.bc.ca/gdwuts/094/094p/2025/dem/bc_094p073_4_3_2_xli1m_utm10_20250508_20250508.tif,200,True,,2026-08-29T19:30:11.696394+00:00
https://nrs.objectstore.gov.bc.ca/gdwuts/094/094p/2025/dem/bc_094p073_4_3_4_xli1m_utm10_20250508_20250508.tif,200,True,,2026-08-29T19:30:11.720640+00:00
https://nrs.objectstore.gov.bc.ca/gdwuts/094/094p/2025/dem/bc_094p073_4_4_1_xli1m_utm10_20250508_20250510.tif,200,True,,2026-08-29T19:30:11.724265+00:00
https://nrs.objectstore.gov.bc.ca/gdwuts/094/094p/2025/dem/bc_094p073_4_4_2_xli1m_utm10_20250510_20250510.tif,200,True,,2026-08-29T19:30:11.741522+00:00
https://nrs.objectstore.gov.bc.ca/gdwuts/094/094p/2025/dem/bc_094p073_4_4_3_xli1m_utm10_20250508_20250510.tif,200,True,,2026-08-29T19:30:11.734051+00:00
https://nrs.objectstore.gov.bc.ca/gdwuts/094/094p/2025/dem/bc_094p073_4_4_4_xli1m_utm10_20250510_20250510.tif,200,True,,2026-08-29T19:30:11.782703+00:00
https://nrs.objectstore.gov.bc.ca/gdwuts/094/094p/2025/dem/bc_094p074_1_1_1_xli1m_utm10_20250510_20250510.tif,200,True,,2026-08-29T19:30:11.758799+00:00
https://nrs.objectstore.gov.bc.ca/gdwuts/094/094p/2025/dem/bc_094p074_1_1_2_xli1m_utm10_20250509_20250510.tif,200,True,,2026-08-29T19:30:11.782246+00:00
https://nrs.objectstore.gov.bc.ca/gdwuts/094/094p/2025/dem/bc_094p074_1_1_3_xli1m_utm10_20250510_20250510.tif,200,True,,2026-08-29T19:30:11.806231+00:00
https://nrs.objectstore.gov.bc.ca/gdwuts/094/094p/2025/dem/bc_094p074_1_1_4_xli1m_utm10_20250509_20250510.tif,200,True,,2026-08-29T19:30:11.841966+00:00
https://nrs.objectstore.gov.bc.ca/gdwuts/094/094p/2025/dem/bc_094p074_1_2_1_xli1m_utm10_20250509_20250510.tif,200,True,,2026-08-29T19:30:11.829979+00:00
https://nrs.objectstore.gov.bc.ca/gdwuts/094/094p/2025/dem/bc_094p074_1_2_2_xli1m_utm10_20250509_20250509.tif,200,True,,2026-08-29T19:30:11.835390+00:00
https://nrs.objectstore.gov.bc.ca/gdwuts/094/094p/2025/dem/bc_094p074_1_2_3_xli1m_utm10_20250509_20250510.tif,200,True,,2026-08-29T19:30:11.859082+00:00
https://nrs.objectstore.gov.bc.ca/gdwuts/094/094p/2025/dem/bc_094p074_1_2_4_xli1m_utm10_20250509_20250509.tif,200,True,,2026-08-29T19:30:11.846737+00:00
https://nrs.objectstore.gov.bc.ca/gdwuts/094/094p/2025/dem/bc_094p074_1_3_1_xli1m_utm10_20250510_20250510.tif,200,True,,2026-08-29T19:30:11.872761+00:00
https://nrs.objectstore.gov.bc.ca/gdwuts/094/094p/2025/dem/bc_094p074_1_3_2_xli1m_utm10_20250509_20250510.tif,200,True,,2026-08-29T19:30:11.900187+00:00
https://nrs.objectstore.gov.bc.ca/gdwuts/094/094p/2025/dem/bc_094p074_1_3_3_xli1m_utm10_20250510_20250510.tif,200,True,,2026-08-29T19:30:11.913920+00:00
https://nrs.objectstore.gov.bc.ca/gdwuts/094/094p/2025/dem/bc_094p074_1_3_4_xli1m_utm10_20250509_20250510.tif,200,True,,2026-08-29T19:30:11.974152+00:00
https://nrs.objectstore.gov.bc.ca/gdwuts/094/094p/2025/dem/bc_094p074_1_4_1_xli1m_utm10_20250509_20250510.tif,200,True,,2026-08-29T19:30:11.913004+00:00
https://nrs.objectstore.gov.bc.ca/gdwuts/094/094p/2025/dem/bc_094p074_1_4_2_xli1m_utm10_20250509_20250509.tif,200,True,,2026-08-29T19:30:11.950451+00:00
https://nrs.objectstore.gov.bc.ca/gdwuts/094/094p/2025/dem/bc_094p074_1_4_3_xli1m_utm10_20250509_20250510.tif,200,True,,2026-08-29T19:30:11.935243+00:00
https://nrs.objectstore.gov.bc.ca/gdwuts/094/094p/2025/dem/bc_094p074_1_4_4_xli1m_utm10_20250509_20250509.tif,200,True,,2026-08-29T19:30:11.992946+00:00
https://nrs.objectstore.gov.bc.ca/gdwuts/094/094p/2025/dem/bc_094p074_2_1_1_xli1m_utm10_20250509_20251013.tif,200,True,,2026-08-29T19:30:11.992431+00:00
https://nrs.objectstore.gov.bc.ca/gdwuts/094/094p/2025/dem/bc_094p074_2_1_2_xli1m_utm10_20250509_20251015.tif,200,True,,2026-08-29T19:30:11.987411+00:00
https://nrs.objectstore.gov.bc.ca/gdwuts/094/094p/2025/dem/bc_094p074_2_1_3_xli1m_utm10_20250509_20251013.tif,200,True,,2026-08-29T19:30:11.996032+00:00
https://nrs.objectstore.gov.bc.ca/gdwuts/094/094p/2025/dem/bc_094p074_2_1_4_xli1m_utm10_20250509_20251015.tif,200,True,,2026-08-29T19:30:12.016253+00:00
https://nrs.objectstore.gov.bc.ca/gdwuts/094/094p/2025/dem/bc_094p074_2_2_1_xli1m_utm10_20250510_20251015.tif,200,True,,2026-08-29T19:30:12.021211+00:00
https://nrs.objectstore.gov.bc.ca/gdwuts/094/094p/2025/dem/bc_094p074_2_2_2_xli1m_utm10_20251014_20251014.tif,200,True,,2026-08-29T19:30:12.171192+00:00
https://nrs.objectstore.gov.bc.ca/gdwuts/094/094p/2025/dem/bc_094p074_2_2_3_xli1m_utm10_20250510_20251015.tif,200,True,,2026-08-29T19:30:12.057708+00:00
https://nrs.objectstore.gov.bc.ca/gdwuts/094/094p/2025/dem/bc_094p074_2_2_4_xli1m_utm10_20251014_20251014.tif,200,True,,2026-08-29T19:30:12.057269+00:00
https://nrs.objectstore.gov.bc.ca/gdwuts/094/094p/2025/dem/bc_094p074_2_3_1_xli1m_utm10_20250509_20251013.tif,200,True,,2026-08-29T19:30:12.080248+00:00
https://nrs.objectstore.gov.bc.ca/gdwuts/094/094p/2025/dem/bc_094p074_2_3_2_xli1m_utm10_20250509_20251015.tif,200,True,,2026-08-29T19:30:12.082795+00:00
https://nrs.objectstore.gov.bc.ca/gdwuts/094/094p/2025/dem/bc_094p074_2_3_3_xli1m_utm10_20250509_20251013.tif,200,True,,2026-08-29T19:30:12.167165+00:00
https://nrs.objectstore.gov.bc.ca/gdwuts/094/094p/2025/dem/bc_094p074_2_3_4_xli1m_utm10_20250509_20251015.tif,200,True,,2026-08-29T19:30:12.105017+00:00
https://nrs.objectstore.gov.bc.ca/gdwuts/094/094p/2025/dem/bc_094p074_2_4_1_xli1m_utm10_20250510_20251015.tif,200,True,,2026-08-29T19:30:12.110278+00:00
https://nrs.objectstore.gov.bc.ca/gdwuts/094/094p/2025/dem/bc_094p074_2_4_2_xli1m_utm10_20251014_20251014.tif,200,True,,2026-08-29T19:30:12.122186+00:00
https://nrs.objectstore.gov.bc.ca/gdwuts/094/094p/2025/dem/bc_094p074_2_4_3_xli1m_utm10_20250510_20251015.tif,200,True,,2026-08-29T19:30:12.162294+00:00
https://nrs.objectstore.gov.bc.ca/gdwuts/094/094p/2025/dem/bc_094p074_2_4_4_xli1m_utm10_20251014_20251014.tif,200,True,,2026-08-29T19:30:12.182866+00:00
https://nrs.objectstore.gov.bc.ca/gdwuts/094/094p/2025/dem/bc_094p074_3_1_1_xli1m_utm10_20250510_20250510.tif,200,True,,2026-08-29T19:30:12.196125+00:00
https://nrs.objectstore.gov.bc.ca/gdwuts/094/094p/2025/dem/bc_094p074_3_1_2_xli1m_utm10_20250509_20250510.tif,200,True,,2026-08-29T19:30:12.205077+00:00
https://nrs.objectstore.gov.bc.ca/gdwuts/094/094p/2025/dem/bc_094p074_3_1_3_xli1m_utm10_20250510_20250510.tif,200,True,,2026-08-29T19:30:12.173930+00:00
https://nrs.objectstore.gov.bc.ca/gdwuts/094/094p/2025/dem/bc_094p074_3_1_4_xli1m_utm10_20250509_20250510.tif,200,True,,2026-08-29T19:30:12.196550+00:00
https://nrs.objectstore.gov.bc.ca/gdwuts/094/094p/2025/dem/bc_094p074_3_2_1_xli1m_utm10_20250509_20250510.tif,200,True,,2026-08-29T19:30:12.214201+00:00
https://nrs.objectstore.gov.bc.ca/gdwuts/094/094p/2025/dem/bc_094p074_3_2_2_xli1m_utm10_20250509_20250509.tif,200,True,,2026-08-29T19:30:12.244220+00:00
https://nrs.objectstore.gov.bc.ca/gdwuts/094/094p/2025/dem/bc_094p074_3_2_3_xli1m_utm10_20250509_20250510.tif,200,True,,2026-08-29T19:30:12.231721+00:00
https://nrs.objectstore.gov.bc.ca/gdwuts/094/094p/2025/dem/bc_094p074_3_2_4_xli1m_utm10_20250509_20250509.tif,200,True,,2026-08-29T19:30:12.272254+00:00
https://nrs.objectstore.gov.bc.ca/gdwuts/094/094p/2025/dem/bc_094p074_3_3_1_xli1m_utm10_20250510_20250510.tif,200,True,,2026-08-29T19:30:12.285189+00:00
https://nrs.objectstore.gov.bc.ca/gdwuts/094/094p/2025/dem/bc_094p074_3_3_2_xli1m_utm10_20250510_20250510.tif,200,True,,2026-08-29T19:30:12.301887+00:00
https://nrs.objectstore.gov.bc.ca/gdwuts/094/094p/2025/dem/bc_094p074_3_3_3_xli1m_utm10_20250510_20250510.tif,200,True,,2026-08-29T19:30:12.293378+00:00
https://nrs.objectstore.gov.bc.ca/gdwuts/094/094p/2025/dem/bc_094p074_3_3_4_xli1m_utm10_20250510_20250510.tif,200,True,,2026-08-29T19:30:12.293848+00:00
https://nrs.objectstore.gov.bc.ca/gdwuts/094/094p/2025/dem/bc_094p074_3_4_1_xli1m_utm10_20250509_20250510.tif,200,True,,2026-08-29T19:30:12.344253+00:00
https://nrs.objectstore.gov.bc.ca/gdwuts/094/094p/2025/dem/bc_094p074_3_4_2_xli1m_utm10_20250509_20250509.tif,200,True,,2026-08-29T19:30:12.390821+00:00
https://nrs.objectstore.gov.bc.ca/gdwuts/094/094p/2025/dem/bc_094p074_3_4_3_xli1m_utm10_20250509_20250510.tif,200,True,,2026-08-29T19:30:12.357398+00:00
https://nrs.objectstore.gov.bc.ca/gdwuts/094/094p/2025/dem/bc_094p074_3_4_4_xli1m_utm10_20250509_20250509.tif,200,True,,2026-08-29T19:30:12.383283+00:00
https://nrs.objectstore.gov.bc.ca/gdwuts/094/094p/2025/dem/bc_094p074_4_1_1_xli1m_utm10_20250509_20251013.tif,200,True,,2026-08-29T19:30:12.445219+00:00
https://nrs.objectstore.gov.bc.ca/gdwuts/094/094p/2025/dem/bc_094p074_4_1_2_xli1m_utm10_20250509_20251015.tif,200,True,,2026-08-29T19:30:12.405145+00:00
https://nrs.objectstore.gov.bc.ca/gdwuts/094/094p/2025/dem/bc_094p074_4_1_3_xli1m_utm10_20250509_20251013.tif,200,True,,2026-08-29T19:30:12.397141+00:00
https://nrs.objectstore.gov.bc.ca/gdwuts/094/094p/2025/dem/bc_094p074_4_1_4_xli1m_utm10_20250509_20251015.tif,200,True,,2026-08-29T19:30:12.465182+00:00
https://nrs.objectstore.gov.bc.ca/gdwuts/094/094p/2025/dem/bc_094p074_4_2_1_xli1m_utm10_20250510_20251015.tif,200,True,,2026-08-29T19:30:12.436019+00:00
https://nrs.objectstore.gov.bc.ca/gdwuts/094/094p/2025/dem/bc_094p074_4_2_2_xli1m_utm10_20251014_20251015.tif,200,True,,2026-08-29T19:30:12.425672+00:00
https://nrs.objectstore.gov.bc.ca/gdwuts/094/094p/2025/dem/bc_094p074_4_2_3_xli1m_utm10_20250510_20251015.tif,200,True,,2026-08-29T19:30:12.431429+00:00
https://nrs.objectstore.gov.bc.ca/gdwuts/094/094p/2025/dem/bc_094p074_4_2_4_xli1m_utm10_20251014_20251015.tif,200,True,,2026-08-29T19:30:12.504571+00:00
https://nrs.objectstore.gov.bc.ca/gdwuts/094/094p/2025/dem/bc_094p074_4_3_1_xli1m_utm10_20250509_20251013.tif,200,True,,2026-08-29T19:30:12.511796+00:00
https://nrs.objectstore.gov.bc.ca/gdwuts/094/094p/2025/dem/bc_094p074_4_3_2_xli1m_utm10_20250509_20251015.tif,200,True,,2026-08-29T19:30:12.513980+00:00
https://nrs.objectstore.gov.bc.ca/gdwuts/094/094p/2025/dem/bc_094p074_4_3_3_xli1m_utm10_20250509_20250509.tif,200,True,,2026-08-29T19:30:12.489121+00:00
https://nrs.objectstore.gov.bc.ca/gdwuts/094/094p/2025/dem/bc_094p074_4_3_4_xli1m_utm10_20250509_20251015.tif,200,True,,2026-08-29T19:30:12.498194+00:00
https://nrs.objectstore.gov.bc.ca/gdwuts/094/094p/2025/dem/bc_094p074_4_4_1_xli1m_utm10_20250510_20251015.tif,200,True,,2026-08-29T19:30:12.528888+00:00
https://nrs.objectstore.gov.bc.ca/gdwuts/094/094p/2025/dem/bc_094p074_4_4_2_xli1m_utm10_20251014_20251015.tif,200,True,,2026-08-29T19:30:12.543066+00:00
https://nrs.objectstore.gov.bc.ca/gdwuts/094/094p/2025/dem/bc_094p074_4_4_3_xli1m_utm10_20250510_20251015.tif,200,True,,2026-08-29T19:30:12.561403+00:00
https://nrs.objectstore.gov.bc.ca/gdwuts/094/094p/2025/dem/bc_094p074_4_4_4_xli1m_utm10_20251014_20251015.tif,200,True,,2026-08-29T19:30:12.567198+00:00
https://nrs.objectstore.gov.bc.ca/gdwuts/094/094p/2025/dem/bc_094p075_1_1_1_xli1m_utm10_20250509_20251014.tif,200,True,,2026-08-29T19:30:12.585752+00:00
https://nrs.objectstore.gov.bc.ca/gdwuts/094/094p/2025/dem/bc_094p075_1_1_2_xli1m_utm10_20250509_20251014.tif,200,True,,2026-08-29T19:30:12.593560+00:00
https://nrs.objectstore.gov.bc.ca/gdwuts/094/094p/2025/dem/bc_094p075_1_1_3_xli1m_utm10_20250509_20251014.tif,200,True,,2026-08-29T19:30:12.608864+00:00
https://nrs.objectstore.gov.bc.ca/gdwuts/094/094p/2025/dem/bc_094p075_1_1_4_xli1m_utm10_20250509_20251014.tif,200,True,,2026-08-29T19:30:12.630743+00:00
https://nrs.objectstore.gov.bc.ca/gdwuts/094/094p/2025/dem/bc_094p075_1_2_1_xli1m_utm10_20251014_20251014.tif,200,True,,2026-08-29T19:30:12.631178+00:00
https://nrs.objectstore.gov.bc.ca/gdwuts/094/094p/2025/dem/bc_094p075_1_2_2_xli1m_utm10_20251014_20251014.tif,200,True,,2026-08-29T19:30:12.630324+00:00
https://nrs.objectstore.gov.bc.ca/gdwuts/094/094p/2025/dem/bc_094p075_1_2_3_xli1m_utm10_20251014_20251014.tif,200,True,,2026-08-29T19:30:12.679622+00:00
https://nrs.objectstore.gov.bc.ca/gdwuts/094/094p/2025/dem/bc_094p075_2_1_2_xli1m_utm10_20250509_20251014.tif,200,True,,2026-08-29T19:30:12.663247+00:00
https://nrs.objectstore.gov.bc.ca/gdwuts/094/094p/2025/dem/bc_094p075_2_1_3_xli1m_utm10_20250509_20251014.tif,200,True,,2026-08-29T19:30:12.674209+00:00
https://nrs.objectstore.gov.bc.ca/gdwuts/094/094p/2025/dem/bc_094p075_2_1_4_xli1m_utm10_20250509_20251014.tif,200,True,,2026-08-29T19:30:12.719963+00:00
https://nrs.objectstore.gov.bc.ca/gdwuts/094/094p/2025/dem/bc_094p075_2_2_1_xli1m_utm10_20250509_20251014.tif,200,True,,2026-08-29T19:30:12.735723+00:00
https://nrs.objectstore.gov.bc.ca/gdwuts/094/094p/2025/dem/bc_094p075_2_2_2_xli1m_utm10_20250509_20250509.tif,200,True,,2026-08-29T19:30:12.744143+00:00
https://nrs.objectstore.gov.bc.ca/gdwuts/094/094p/2025/dem/bc_094p075_2_2_3_xli1m_utm10_20250509_20251014.tif,200,True,,2026-08-29T19:30:12.739144+00:00
https://nrs.objectstore.gov.bc.ca/gdwuts/094/094p/2025/dem/bc_094p075_2_2_4_xli1m_utm10_20250509_20250509.tif,200,True,,2026-08-29T19:30:12.764072+00:00
https://nrs.objectstore.gov.bc.ca/gdwuts/094/094p/2025/dem/bc_094p075_2_3_1_xli1m_utm10_20250509_20251014.tif,200,True,,2026-08-29T19:30:12.767131+00:00
https://nrs.objectstore.gov.bc.ca/gdwuts/094/094p/2025/dem/bc_094p075_2_3_3_xli1m_utm10_20250509_20251014.tif,200,True,,2026-08-29T19:30:12.756192+00:00
https://nrs.objectstore.gov.bc.ca/gdwuts/094/094p/2025/dem/bc_094p075_2_3_4_xli1m_utm10_20250509_20251014.tif,200,True,,2026-08-29T19:30:12.793154+00:00
https://nrs.objectstore.gov.bc.ca/gdwuts/094/094p/2025/dem/bc_094p075_2_4_1_xli1m_utm10_20250509_20251014.tif,200,True,,2026-08-29T19:30:12.787178+00:00
https://nrs.objectstore.gov.bc.ca/gdwuts/094/094p/2025/dem/bc_094p075_2_4_2_xli1m_utm10_20250509_20250509.tif,200,True,,2026-08-29T19:30:12.841471+00:00
https://nrs.objectstore.gov.bc.ca/gdwuts/094/094p/2025/dem/bc_094p075_2_4_3_xli1m_utm10_20250509_20251014.tif,200,True,,2026-08-29T19:30:12.822129+00:00
https://nrs.objectstore.gov.bc.ca/gdwuts/094/094p/2025/dem/bc_094p075_2_4_4_xli1m_utm10_20250509_20250509.tif,200,True,,2026-08-29T19:30:12.844158+00:00
https://nrs.objectstore.gov.bc.ca/gdwuts/094/094p/2025/dem/bc_094p075_3_1_1_xli1m_utm10_20250509_20251014.tif,200,True,,2026-08-29T19:30:12.836257+00:00
https://nrs.objectstore.gov.bc.ca/gdwuts/094/094p/2025/dem/bc_094p075_3_1_2_xli1m_utm10_20250509_20251014.tif,200,True,,2026-08-29T19:30:12.863729+00:00
https://nrs.objectstore.gov.bc.ca/gdwuts/094/094p/2025/dem/bc_094p075_3_1_3_xli1m_utm10_20250509_20251014.tif,200,True,,2026-08-29T19:30:12.860191+00:00
https://nrs.objectstore.gov.bc.ca/gdwuts/094/094p/2025/dem/bc_094p075_3_1_4_xli1m_utm10_20250509_20251014.tif,200,True,,2026-08-29T19:30:12.856141+00:00
https://nrs.objectstore.gov.bc.ca/gdwuts/094/094p/2025/dem/bc_094p075_3_2_1_xli1m_utm10_20250509_20251014.tif,200,True,,2026-08-29T19:30:12.919270+00:00
https://nrs.objectstore.gov.bc.ca/gdwuts/094/094p/2025/dem/bc_094p075_3_2_2_xli1m_utm10_20251014_20251014.tif,200,True,,2026-08-29T19:30:12.936378+00:00
https://nrs.objectstore.gov.bc.ca/gdwuts/094/094p/2025/dem/bc_094p075_3_2_3_xli1m_utm10_20250509_20251014.tif,200,True,,2026-08-29T19:30:12.938332+00:00
https://nrs.objectstore.gov.bc.ca/gdwuts/094/094p/2025/dem/bc_094p075_3_2_4_xli1m_utm10_20251014_20251014.tif,200,True,,2026-08-29T19:30:12.932222+00:00
https://nrs.objectstore.gov.bc.ca/gdwuts/094/094p/2025/dem/bc_094p075_3_3_1_xli1m_utm10_20251014_20251014.tif,200,True,,2026-08-29T19:30:12.976630+00:00
https://nrs.objectstore.gov.bc.ca/gdwuts/094/094p/2025/dem/bc_094p075_3_3_2_xli1m_utm10_20250509_20251014.tif,200,True,,2026-08-29T19:30:12.951204+00:00
https://nrs.objectstore.gov.bc.ca/gdwuts/094/094p/2025/dem/bc_094p075_3_3_3_xli1m_utm10_20251014_20251014.tif,200,True,,2026-08-29T19:30:12.960576+00:00
https://nrs.objectstore.gov.bc.ca/gdwuts/094/094p/2025/dem/bc_094p075_3_3_4_xli1m_utm10_20250509_20251014.tif,200,True,,2026-08-29T19:30:12.989649+00:00
https://nrs.objectstore.gov.bc.ca/gdwuts/094/094p/2025/dem/bc_094p075_3_4_1_xli1m_utm10_20250509_20251014.tif,200,True,,2026-08-29T19:30:13.000061+00:00
https://nrs.objectstore.gov.bc.ca/gdwuts/094/094p/2025/dem/bc_094p075_3_4_2_xli1m_utm10_20251014_20251014.tif,200,True,,2026-08-29T19:30:13.039173+00:00
https://nrs.objectstore.gov.bc.ca/gdwuts/094/094p/2025/dem/bc_094p075_3_4_3_xli1m_utm10_20250509_20251014.tif,200,True,,2026-08-29T19:30:13.032261+00:00
https://nrs.objectstore.gov.bc.ca/gdwuts/094/094p/2025/dem/bc_094p075_3_4_4_xli1m_utm10_20251014_20251014.tif,200,True,,2026-08-29T19:30:13.046168+00:00
https://nrs.objectstore.gov.bc.ca/gdwuts/094/094p/2025/dem/bc_094p075_4_1_1_xli1m_utm10_20250509_20251014.tif,200,True,,2026-08-29T19:30:13.056735+00:00
https://nrs.objectstore.gov.bc.ca/gdwuts/094/094p/2025/dem/bc_094p075_4_1_2_xli1m_utm10_20250509_20251014.tif,200,True,,2026-08-29T19:30:13.050430+00:00
https://nrs.objectstore.gov.bc.ca/gdwuts/094/094p/2025/dem/bc_094p075_4_1_3_xli1m_utm10_20250509_20251014.tif,200,True,,2026-08-29T19:30:13.060348+00:00
https://nrs.objectstore.gov.bc.ca/gdwuts/094/094p/2025/dem/bc_094p075_4_1_4_xli1m_utm10_20250509_20251014.tif,200,True,,2026-08-29T19:30:13.052879+00:00
https://nrs.objectstore.gov.bc.ca/gdwuts/094/094p/2025/dem/bc_094p075_4_2_1_xli1m_utm10_20250509_20251014.tif,200,True,,2026-08-29T19:30:13.130379+00:00
https://nrs.objectstore.gov.bc.ca/gdwuts/094/094p/2025/dem/bc_094p075_4_2_2_xli1m_utm10_20250509_20250509.tif,200,True,,2026-08-29T19:30:13.123571+00:00
https://nrs.objectstore.gov.bc.ca/gdwuts/094/094p/2025/dem/bc_094p075_4_2_3_xli1m_utm10_20250509_20251014.tif,200,True,,2026-08-29T19:30:13.123166+00:00
https://nrs.objectstore.gov.bc.ca/gdwuts/094/094p/2025/dem/bc_094p075_4_2_4_xli1m_utm10_20250509_20250509.tif,200,True,,2026-08-29T19:30:13.117265+00:00
https://nrs.objectstore.gov.bc.ca/gdwuts/094/094p/2025/dem/bc_094p075_4_3_1_xli1m_utm10_20250509_20251014.tif,200,True,,2026-08-29T19:30:13.156247+00:00
https://nrs.objectstore.gov.bc.ca/gdwuts/094/094p/2025/dem/bc_094p075_4_3_2_xli1m_utm10_20250509_20251014.tif,200,True,,2026-08-29T19:30:13.144191+00:00
https://nrs.objectstore.gov.bc.ca/gdwuts/094/094p/2025/dem/bc_094p075_4_3_3_xli1m_utm10_20250509_20251014.tif,200,True,,2026-08-29T19:30:13.185222+00:00
https://nrs.objectstore.gov.bc.ca/gdwuts/094/094p/2025/dem/bc_094p075_4_3_4_xli1m_utm10_20250509_20251014.tif,200,True,,2026-08-29T19:30:13.170236+00:00
https://nrs.objectstore.gov.bc.ca/gdwuts/094/094p/2025/dem/bc_094p075_4_4_1_xli1m_utm10_20250509_20251014.tif,200,True,,2026-08-29T19:30:13.195009+00:00
https://nrs.objectstore.gov.bc.ca/gdwuts/094/094p/2025/dem/bc_094p075_4_4_2_xli1m_utm10_20250509_20250509.tif,200,True,,2026-08-29T19:30:13.249557+00:00
https://nrs.objectstore.gov.bc.ca/gdwuts/094/094p/2025/dem/bc_094p075_4_4_3_xli1m_utm10_20250509_20251014.tif,200,True,,2026-08-29T19:30:13.212232+00:00
https://nrs.objectstore.gov.bc.ca/gdwuts/094/094p/2025/dem/bc_094p075_4_4_4_xli1m_utm10_20250509_20250509.tif,200,True,,2026-08-29T19:30:13.282157+00:00
https://nrs.objectstore.gov.bc.ca/gdwuts/094/094p/2025/dem/bc_094p076_1_1_1_xli1m_utm10_20250509_20250509.tif,200,True,,2026-08-29T19:30:13.267430+00:00
https://nrs.objectstore.gov.bc.ca/gdwuts/094/094p/2025/dem/bc_094p076_1_1_2_xli1m_utm10_20250507_20250509.tif,200,True,,2026-08-29T19:30:13.255055+00:00
https://nrs.objectstore.gov.bc.ca/gdwuts/094/094p/2025/dem/bc_094p076_1_1_3_xli1m_utm10_20250509_20250509.tif,200,True,,2026-08-29T19:30:13.273611+00:00
https://nrs.objectstore.gov.bc.ca/gdwuts/094/094p/2025/dem/bc_094p076_1_1_4_xli1m_utm10_20250507_20250509.tif,200,True,,2026-08-29T19:30:13.244105+00:00
https://nrs.objectstore.gov.bc.ca/gdwuts/094/094p/2025/dem/bc_094p076_1_2_1_xli1m_utm10_20250507_20250507.tif,200,True,,2026-08-29T19:30:13.292200+00:00
https://nrs.objectstore.gov.bc.ca/gdwuts/094/094p/2025/dem/bc_094p076_1_2_2_xli1m_utm10_20250507_20250507.tif,200,True,,2026-08-29T19:30:13.309033+00:00
https://nrs.objectstore.gov.bc.ca/gdwuts/094/094p/2025/dem/bc_094p076_1_2_3_xli1m_utm10_20250507_20250507.tif,200,True,,2026-08-29T19:30:13.338245+00:00
https://nrs.objectstore.gov.bc.ca/gdwuts/094/094p/2025/dem/bc_094p076_1_2_4_xli1m_utm10_20250507_20250507.tif,200,True,,2026-08-29T19:30:13.599068+00:00
https://nrs.objectstore.gov.bc.ca/gdwuts/094/094p/2025/dem/bc_094p076_1_3_1_xli1m_utm10_20250509_20250509.tif,200,True,,2026-08-29T19:30:13.357807+00:00
https://nrs.objectstore.gov.bc.ca/gdwuts/094/094p/2025/dem/bc_094p076_1_3_2_xli1m_utm10_20250507_20250509.tif,200,True,,2026-08-29T19:30:13.354209+00:00
https://nrs.objectstore.gov.bc.ca/gdwuts/094/094p/2025/dem/bc_094p076_1_3_3_xli1m_utm10_20250509_20250509.tif,200,True,,2026-08-29T19:30:13.394110+00:00
https://nrs.objectstore.gov.bc.ca/gdwuts/094/094p/2025/dem/bc_094p076_1_3_4_xli1m_utm10_20250507_20250509.tif,200,True,,2026-08-29T19:30:13.383537+00:00
https://nrs.objectstore.gov.bc.ca/gdwuts/094/094p/2025/dem/bc_094p076_1_4_1_xli1m_utm10_20250507_20250507.tif,200,True,,2026-08-29T19:30:13.374169+00:00
https://nrs.objectstore.gov.bc.ca/gdwuts/094/094p/2025/dem/bc_094p076_1_4_2_xli1m_utm10_20250507_20250507.tif,200,True,,2026-08-29T19:30:13.386653+00:00
https://nrs.objectstore.gov.bc.ca/gdwuts/094/094p/2025/dem/bc_094p076_1_4_3_xli1m_utm10_20250507_20250507.tif,200,True,,2026-08-29T19:30:13.439289+00:00
https://nrs.objectstore.gov.bc.ca/gdwuts/094/094p/2025/dem/bc_094p076_1_4_4_xli1m_utm10_20250507_20250507.tif,200,True,,2026-08-29T19:30:13.451232+00:00
https://nrs.objectstore.gov.bc.ca/gdwuts/094/094p/2025/dem/bc_094p076_2_1_1_xli1m_utm10_20250507_20250507.tif,200,True,,2026-08-29T19:30:13.424236+00:00
https://nrs.objectstore.gov.bc.ca/gdwuts/094/094p/2025/dem/bc_094p076_2_1_2_xli1m_utm10_20250507_20250507.tif,200,True,,2026-08-29T19:30:13.477122+00:00
https://nrs.objectstore.gov.bc.ca/gdwuts/094/094p/2025/dem/bc_094p076_2_1_3_xli1m_utm10_20250507_20250507.tif,200,True,,2026-08-29T19:30:13.456192+00:00
https://nrs.objectstore.gov.bc.ca/gdwuts/094/094p/2025/dem/bc_094p076_2_1_4_xli1m_utm10_20250507_20250507.tif,200,True,,2026-08-29T19:30:13.475200+00:00
https://nrs.objectstore.gov.bc.ca/gdwuts/094/094p/2025/dem/bc_094p076_2_2_1_xli1m_utm10_20250507_20250507.tif,200,True,,2026-08-29T19:30:13.485184+00:00
https://nrs.objectstore.gov.bc.ca/gdwuts/094/094p/2025/dem/bc_094p076_2_2_2_xli1m_utm10_20250507_20250507.tif,200,True,,2026-08-29T19:30:13.497271+00:00
https://nrs.objectstore.gov.bc.ca/gdwuts/094/094p/2025/dem/bc_094p076_2_2_3_xli1m_utm10_20250507_20250507.tif,200,True,,2026-08-29T19:30:13.576513+00:00
https://nrs.objectstore.gov.bc.ca/gdwuts/094/094p/2025/dem/bc_094p076_2_2_4_xli1m_utm10_20250507_20250507.tif,200,True,,2026-08-29T19:30:13.528209+00:00
https://nrs.objectstore.gov.bc.ca/gdwuts/094/094p/2025/dem/bc_094p076_2_3_1_xli1m_utm10_20250507_20250507.tif,200,True,,2026-08-29T19:30:13.602742+00:00
https://nrs.objectstore.gov.bc.ca/gdwuts/094/094p/2025/dem/bc_094p076_2_3_2_xli1m_utm10_20250507_20250507.tif,200,True,,2026-08-29T19:30:13.540876+00:00
https://nrs.objectstore.gov.bc.ca/gdwuts/094/094p/2025/dem/bc_094p076_2_3_3_xli1m_utm10_20250507_20250507.tif,200,True,,2026-08-29T19:30:13.581237+00:00
https://nrs.objectstore.gov.bc.ca/gdwuts/094/094p/2025/dem/bc_094p076_2_3_4_xli1m_utm10_20250507_20250507.tif,200,True,,2026-08-29T19:30:13.570439+00:00
https://nrs.objectstore.gov.bc.ca/gdwuts/094/094p/2025/dem/bc_094p076_2_4_1_xli1m_utm10_20250507_20250507.tif,200,True,,2026-08-29T19:30:13.586296+00:00
https://nrs.objectstore.gov.bc.ca/gdwuts/094/094p/2025/dem/bc_094p076_2_4_2_xli1m_utm10_20250507_20250507.tif,200,True,,2026-08-29T19:30:13.609538+00:00
https://nrs.objectstore.gov.bc.ca/gdwuts/094/094p/2025/dem/bc_094p076_2_4_3_xli1m_utm10_20250507_20250507.tif,200,True,,2026-08-29T19:30:13.619168+00:00
https://nrs.objectstore.gov.bc.ca/gdwuts/094/094p/2025/dem/bc_094p076_2_4_4_xli1m_utm10_20250507_20250507.tif,200,True,,2026-08-29T19:30:13.625907+00:00
https://nrs.objectstore.gov.bc.ca/gdwuts/094/094p/2025/dem/bc_094p076_3_1_1_xli1m_utm10_20250509_20250509.tif,200,True,,2026-08-29T19:30:13.647221+00:00
https://nrs.objectstore.gov.bc.ca/gdwuts/094/094p/2025/dem/bc_094p076_3_1_2_xli1m_utm10_20250507_20250509.tif,200,True,,2026-08-29T19:30:13.673508+00:00
https://nrs.objectstore.gov.bc.ca/gdwuts/094/094p/2025/dem/bc_094p076_3_1_3_xli1m_utm10_20250509_20250509.tif,200,True,,2026-08-29T19:30:13.688248+00:00
https://nrs.objectstore.gov.bc.ca/gdwuts/094/094p/2025/dem/bc_094p076_3_1_4_xli1m_utm10_20250507_20250509.tif,200,True,,2026-08-29T19:30:13.684087+00:00
https://nrs.objectstore.gov.bc.ca/gdwuts/094/094p/2025/dem/bc_094p076_3_2_1_xli1m_utm10_20250507_20250507.tif,200,True,,2026-08-29T19:30:13.679157+00:00
https://nrs.objectstore.gov.bc.ca/gdwuts/094/094p/2025/dem/bc_094p076_3_2_2_xli1m_utm10_20250507_20250507.tif,200,True,,2026-08-29T19:30:13.697163+00:00
https://nrs.objectstore.gov.bc.ca/gdwuts/094/094p/2025/dem/bc_094p076_3_2_3_xli1m_utm10_20250507_20250507.tif,200,True,,2026-08-29T19:30:13.699531+00:00
https://nrs.objectstore.gov.bc.ca/gdwuts/094/094p/2025/dem/bc_094p076_3_2_4_xli1m_utm10_20250507_20250507.tif,200,True,,2026-08-29T19:30:13.809437+00:00
https://nrs.objectstore.gov.bc.ca/gdwuts/094/094p/2025/dem/bc_094p076_3_3_1_xli1m_utm10_20250509_20250509.tif,200,True,,2026-08-29T19:30:13.780936+00:00
https://nrs.objectstore.gov.bc.ca/gdwuts/094/094p/2025/dem/bc_094p076_3_3_2_xli1m_utm10_20250507_20250509.tif,200,True,,2026-08-29T19:30:13.769252+00:00
https://nrs.objectstore.gov.bc.ca/gdwuts/094/094p/2025/dem/bc_094p076_3_3_3_xli1m_utm10_20250509_20250509.tif,200,True,,2026-08-29T19:30:13.774154+00:00
https://nrs.objectstore.gov.bc.ca/gdwuts/094/094p/2025/dem/bc_094p076_3_3_4_xli1m_utm10_20250507_20250509.tif,200,True,,2026-08-29T19:30:13.816380+00:00
https://nrs.objectstore.gov.bc.ca/gdwuts/094/094p/2025/dem/bc_094p076_3_4_1_xli1m_utm10_20250507_20250509.tif,200,True,,2026-08-29T19:30:13.821802+00:00
https://nrs.objectstore.gov.bc.ca/gdwuts/094/094p/2025/dem/bc_094p076_3_4_2_xli1m_utm10_20250507_20250507.tif,200,True,,2026-08-29T19:30:13.806048+00:00
https://nrs.objectstore.gov.bc.ca/gdwuts/094/094p/2025/dem/bc_094p076_3_4_3_xli1m_utm10_20250507_20250509.tif,200,True,,2026-08-29T19:30:13.813413+00:00
https://nrs.objectstore.gov.bc.ca/gdwuts/094/094p/2025/dem/bc_094p076_3_4_4_xli1m_utm10_20250507_20250507.tif,200,True,,2026-08-29T19:30:13.832463+00:00
https://nrs.objectstore.gov.bc.ca/gdwuts/094/094p/2025/dem/bc_094p076_4_1_1_xli1m_utm10_20250507_20250507.tif,200,True,,2026-08-29T19:30:13.865199+00:00
https://nrs.objectstore.gov.bc.ca/gdwuts/094/094p/2025/dem/bc_094p076_4_1_2_xli1m_utm10_20250507_20250507.tif,200,True,,2026-08-29T19:30:13.900631+00:00
https://nrs.objectstore.gov.bc.ca/gdwuts/094/094p/2025/dem/bc_094p076_4_1_3_xli1m_utm10_20250507_20250507.tif,200,True,,2026-08-29T19:30:13.884408+00:00
https://nrs.objectstore.gov.bc.ca/gdwuts/094/094p/2025/dem/bc_094p076_4_1_4_xli1m_utm10_20250507_20250507.tif,200,True,,2026-08-29T19:30:13.872709+00:00
https://nrs.objectstore.gov.bc.ca/gdwuts/094/094p/2025/dem/bc_094p076_4_2_1_xli1m_utm10_20250507_20250507.tif,200,True,,2026-08-29T19:30:13.892742+00:00
https://nrs.objectstore.gov.bc.ca/gdwuts/094/094p/2025/dem/bc_094p076_4_2_2_xli1m_utm10_20250507_20250507.tif,200,True,,2026-08-29T19:30:13.898170+00:00
https://nrs.objectstore.gov.bc.ca/gdwuts/094/094p/2025/dem/bc_094p076_4_2_3_xli1m_utm10_20250507_20250507.tif,200,True,,2026-08-29T19:30:13.903229+00:00
https://nrs.objectstore.gov.bc.ca/gdwuts/094/094p/2025/dem/bc_094p076_4_2_4_xli1m_utm10_20250507_20250507.tif,200,True,,2026-08-29T19:30:13.963533+00:00
https://nrs.objectstore.gov.bc.ca/gdwuts/094/094p/2025/dem/bc_094p076_4_3_1_xli1m_utm10_20250507_20250507.tif,200,True,,2026-08-29T19:30:13.955145+00:00
https://nrs.objectstore.gov.bc.ca/gdwuts/094/094p/2025/dem/bc_094p076_4_3_2_xli1m_utm10_20250507_20250507.tif,200,True,,2026-08-29T19:30:13.950718+00:00
https://nrs.objectstore.gov.bc.ca/gdwuts/094/094p/2025/dem/bc_094p076_4_3_3_xli1m_utm10_20250507_20250507.tif,200,True,,2026-08-29T19:30:13.989176+00:00
https://nrs.objectstore.gov.bc.ca/gdwuts/094/094p/2025/dem/bc_094p076_4_3_4_xli1m_utm10_20250507_20250507.tif,200,True,,2026-08-29T19:30:14.008576+00:00
https://nrs.objectstore.gov.bc.ca/gdwuts/094/094p/2025/dem/bc_094p076_4_4_1_xli1m_utm10_20250507_20250507.tif,200,True,,2026-08-29T19:30:13.996126+00:00
https://nrs.objectstore.gov.bc.ca/gdwuts/094/094p/2025/dem/bc_094p076_4_4_2_xli1m_utm10_20250507_20250507.tif,200,True,,2026-08-29T19:30:14.004300+00:00
https://nrs.objectstore.gov.bc.ca/gdwuts/094/094p/2025/dem/bc_094p076_4_4_3_xli1m_utm10_20250507_20250507.tif,200,True,,2026-08-29T19:30:14.023476+00:00
https://nrs.objectstore.gov.bc.ca/gdwuts/094/094p/2025/dem/bc_094p076_4_4_4_xli1m_utm10_20250507_20250507.tif,200,True,,2026-08-29T19:30:14.026216+00:00
https://nrs.objectstore.gov.bc.ca/gdwuts/094/094p/2025/dem/bc_094p077_1_1_1_xli1m_utm10_20250507_20250507.tif,200,True,,2026-08-29T19:30:14.090191+00:00
https://nrs.objectstore.gov.bc.ca/gdwuts/094/094p/2025/dem/bc_094p077_1_1_2_xli1m_utm10_20250506_20250507.tif,200,True,,2026-08-29T19:30:14.074152+00:00
https://nrs.objectstore.gov.bc.ca/gdwuts/094/094p/2025/dem/bc_094p077_1_1_3_xli1m_utm10_20250507_20250507.tif,200,True,,2026-08-29T19:30:14.081095+00:00
https://nrs.objectstore.gov.bc.ca/gdwuts/094/094p/2025/dem/bc_094p077_1_1_4_xli1m_utm10_20250506_20250507.tif,200,True,,2026-08-29T19:30:14.101183+00:00
https://nrs.objectstore.gov.bc.ca/gdwuts/094/094p/2025/dem/bc_094p077_1_2_1_xli1m_utm10_20250506_20250507.tif,200,True,,2026-08-29T19:30:14.154254+00:00
https://nrs.objectstore.gov.bc.ca/gdwuts/094/094p/2025/dem/bc_094p077_1_2_2_xli1m_utm10_20250506_20250506.tif,200,True,,2026-08-29T19:30:14.173356+00:00
https://nrs.objectstore.gov.bc.ca/gdwuts/094/094p/2025/dem/bc_094p077_1_2_3_xli1m_utm10_20250506_20250507.tif,200,True,,2026-08-29T19:30:14.121822+00:00
https://nrs.objectstore.gov.bc.ca/gdwuts/094/094p/2025/dem/bc_094p077_1_3_1_xli1m_utm10_20250507_20250507.tif,200,True,,2026-08-29T19:30:14.136961+00:00
https://nrs.objectstore.gov.bc.ca/gdwuts/094/094p/2025/dem/bc_094p077_1_3_2_xli1m_utm10_20250506_20250507.tif,200,True,,2026-08-29T19:30:14.148168+00:00
https://nrs.objectstore.gov.bc.ca/gdwuts/094/094p/2025/dem/bc_094p077_1_3_3_xli1m_utm10_20250507_20250507.tif,200,True,,2026-08-29T19:30:14.170299+00:00
https://nrs.objectstore.gov.bc.ca/gdwuts/094/094p/2025/dem/bc_094p077_1_3_4_xli1m_utm10_20250507_20250507.tif,200,True,,2026-08-29T19:30:14.206421+00:00
https://nrs.objectstore.gov.bc.ca/gdwuts/094/094p/2025/dem/bc_094p077_1_4_1_xli1m_utm10_20250506_20250507.tif,200,True,,2026-08-29T19:30:14.186543+00:00
https://nrs.objectstore.gov.bc.ca/gdwuts/094/094p/2025/dem/bc_094p077_1_4_2_xli1m_utm10_20250506_20250506.tif,200,True,,2026-08-29T19:30:14.177916+00:00
https://nrs.objectstore.gov.bc.ca/gdwuts/094/094p/2025/dem/bc_094p077_1_4_3_xli1m_utm10_20250506_20250507.tif,200,True,,2026-08-29T19:30:14.217151+00:00
https://nrs.objectstore.gov.bc.ca/gdwuts/094/094p/2025/dem/bc_094p077_1_4_4_xli1m_utm10_20250506_20250506.tif,200,True,,2026-08-29T19:30:14.220442+00:00
https://nrs.objectstore.gov.bc.ca/gdwuts/094/094p/2025/dem/bc_094p077_2_1_1_xli1m_utm10_20250506_20250506.tif,200,True,,2026-08-29T19:30:14.203178+00:00
https://nrs.objectstore.gov.bc.ca/gdwuts/094/094p/2025/dem/bc_094p077_2_1_2_xli1m_utm10_20250506_20250506.tif,200,True,,2026-08-29T19:30:14.264194+00:00
https://nrs.objectstore.gov.bc.ca/gdwuts/094/094p/2025/dem/bc_094p077_2_2_2_xli1m_utm10_20250506_20251014.tif,200,True,,2026-08-29T19:30:14.244256+00:00
https://nrs.objectstore.gov.bc.ca/gdwuts/094/094p/2025/dem/bc_094p077_2_2_3_xli1m_utm10_20250506_20250506.tif,200,True,,2026-08-29T19:30:14.279928+00:00
https://nrs.objectstore.gov.bc.ca/gdwuts/094/094p/2025/dem/bc_094p077_2_2_4_xli1m_utm10_20250506_20250506.tif,200,True,,2026-08-29T19:30:14.277736+00:00
https://nrs.objectstore.gov.bc.ca/gdwuts/094/094p/2025/dem/bc_094p077_2_3_1_xli1m_utm10_20250506_20250506.tif,200,True,,2026-08-29T19:30:14.288229+00:00
https://nrs.objectstore.gov.bc.ca/gdwuts/094/094p/2025/dem/bc_094p077_2_3_2_xli1m_utm10_20250506_20250506.tif,200,True,,2026-08-29T19:30:14.298463+00:00
https://nrs.objectstore.gov.bc.ca/gdwuts/094/094p/2025/dem/bc_094p077_2_4_2_xli1m_utm10_20250506_20250506.tif,200,True,,2026-08-29T19:30:14.325268+00:00
https://nrs.objectstore.gov.bc.ca/gdwuts/094/094p/2025/dem/bc_094p077_2_4_3_xli1m_utm10_20250506_20250506.tif,200,True,,2026-08-29T19:30:14.333425+00:00
https://nrs.objectstore.gov.bc.ca/gdwuts/094/094p/2025/dem/bc_094p077_2_4_4_xli1m_utm10_20250506_20250506.tif,200,True,,2026-08-29T19:30:14.367308+00:00
https://nrs.objectstore.gov.bc.ca/gdwuts/094/094p/2025/dem/bc_094p077_3_1_1_xli1m_utm10_20250507_20250507.tif,200,True,,2026-08-29T19:30:14.396224+00:00
https://nrs.objectstore.gov.bc.ca/gdwuts/094/094p/2025/dem/bc_094p077_3_1_2_xli1m_utm10_20250507_20250507.tif,200,True,,2026-08-29T19:30:14.354356+00:00
https://nrs.objectstore.gov.bc.ca/gdwuts/094/094p/2025/dem/bc_094p077_3_1_3_xli1m_utm10_20250507_20250507.tif,200,True,,2026-08-29T19:30:14.424232+00:00
https://nrs.objectstore.gov.bc.ca/gdwuts/094/094p/2025/dem/bc_094p077_3_1_4_xli1m_utm10_20250507_20250507.tif,200,True,,2026-08-29T19:30:14.433866+00:00
https://nrs.objectstore.gov.bc.ca/gdwuts/094/094p/2025/dem/bc_094p077_3_2_1_xli1m_utm10_20250506_20250507.tif,200,True,,2026-08-29T19:30:14.429153+00:00
https://nrs.objectstore.gov.bc.ca/gdwuts/094/094p/2025/dem/bc_094p077_3_2_2_xli1m_utm10_20250506_20250506.tif,200,True,,2026-08-29T19:30:14.404025+00:00
https://nrs.objectstore.gov.bc.ca/gdwuts/094/094p/2025/dem/bc_094p077_3_2_3_xli1m_utm10_20250506_20250507.tif,200,True,,2026-08-29T19:30:14.436254+00:00
https://nrs.objectstore.gov.bc.ca/gdwuts/094/094p/2025/dem/bc_094p077_3_2_4_xli1m_utm10_20250506_20250506.tif,200,True,,2026-08-29T19:30:14.445580+00:00
https://nrs.objectstore.gov.bc.ca/gdwuts/094/094p/2025/dem/bc_094p077_3_3_1_xli1m_utm10_20250507_20250507.tif,200,True,,2026-08-29T19:30:14.469330+00:00
https://nrs.objectstore.gov.bc.ca/gdwuts/094/094p/2025/dem/bc_094p077_3_3_2_xli1m_utm10_20250507_20250507.tif,200,True,,2026-08-29T19:30:14.475590+00:00
https://nrs.objectstore.gov.bc.ca/gdwuts/094/094p/2025/dem/bc_094p077_3_3_3_xli1m_utm10_20250507_20250507.tif,200,True,,2026-08-29T19:30:14.486436+00:00
https://nrs.objectstore.gov.bc.ca/gdwuts/094/094p/2025/dem/bc_094p077_3_3_4_xli1m_utm10_20250507_20250507.tif,200,True,,2026-08-29T19:30:14.508330+00:00
https://nrs.objectstore.gov.bc.ca/gdwuts/094/094p/2025/dem/bc_094p077_3_4_1_xli1m_utm10_20250506_20250507.tif,200,True,,2026-08-29T19:30:14.500041+00:00
https://nrs.objectstore.gov.bc.ca/gdwuts/094/094p/2025/dem/bc_094p077_3_4_2_xli1m_utm10_20250506_20250506.tif,200,True,,2026-08-29T19:30:14.561297+00:00
https://nrs.objectstore.gov.bc.ca/gdwuts/094/094p/2025/dem/bc_094p077_3_4_3_xli1m_utm10_20250506_20250507.tif,200,True,,2026-08-29T19:30:14.546261+00:00
https://nrs.objectstore.gov.bc.ca/gdwuts/094/094p/2025/dem/bc_094p077_3_4_4_xli1m_utm10_20250506_20250506.tif,200,True,,2026-08-29T19:30:14.558667+00:00
https://nrs.objectstore.gov.bc.ca/gdwuts/094/094p/2025/dem/bc_094p077_4_1_1_xli1m_utm10_20250506_20250506.tif,200,True,,2026-08-29T19:30:14.551152+00:00
https://nrs.objectstore.gov.bc.ca/gdwuts/094/094p/2025/dem/bc_094p077_4_1_2_xli1m_utm10_20250506_20250506.tif,200,True,,2026-08-29T19:30:14.578126+00:00
https://nrs.objectstore.gov.bc.ca/gdwuts/094/094p/2025/dem/bc_094p077_4_1_3_xli1m_utm10_20250506_20250506.tif,200,True,,2026-08-29T19:30:14.583106+00:00
https://nrs.objectstore.gov.bc.ca/gdwuts/094/094p/2025/dem/bc_094p077_4_1_4_xli1m_utm10_20250506_20250506.tif,200,True,,2026-08-29T19:30:14.626097+00:00
https://nrs.objectstore.gov.bc.ca/gdwuts/094/094p/2025/dem/bc_094p077_4_2_1_xli1m_utm10_20250506_20250506.tif,200,True,,2026-08-29T19:30:14.621922+00:00
https://nrs.objectstore.gov.bc.ca/gdwuts/094/094p/2025/dem/bc_094p077_4_2_2_xli1m_utm10_20250506_20250506.tif,200,True,,2026-08-29T19:30:14.655711+00:00
https://nrs.objectstore.gov.bc.ca/gdwuts/094/094p/2025/dem/bc_094p077_4_2_3_xli1m_utm10_20250506_20250506.tif,200,True,,2026-08-29T19:30:14.623577+00:00
https://nrs.objectstore.gov.bc.ca/gdwuts/094/094p/2025/dem/bc_094p077_4_2_4_xli1m_utm10_20250506_20250506.tif,200,True,,2026-08-29T19:30:14.648270+00:00
https://nrs.objectstore.gov.bc.ca/gdwuts/094/094p/2025/dem/bc_094p077_4_3_1_xli1m_utm10_20250506_20250506.tif,200,True,,2026-08-29T19:30:14.660080+00:00
https://nrs.objectstore.gov.bc.ca/gdwuts/094/094p/2025/dem/bc_094p077_4_3_2_xli1m_utm10_20250506_20250506.tif,200,True,,2026-08-29T19:30:14.693894+00:00
https://nrs.objectstore.gov.bc.ca/gdwuts/094/094p/2025/dem/bc_094p077_4_3_3_xli1m_utm10_20250506_20250506.tif,200,True,,2026-08-29T19:30:14.686815+00:00
https://nrs.objectstore.gov.bc.ca/gdwuts/094/094p/2025/dem/bc_094p077_4_3_4_xli1m_utm10_20250506_20250506.tif,200,True,,2026-08-29T19:30:14.745415+00:00
https://nrs.objectstore.gov.bc.ca/gdwuts/094/094p/2025/dem/bc_094p077_4_4_1_xli1m_utm10_20250506_20250506.tif,200,True,,2026-08-29T19:30:14.718234+00:00
https://nrs.objectstore.gov.bc.ca/gdwuts/094/094p/2025/dem/bc_094p077_4_4_2_xli1m_utm10_20250506_20250506.tif,200,True,,2026-08-29T19:30:14.760245+00:00
https://nrs.objectstore.gov.bc.ca/gdwuts/094/094p/2025/dem/bc_094p077_4_4_3_xli1m_utm10_20250506_20250506.tif,200,True,,2026-08-29T19:30:14.744977+00:00
https://nrs.objectstore.gov.bc.ca/gdwuts/094/094p/2025/dem/bc_094p077_4_4_4_xli1m_utm10_20250506_20250506.tif,200,True,,2026-08-29T19:30:14.770428+00:00
https://nrs.objectstore.gov.bc.ca/gdwuts/094/094p/2025/dem/bc_094p078_1_1_1_xli1m_utm10_20250506_20251014.tif,200,True,,2026-08-29T19:30:14.729263+00:00
https://nrs.objectstore.gov.bc.ca/gdwuts/094/094p/2025/dem/bc_094p078_1_1_3_xli1m_utm10_20250506_20250506.tif,200,True,,2026-08-29T19:30:14.789022+00:00
https://nrs.objectstore.gov.bc.ca/gdwuts/094/094p/2025/dem/bc_094p078_1_3_1_xli1m_utm10_20250506_20250506.tif,200,True,,2026-08-29T19:30:14.785434+00:00
https://nrs.objectstore.gov.bc.ca/gdwuts/094/094p/2025/dem/bc_094p078_1_3_3_xli1m_utm10_20250506_20250506.tif,200,True,,2026-08-29T19:30:14.813920+00:00
https://nrs.objectstore.gov.bc.ca/gdwuts/094/094p/2025/dem/bc_094p078_3_1_1_xli1m_utm10_20250506_20250506.tif,200,True,,2026-08-29T19:30:14.803217+00:00
https://nrs.objectstore.gov.bc.ca/gdwuts/094/094p/2025/dem/bc_094p078_3_1_3_xli1m_utm10_20250506_20250506.tif,200,True,,2026-08-29T19:30:14.816434+00:00
https://nrs.objectstore.gov.bc.ca/gdwuts/094/094p/2025/dem/bc_094p078_3_1_4_xli1m_utm10_20250506_20250506.tif,200,True,,2026-08-29T19:30:14.839228+00:00
https://nrs.objectstore.gov.bc.ca/gdwuts/094/094p/2025/dem/bc_094p078_3_3_1_xli1m_utm10_20250506_20250506.tif,200,True,,2026-08-29T19:30:14.862161+00:00
https://nrs.objectstore.gov.bc.ca/gdwuts/094/094p/2025/dem/bc_094p078_3_3_2_xli1m_utm10_20250506_20250506.tif,200,True,,2026-08-29T19:30:14.857742+00:00
https://nrs.objectstore.gov.bc.ca/gdwuts/094/094p/2025/dem/bc_094p078_3_3_3_xli1m_utm10_20250506_20250506.tif,200,True,,2026-08-29T19:30:14.879251+00:00
https://nrs.objectstore.gov.bc.ca/gdwuts/094/094p/2025/dem/bc_094p078_3_3_4_xli1m_utm10_20250506_20250506.tif,200,True,,2026-08-29T19:30:14.902903+00:00
https://nrs.objectstore.gov.bc.ca/gdwuts/094/094p/2025/dem/bc_094p081_1_1_1_xli1m_utm10_20250508_20250508.tif,200,True,,2026-08-29T19:30:14.920684+00:00
https://nrs.objectstore.gov.bc.ca/gdwuts/094/094p/2025/dem/bc_094p081_1_1_2_xli1m_utm10_20250508_20250508.tif,200,True,,2026-08-29T19:30:14.913471+00:00
https://nrs.objectstore.gov.bc.ca/gdwuts/094/094p/2025/dem/bc_094p081_1_1_3_xli1m_utm10_20250508_20250508.tif,200,True,,2026-08-29T19:30:14.934204+00:00
https://nrs.objectstore.gov.bc.ca/gdwuts/094/094p/2025/dem/bc_094p081_1_1_4_xli1m_utm10_20250508_20250508.tif,200,True,,2026-08-29T19:30:14.935872+00:00
https://nrs.objectstore.gov.bc.ca/gdwuts/094/094p/2025/dem/bc_094p081_1_2_1_xli1m_utm10_20250508_20250508.tif,200,True,,2026-08-29T19:30:14.998303+00:00
https://nrs.objectstore.gov.bc.ca/gdwuts/094/094p/2025/dem/bc_094p081_1_2_2_xli1m_utm10_20250508_20250508.tif,200,True,,2026-08-29T19:30:14.965607+00:00
https://nrs.objectstore.gov.bc.ca/gdwuts/094/094p/2025/dem/bc_094p081_1_2_3_xli1m_utm10_20250508_20250508.tif,200,True,,2026-08-29T19:30:15.016760+00:00
https://nrs.objectstore.gov.bc.ca/gdwuts/094/094p/2025/dem/bc_094p081_1_2_4_xli1m_utm10_20250508_20250508.tif,200,True,,2026-08-29T19:30:14.974187+00:00
https://nrs.objectstore.gov.bc.ca/gdwuts/094/094p/2025/dem/bc_094p081_1_3_1_xli1m_utm10_20250508_20250508.tif,200,True,,2026-08-29T19:30:15.026582+00:00
https://nrs.objectstore.gov.bc.ca/gdwuts/094/094p/2025/dem/bc_094p081_1_3_2_xli1m_utm10_20250508_20250508.tif,200,True,,2026-08-29T19:30:15.010270+00:00
https://nrs.objectstore.gov.bc.ca/gdwuts/094/094p/2025/dem/bc_094p081_1_3_3_xli1m_utm10_20250508_20250508.tif,200,True,,2026-08-29T19:30:15.036189+00:00
https://nrs.objectstore.gov.bc.ca/gdwuts/094/094p/2025/dem/bc_094p081_1_3_4_xli1m_utm10_20250508_20250508.tif,200,True,,2026-08-29T19:30:15.020666+00:00
https://nrs.objectstore.gov.bc.ca/gdwuts/094/094p/2025/dem/bc_094p081_1_4_1_xli1m_utm10_20250508_20250508.tif,200,True,,2026-08-29T19:30:15.069284+00:00
https://nrs.objectstore.gov.bc.ca/gdwuts/094/094p/2025/dem/bc_094p081_1_4_2_xli1m_utm10_20250508_20250508.tif,200,True,,2026-08-29T19:30:15.068846+00:00
https://nrs.objectstore.gov.bc.ca/gdwuts/094/094p/2025/dem/bc_094p081_1_4_3_xli1m_utm10_20250508_20250508.tif,200,True,,2026-08-29T19:30:15.078127+00:00
https://nrs.objectstore.gov.bc.ca/gdwuts/094/094p/2025/dem/bc_094p081_1_4_4_xli1m_utm10_20250508_20250508.tif,200,True,,2026-08-29T19:30:15.117132+00:00
https://nrs.objectstore.gov.bc.ca/gdwuts/094/094p/2025/dem/bc_094p081_2_1_1_xli1m_utm10_20250508_20250508.tif,200,True,,2026-08-29T19:30:15.108593+00:00
https://nrs.objectstore.gov.bc.ca/gdwuts/094/094p/2025/dem/bc_094p081_2_1_3_xli1m_utm10_20250508_20250508.tif,200,True,,2026-08-29T19:30:15.104218+00:00
https://nrs.objectstore.gov.bc.ca/gdwuts/094/094p/2025/dem/bc_094p081_2_3_1_xli1m_utm10_20250508_20250508.tif,200,True,,2026-08-29T19:30:15.138126+00:00
https://nrs.objectstore.gov.bc.ca/gdwuts/094/094p/2025/dem/bc_094p081_2_3_3_xli1m_utm10_20250508_20250508.tif,200,True,,2026-08-29T19:30:15.127175+00:00
https://nrs.objectstore.gov.bc.ca/gdwuts/094/094p/2025/dem/bc_094p081_3_1_1_xli1m_utm10_20250508_20250508.tif,200,True,,2026-08-29T19:30:15.140467+00:00
https://nrs.objectstore.gov.bc.ca/gdwuts/094/094p/2025/dem/bc_094p081_3_1_2_xli1m_utm10_20250508_20250508.tif,200,True,,2026-08-29T19:30:15.153188+00:00
https://nrs.objectstore.gov.bc.ca/gdwuts/094/094p/2025/dem/bc_094p081_3_1_3_xli1m_utm10_20250508_20250508.tif,200,True,,2026-08-29T19:30:15.195543+00:00
https://nrs.objectstore.gov.bc.ca/gdwuts/094/094p/2025/dem/bc_094p081_3_1_4_xli1m_utm10_20250508_20250508.tif,200,True,,2026-08-29T19:30:15.216967+00:00
https://nrs.objectstore.gov.bc.ca/gdwuts/094/094p/2025/dem/bc_094p081_3_2_1_xli1m_utm10_20250508_20250508.tif,200,True,,2026-08-29T19:30:15.209542+00:00
https://nrs.objectstore.gov.bc.ca/gdwuts/094/094p/2025/dem/bc_094p081_3_2_2_xli1m_utm10_20250508_20250508.tif,200,True,,2026-08-29T19:30:15.225490+00:00
https://nrs.objectstore.gov.bc.ca/gdwuts/094/094p/2025/dem/bc_094p081_3_2_3_xli1m_utm10_20250508_20250508.tif,200,True,,2026-08-29T19:30:15.223890+00:00
https://nrs.objectstore.gov.bc.ca/gdwuts/094/094p/2025/dem/bc_094p081_3_2_4_xli1m_utm10_20250508_20250508.tif,200,True,,2026-08-29T19:30:15.231721+00:00
https://nrs.objectstore.gov.bc.ca/gdwuts/094/094p/2025/dem/bc_094p081_3_3_1_xli1m_utm10_20250508_20250508.tif,200,True,,2026-08-29T19:30:15.267944+00:00
https://nrs.objectstore.gov.bc.ca/gdwuts/094/094p/2025/dem/bc_094p081_3_3_2_xli1m_utm10_20250508_20250508.tif,200,True,,2026-08-29T19:30:15.252583+00:00
https://nrs.objectstore.gov.bc.ca/gdwuts/094/094p/2025/dem/bc_094p081_3_3_3_xli1m_utm10_20250508_20250508.tif,200,True,,2026-08-29T19:30:15.285301+00:00
https://nrs.objectstore.gov.bc.ca/gdwuts/094/094p/2025/dem/bc_094p081_3_3_4_xli1m_utm10_20250508_20250508.tif,200,True,,2026-08-29T19:30:15.294649+00:00
https://nrs.objectstore.gov.bc.ca/gdwuts/094/094p/2025/dem/bc_094p081_3_4_1_xli1m_utm10_20250508_20250508.tif,200,True,,2026-08-29T19:30:15.328702+00:00
https://nrs.objectstore.gov.bc.ca/gdwuts/094/094p/2025/dem/bc_094p081_3_4_2_xli1m_utm10_20250508_20250508.tif,200,True,,2026-08-29T19:30:15.353330+00:00
https://nrs.objectstore.gov.bc.ca/gdwuts/094/094p/2025/dem/bc_094p081_3_4_3_xli1m_utm10_20250508_20250508.tif,200,True,,2026-08-29T19:30:15.328258+00:00
https://nrs.objectstore.gov.bc.ca/gdwuts/094/094p/2025/dem/bc_094p081_3_4_4_xli1m_utm10_20250508_20250508.tif,200,True,,2026-08-29T19:30:15.355612+00:00
https://nrs.objectstore.gov.bc.ca/gdwuts/094/094p/2025/dem/bc_094p081_4_1_1_xli1m_utm10_20250508_20250508.tif,200,True,,2026-08-29T19:30:15.342586+00:00
https://nrs.objectstore.gov.bc.ca/gdwuts/094/094p/2025/dem/bc_094p085_1_2_1_xli1m_utm10_20250509_20251014.tif,200,True,,2026-08-29T19:30:15.357582+00:00
https://nrs.objectstore.gov.bc.ca/gdwuts/094/094p/2025/dem/bc_094p085_1_2_2_xli1m_utm10_20251014_20251014.tif,200,True,,2026-08-29T19:30:15.376625+00:00
https://nrs.objectstore.gov.bc.ca/gdwuts/094/094p/2025/dem/bc_094p085_1_2_3_xli1m_utm10_20250509_20251014.tif,200,True,,2026-08-29T19:30:15.413166+00:00
https://nrs.objectstore.gov.bc.ca/gdwuts/094/094p/2025/dem/bc_094p085_1_2_4_xli1m_utm10_20251014_20251014.tif,200,True,,2026-08-29T19:30:15.391135+00:00
https://nrs.objectstore.gov.bc.ca/gdwuts/094/094p/2025/dem/bc_094p085_1_3_1_xli1m_utm10_20251014_20251014.tif,200,True,,2026-08-29T19:30:15.436252+00:00
https://nrs.objectstore.gov.bc.ca/gdwuts/094/094p/2025/dem/bc_094p085_1_3_2_xli1m_utm10_20250509_20251014.tif,200,True,,2026-08-29T19:30:15.444746+00:00
https://nrs.objectstore.gov.bc.ca/gdwuts/094/094p/2025/dem/bc_094p085_1_3_3_xli1m_utm10_20251014_20251014.tif,200,True,,2026-08-29T19:30:15.447476+00:00
https://nrs.objectstore.gov.bc.ca/gdwuts/094/094p/2025/dem/bc_094p085_1_3_4_xli1m_utm10_20250509_20251014.tif,200,True,,2026-08-29T19:30:15.451997+00:00
https://nrs.objectstore.gov.bc.ca/gdwuts/094/094p/2025/dem/bc_094p085_1_4_1_xli1m_utm10_20250509_20251014.tif,200,True,,2026-08-29T19:30:15.506377+00:00
https://nrs.objectstore.gov.bc.ca/gdwuts/094/094p/2025/dem/bc_094p085_1_4_2_xli1m_utm10_20251014_20251014.tif,200,True,,2026-08-29T19:30:15.477298+00:00
https://nrs.objectstore.gov.bc.ca/gdwuts/094/094p/2025/dem/bc_094p085_1_4_3_xli1m_utm10_20250509_20251014.tif,200,True,,2026-08-29T19:30:15.469822+00:00
https://nrs.objectstore.gov.bc.ca/gdwuts/094/094p/2025/dem/bc_094p085_1_4_4_xli1m_utm10_20251014_20251014.tif,200,True,,2026-08-29T19:30:15.515263+00:00
https://nrs.objectstore.gov.bc.ca/gdwuts/094/094p/2025/dem/bc_094p085_2_1_1_xli1m_utm10_20250509_20251014.tif,200,True,,2026-08-29T19:30:15.512325+00:00
https://nrs.objectstore.gov.bc.ca/gdwuts/094/094p/2025/dem/bc_094p085_2_1_2_xli1m_utm10_20250509_20251014.tif,200,True,,2026-08-29T19:30:15.528758+00:00
https://nrs.objectstore.gov.bc.ca/gdwuts/094/094p/2025/dem/bc_094p085_2_1_3_xli1m_utm10_20251014_20251014.tif,200,True,,2026-08-29T19:30:15.549385+00:00
https://nrs.objectstore.gov.bc.ca/gdwuts/094/094p/2025/dem/bc_094p085_2_1_4_xli1m_utm10_20250509_20251014.tif,200,True,,2026-08-29T19:30:15.557131+00:00
https://nrs.objectstore.gov.bc.ca/gdwuts/094/094p/2025/dem/bc_094p085_2_2_1_xli1m_utm10_20250509_20251014.tif,200,True,,2026-08-29T19:30:15.577497+00:00
https://nrs.objectstore.gov.bc.ca/gdwuts/094/094p/2025/dem/bc_094p085_2_2_2_xli1m_utm10_20250509_20250509.tif,200,True,,2026-08-29T19:30:15.565150+00:00
https://nrs.objectstore.gov.bc.ca/gdwuts/094/094p/2025/dem/bc_094p085_2_2_3_xli1m_utm10_20250509_20251014.tif,200,True,,2026-08-29T19:30:15.590822+00:00
https://nrs.objectstore.gov.bc.ca/gdwuts/094/094p/2025/dem/bc_094p085_2_2_4_xli1m_utm10_20250509_20250509.tif,200,True,,2026-08-29T19:30:15.593075+00:00
https://nrs.objectstore.gov.bc.ca/gdwuts/094/094p/2025/dem/bc_094p085_2_3_1_xli1m_utm10_20251014_20251014.tif,200,True,,2026-08-29T19:30:15.634020+00:00
https://nrs.objectstore.gov.bc.ca/gdwuts/094/094p/2025/dem/bc_094p085_2_3_2_xli1m_utm10_20250509_20251014.tif,200,True,,2026-08-29T19:30:15.626090+00:00
https://nrs.objectstore.gov.bc.ca/gdwuts/094/094p/2025/dem/bc_094p085_2_3_3_xli1m_utm10_20251014_20251014.tif,200,True,,2026-08-29T19:30:15.649207+00:00
https://nrs.objectstore.gov.bc.ca/gdwuts/094/094p/2025/dem/bc_094p085_2_3_4_xli1m_utm10_20250509_20251014.tif,200,True,,2026-08-29T19:30:15.673167+00:00
https://nrs.objectstore.gov.bc.ca/gdwuts/094/094p/2025/dem/bc_094p085_2_4_1_xli1m_utm10_20250509_20251014.tif,200,True,,2026-08-29T19:30:15.666198+00:00
https://nrs.objectstore.gov.bc.ca/gdwuts/094/094p/2025/dem/bc_094p085_2_4_2_xli1m_utm10_20250509_20250509.tif,200,True,,2026-08-29T19:30:15.658161+00:00
https://nrs.objectstore.gov.bc.ca/gdwuts/094/094p/2025/dem/bc_094p085_2_4_3_xli1m_utm10_20250509_20251014.tif,200,True,,2026-08-29T19:30:15.711142+00:00
https://nrs.objectstore.gov.bc.ca/gdwuts/094/094p/2025/dem/bc_094p085_2_4_4_xli1m_utm10_20250509_20250509.tif,200,True,,2026-08-29T19:30:15.697885+00:00
https://nrs.objectstore.gov.bc.ca/gdwuts/094/094p/2025/dem/bc_094p085_3_1_1_xli1m_utm10_20251014_20251014.tif,200,True,,2026-08-29T19:30:15.699838+00:00
https://nrs.objectstore.gov.bc.ca/gdwuts/094/094p/2025/dem/bc_094p085_3_1_2_xli1m_utm10_20250509_20251014.tif,200,True,,2026-08-29T19:30:15.726429+00:00
https://nrs.objectstore.gov.bc.ca/gdwuts/094/094p/2025/dem/bc_094p085_3_1_3_xli1m_utm10_20251014_20251014.tif,200,True,,2026-08-29T19:30:15.734387+00:00
https://nrs.objectstore.gov.bc.ca/gdwuts/094/094p/2025/dem/bc_094p085_3_1_4_xli1m_utm10_20250509_20251014.tif,200,True,,2026-08-29T19:30:15.772676+00:00
https://nrs.objectstore.gov.bc.ca/gdwuts/094/094p/2025/dem/bc_094p085_3_2_1_xli1m_utm10_20250509_20251014.tif,200,True,,2026-08-29T19:30:15.776443+00:00
https://nrs.objectstore.gov.bc.ca/gdwuts/094/094p/2025/dem/bc_094p085_3_2_2_xli1m_utm10_20251014_20251014.tif,200,True,,2026-08-29T19:30:15.787232+00:00
https://nrs.objectstore.gov.bc.ca/gdwuts/094/094p/2025/dem/bc_094p085_3_2_3_xli1m_utm10_20250509_20251014.tif,200,True,,2026-08-29T19:30:15.803190+00:00
https://nrs.objectstore.gov.bc.ca/gdwuts/094/094p/2025/dem/bc_094p085_3_2_4_xli1m_utm10_20251014_20251014.tif,200,True,,2026-08-29T19:30:15.798617+00:00
https://nrs.objectstore.gov.bc.ca/gdwuts/094/094p/2025/dem/bc_094p085_3_3_1_xli1m_utm10_20251014_20251014.tif,200,True,,2026-08-29T19:30:15.829194+00:00
https://nrs.objectstore.gov.bc.ca/gdwuts/094/094p/2025/dem/bc_094p085_3_3_2_xli1m_utm10_20250509_20251014.tif,200,True,,2026-08-29T19:30:15.818204+00:00
https://nrs.objectstore.gov.bc.ca/gdwuts/094/094p/2025/dem/bc_094p085_3_3_3_xli1m_utm10_20251014_20251014.tif,200,True,,2026-08-29T19:30:15.837038+00:00
https://nrs.objectstore.gov.bc.ca/gdwuts/094/094p/2025/dem/bc_094p085_3_3_4_xli1m_utm10_20251014_20251014.tif,200,True,,2026-08-29T19:30:15.886128+00:00
https://nrs.objectstore.gov.bc.ca/gdwuts/094/094p/2025/dem/bc_094p085_3_4_1_xli1m_utm10_20250509_20251014.tif,200,True,,2026-08-29T19:30:15.863066+00:00
https://nrs.objectstore.gov.bc.ca/gdwuts/094/094p/2025/dem/bc_094p085_3_4_2_xli1m_utm10_20251014_20251014.tif,200,True,,2026-08-29T19:30:15.878150+00:00
https://nrs.objectstore.gov.bc.ca/gdwuts/094/094p/2025/dem/bc_094p085_3_4_3_xli1m_utm10_20251014_20251014.tif,200,True,,2026-08-29T19:30:15.921728+00:00
https://nrs.objectstore.gov.bc.ca/gdwuts/094/094p/2025/dem/bc_094p085_3_4_4_xli1m_utm10_20251014_20251014.tif,200,True,,2026-08-29T19:30:15.924567+00:00
https://nrs.objectstore.gov.bc.ca/gdwuts/094/094p/2025/dem/bc_094p085_4_1_1_xli1m_utm10_20251014_20251014.tif,200,True,,2026-08-29T19:30:15.916161+00:00
https://nrs.objectstore.gov.bc.ca/gdwuts/094/094p/2025/dem/bc_094p085_4_1_2_xli1m_utm10_20250509_20251014.tif,200,True,,2026-08-29T19:30:15.919755+00:00
https://nrs.objectstore.gov.bc.ca/gdwuts/094/094p/2025/dem/bc_094p085_4_1_3_xli1m_utm10_20251014_20251014.tif,200,True,,2026-08-29T19:30:15.931697+00:00
https://nrs.objectstore.gov.bc.ca/gdwuts/094/094p/2025/dem/bc_094p085_4_1_4_xli1m_utm10_20250509_20251014.tif,200,True,,2026-08-29T19:30:15.952184+00:00
https://nrs.objectstore.gov.bc.ca/gdwuts/094/094p/2025/dem/bc_094p085_4_2_1_xli1m_utm10_20250509_20251014.tif,200,True,,2026-08-29T19:30:15.963202+00:00
https://nrs.objectstore.gov.bc.ca/gdwuts/094/094p/2025/dem/bc_094p085_4_2_2_xli1m_utm10_20250509_20251014.tif,200,True,,2026-08-29T19:30:16.040067+00:00
https://nrs.objectstore.gov.bc.ca/gdwuts/094/094p/2025/dem/bc_094p085_4_2_3_xli1m_utm10_20250509_20251014.tif,200,True,,2026-08-29T19:30:16.051345+00:00
https://nrs.objectstore.gov.bc.ca/gdwuts/094/094p/2025/dem/bc_094p085_4_2_4_xli1m_utm10_20250509_20251014.tif,200,True,,2026-08-29T19:30:16.046722+00:00
https://nrs.objectstore.gov.bc.ca/gdwuts/094/094p/2025/dem/bc_094p085_4_3_1_xli1m_utm10_20251014_20251014.tif,200,True,,2026-08-29T19:30:16.058138+00:00
https://nrs.objectstore.gov.bc.ca/gdwuts/094/094p/2025/dem/bc_094p085_4_3_2_xli1m_utm10_20250509_20251014.tif,200,True,,2026-08-29T19:30:16.011957+00:00
https://nrs.objectstore.gov.bc.ca/gdwuts/094/094p/2025/dem/bc_094p085_4_3_3_xli1m_utm10_20251014_20251014.tif,200,True,,2026-08-29T19:30:16.007236+00:00
https://nrs.objectstore.gov.bc.ca/gdwuts/094/094p/2025/dem/bc_094p085_4_3_4_xli1m_utm10_20250509_20251014.tif,200,True,,2026-08-29T19:30:16.072030+00:00
https://nrs.objectstore.gov.bc.ca/gdwuts/094/094p/2025/dem/bc_094p085_4_4_1_xli1m_utm10_20250509_20251014.tif,200,True,,2026-08-29T19:30:16.036145+00:00
https://nrs.objectstore.gov.bc.ca/gdwuts/094/094p/2025/dem/bc_094p085_4_4_2_xli1m_utm10_20250509_20251014.tif,200,True,,2026-08-29T19:30:16.103129+00:00
https://nrs.objectstore.gov.bc.ca/gdwuts/094/094p/2025/dem/bc_094p085_4_4_3_xli1m_utm10_20250509_20251014.tif,200,True,,2026-08-29T19:30:16.174164+00:00
https://nrs.objectstore.gov.bc.ca/gdwuts/094/094p/2025/dem/bc_094p085_4_4_4_xli1m_utm10_20250509_20251014.tif,200,True,,2026-08-29T19:30:16.177127+00:00
https://nrs.objectstore.gov.bc.ca/gdwuts/094/094p/2025/dem/bc_094p086_1_1_1_xli1m_utm10_20250509_20250509.tif,200,True,,2026-08-29T19:30:16.114161+00:00
https://nrs.objectstore.gov.bc.ca/gdwuts/094/094p/2025/dem/bc_094p086_1_1_2_xli1m_utm10_20250507_20250509.tif,200,True,,2026-08-29T19:30:16.118146+00:00
https://nrs.objectstore.gov.bc.ca/gdwuts/094/094p/2025/dem/bc_094p086_1_1_3_xli1m_utm10_20250509_20250509.tif,200,True,,2026-08-29T19:30:16.135035+00:00
https://nrs.objectstore.gov.bc.ca/gdwuts/094/094p/2025/dem/bc_094p086_1_1_4_xli1m_utm10_20250507_20250509.tif,200,True,,2026-08-29T19:30:16.169192+00:00
https://nrs.objectstore.gov.bc.ca/gdwuts/094/094p/2025/dem/bc_094p086_1_2_1_xli1m_utm10_20250507_20250509.tif,200,True,,2026-08-29T19:30:16.174577+00:00
https://nrs.objectstore.gov.bc.ca/gdwuts/094/094p/2025/dem/bc_094p086_1_2_2_xli1m_utm10_20250507_20250507.tif,200,True,,2026-08-29T19:30:16.189622+00:00
https://nrs.objectstore.gov.bc.ca/gdwuts/094/094p/2025/dem/bc_094p086_1_2_3_xli1m_utm10_20250507_20250509.tif,200,True,,2026-08-29T19:30:16.210155+00:00
https://nrs.objectstore.gov.bc.ca/gdwuts/094/094p/2025/dem/bc_094p086_1_2_4_xli1m_utm10_20250507_20250507.tif,200,True,,2026-08-29T19:30:16.215757+00:00
https://nrs.objectstore.gov.bc.ca/gdwuts/094/094p/2025/dem/bc_094p086_1_3_1_xli1m_utm10_20250509_20250509.tif,200,True,,2026-08-29T19:30:16.212446+00:00
https://nrs.objectstore.gov.bc.ca/gdwuts/094/094p/2025/dem/bc_094p086_1_3_2_xli1m_utm10_20250507_20250509.tif,200,True,,2026-08-29T19:30:16.260220+00:00
https://nrs.objectstore.gov.bc.ca/gdwuts/094/094p/2025/dem/bc_094p086_1_3_3_xli1m_utm10_20250509_20250509.tif,200,True,,2026-08-29T19:30:16.251130+00:00
https://nrs.objectstore.gov.bc.ca/gdwuts/094/094p/2025/dem/bc_094p086_1_3_4_xli1m_utm10_20250507_20250509.tif,200,True,,2026-08-29T19:30:16.241123+00:00
https://nrs.objectstore.gov.bc.ca/gdwuts/094/094p/2025/dem/bc_094p086_1_4_1_xli1m_utm10_20250507_20250509.tif,200,True,,2026-08-29T19:30:16.297221+00:00
https://nrs.objectstore.gov.bc.ca/gdwuts/094/094p/2025/dem/bc_094p086_1_4_2_xli1m_utm10_20250507_20250507.tif,200,True,,2026-08-29T19:30:16.281137+00:00
https://nrs.objectstore.gov.bc.ca/gdwuts/094/094p/2025/dem/bc_094p086_1_4_3_xli1m_utm10_20250507_20250509.tif,200,True,,2026-08-29T19:30:16.291126+00:00
https://nrs.objectstore.gov.bc.ca/gdwuts/094/094p/2025/dem/bc_094p086_1_4_4_xli1m_utm10_20250507_20250507.tif,200,True,,2026-08-29T19:30:16.289135+00:00
https://nrs.objectstore.gov.bc.ca/gdwuts/094/094p/2025/dem/bc_094p086_2_1_1_xli1m_utm10_20250507_20250507.tif,200,True,,2026-08-29T19:30:16.320132+00:00
https://nrs.objectstore.gov.bc.ca/gdwuts/094/094p/2025/dem/bc_094p086_2_1_2_xli1m_utm10_20250507_20250507.tif,200,True,,2026-08-29T19:30:16.389088+00:00
https://nrs.objectstore.gov.bc.ca/gdwuts/094/094p/2025/dem/bc_094p086_2_1_3_xli1m_utm10_20250507_20250507.tif,200,True,,2026-08-29T19:30:16.393266+00:00
https://nrs.objectstore.gov.bc.ca/gdwuts/094/094p/2025/dem/bc_094p086_2_1_4_xli1m_utm10_20250507_20250507.tif,200,True,,2026-08-29T19:30:16.364646+00:00
https://nrs.objectstore.gov.bc.ca/gdwuts/094/094p/2025/dem/bc_094p086_2_2_1_xli1m_utm10_20250507_20250507.tif,200,True,,2026-08-29T19:30:16.367486+00:00
https://nrs.objectstore.gov.bc.ca/gdwuts/094/094p/2025/dem/bc_094p086_2_2_2_xli1m_utm10_20250507_20250507.tif,200,True,,2026-08-29T19:30:16.385166+00:00
https://nrs.objectstore.gov.bc.ca/gdwuts/094/094p/2025/dem/bc_094p086_2_2_3_xli1m_utm10_20250507_20250507.tif,200,True,,2026-08-29T19:30:16.409476+00:00
https://nrs.objectstore.gov.bc.ca/gdwuts/094/094p/2025/dem/bc_094p086_2_2_4_xli1m_utm10_20250507_20250507.tif,200,True,,2026-08-29T19:30:16.401120+00:00
https://nrs.objectstore.gov.bc.ca/gdwuts/094/094p/2025/dem/bc_094p086_2_3_1_xli1m_utm10_20250507_20250507.tif,200,True,,2026-08-29T19:30:16.451203+00:00
https://nrs.objectstore.gov.bc.ca/gdwuts/094/094p/2025/dem/bc_094p086_2_3_2_xli1m_utm10_20250507_20250507.tif,200,True,,2026-08-29T19:30:16.424880+00:00
https://nrs.objectstore.gov.bc.ca/gdwuts/094/094p/2025/dem/bc_094p086_2_3_3_xli1m_utm10_20250507_20250507.tif,200,True,,2026-08-29T19:30:16.496114+00:00
https://nrs.objectstore.gov.bc.ca/gdwuts/094/094p/2025/dem/bc_094p086_2_3_4_xli1m_utm10_20250507_20250507.tif,200,True,,2026-08-29T19:30:16.471604+00:00
https://nrs.objectstore.gov.bc.ca/gdwuts/094/094p/2025/dem/bc_094p086_2_4_1_xli1m_utm10_20250507_20250507.tif,200,True,,2026-08-29T19:30:16.462313+00:00
https://nrs.objectstore.gov.bc.ca/gdwuts/094/094p/2025/dem/bc_094p086_2_4_2_xli1m_utm10_20250507_20250507.tif,200,True,,2026-08-29T19:30:16.495293+00:00
https://nrs.objectstore.gov.bc.ca/gdwuts/094/094p/2025/dem/bc_094p086_2_4_3_xli1m_utm10_20250507_20250507.tif,200,True,,2026-08-29T19:30:16.477145+00:00
https://nrs.objectstore.gov.bc.ca/gdwuts/094/094p/2025/dem/bc_094p086_2_4_4_xli1m_utm10_20250507_20250507.tif,200,True,,2026-08-29T19:30:16.493225+00:00
https://nrs.objectstore.gov.bc.ca/gdwuts/094/094p/2025/dem/bc_094p086_3_1_1_xli1m_utm10_20250509_20250509.tif,200,True,,2026-08-29T19:30:16.523351+00:00
https://nrs.objectstore.gov.bc.ca/gdwuts/094/094p/2025/dem/bc_094p086_3_1_2_xli1m_utm10_20250507_20250509.tif,200,True,,2026-08-29T19:30:16.538560+00:00
https://nrs.objectstore.gov.bc.ca/gdwuts/094/094p/2025/dem/bc_094p086_3_1_3_xli1m_utm10_20250509_20250509.tif,200,True,,2026-08-29T19:30:16.567169+00:00
https://nrs.objectstore.gov.bc.ca/gdwuts/094/094p/2025/dem/bc_094p086_3_1_4_xli1m_utm10_20250507_20250509.tif,200,True,,2026-08-29T19:30:16.583354+00:00
https://nrs.objectstore.gov.bc.ca/gdwuts/094/094p/2025/dem/bc_094p086_3_2_1_xli1m_utm10_20250507_20250509.tif,200,True,,2026-08-29T19:30:16.571213+00:00
https://nrs.objectstore.gov.bc.ca/gdwuts/094/094p/2025/dem/bc_094p086_3_2_2_xli1m_utm10_20250507_20250507.tif,200,True,,2026-08-29T19:30:16.595124+00:00
https://nrs.objectstore.gov.bc.ca/gdwuts/094/094p/2025/dem/bc_094p086_3_2_3_xli1m_utm10_20250507_20250509.tif,200,True,,2026-08-29T19:30:16.617136+00:00
https://nrs.objectstore.gov.bc.ca/gdwuts/094/094p/2025/dem/bc_094p086_3_2_4_xli1m_utm10_20250507_20250507.tif,200,True,,2026-08-29T19:30:16.581137+00:00
https://nrs.objectstore.gov.bc.ca/gdwuts/094/094p/2025/dem/bc_094p086_3_3_1_xli1m_utm10_20250509_20250509.tif,200,True,,2026-08-29T19:30:16.626191+00:00
https://nrs.objectstore.gov.bc.ca/gdwuts/094/094p/2025/dem/bc_094p086_3_3_2_xli1m_utm10_20250509_20250509.tif,200,True,,2026-08-29T19:30:16.631657+00:00
https://nrs.objectstore.gov.bc.ca/gdwuts/094/094p/2025/dem/bc_094p086_3_3_3_xli1m_utm10_20250509_20250509.tif,200,True,,2026-08-29T19:30:16.640577+00:00
https://nrs.objectstore.gov.bc.ca/gdwuts/094/094p/2025/dem/bc_094p086_3_3_4_xli1m_utm10_20250509_20250509.tif,200,True,,2026-08-29T19:30:16.703861+00:00
https://nrs.objectstore.gov.bc.ca/gdwuts/094/094p/2025/dem/bc_094p086_3_4_1_xli1m_utm10_20250507_20250509.tif,200,True,,2026-08-29T19:30:16.698133+00:00
https://nrs.objectstore.gov.bc.ca/gdwuts/094/094p/2025/dem/bc_094p086_3_4_2_xli1m_utm10_20250507_20250507.tif,200,True,,2026-08-29T19:30:16.709522+00:00
https://nrs.objectstore.gov.bc.ca/gdwuts/094/094p/2025/dem/bc_094p086_3_4_3_xli1m_utm10_20250507_20250509.tif,200,True,,2026-08-29T19:30:16.700499+00:00
https://nrs.objectstore.gov.bc.ca/gdwuts/094/094p/2025/dem/bc_094p086_3_4_4_xli1m_utm10_20250507_20250507.tif,200,True,,2026-08-29T19:30:16.728683+00:00
https://nrs.objectstore.gov.bc.ca/gdwuts/094/094p/2025/dem/bc_094p086_4_1_1_xli1m_utm10_20250507_20250507.tif,200,True,,2026-08-29T19:30:16.714200+00:00
https://nrs.objectstore.gov.bc.ca/gdwuts/094/094p/2025/dem/bc_094p086_4_1_2_xli1m_utm10_20250507_20250507.tif,200,True,,2026-08-29T19:30:16.736139+00:00
https://nrs.objectstore.gov.bc.ca/gdwuts/094/094p/2025/dem/bc_094p086_4_1_3_xli1m_utm10_20250507_20250507.tif,200,True,,2026-08-29T19:30:16.739498+00:00
https://nrs.objectstore.gov.bc.ca/gdwuts/094/094p/2025/dem/bc_094p086_4_1_4_xli1m_utm10_20250507_20250507.tif,200,True,,2026-08-29T19:30:16.765297+00:00
https://nrs.objectstore.gov.bc.ca/gdwuts/094/094p/2025/dem/bc_094p086_4_2_1_xli1m_utm10_20250507_20250507.tif,200,True,,2026-08-29T19:30:16.775255+00:00
https://nrs.objectstore.gov.bc.ca/gdwuts/094/094p/2025/dem/bc_094p086_4_2_2_xli1m_utm10_20250507_20250507.tif,200,True,,2026-08-29T19:30:16.791440+00:00
https://nrs.objectstore.gov.bc.ca/gdwuts/094/094p/2025/dem/bc_094p086_4_2_3_xli1m_utm10_20250507_20250507.tif,200,True,,2026-08-29T19:30:16.804618+00:00
https://nrs.objectstore.gov.bc.ca/gdwuts/094/094p/2025/dem/bc_094p086_4_2_4_xli1m_utm10_20250507_20250507.tif,200,True,,2026-08-29T19:30:16.802207+00:00
https://nrs.objectstore.gov.bc.ca/gdwuts/094/094p/2025/dem/bc_094p086_4_3_1_xli1m_utm10_20250507_20250507.tif,200,True,,2026-08-29T19:30:16.825044+00:00
https://nrs.objectstore.gov.bc.ca/gdwuts/094/094p/2025/dem/bc_094p086_4_3_2_xli1m_utm10_20250507_20250507.tif,200,True,,2026-08-29T19:30:16.821148+00:00
https://nrs.objectstore.gov.bc.ca/gdwuts/094/094p/2025/dem/bc_094p086_4_3_3_xli1m_utm10_20250507_20250507.tif,200,True,,2026-08-29T19:30:16.814151+00:00
https://nrs.objectstore.gov.bc.ca/gdwuts/094/094p/2025/dem/bc_094p086_4_3_4_xli1m_utm10_20250507_20250507.tif,200,True,,2026-08-29T19:30:16.907338+00:00
https://nrs.objectstore.gov.bc.ca/gdwuts/094/094p/2025/dem/bc_094p086_4_4_1_xli1m_utm10_20250507_20250507.tif,200,True,,2026-08-29T19:30:16.882795+00:00
https://nrs.objectstore.gov.bc.ca/gdwuts/094/094p/2025/dem/bc_094p086_4_4_2_xli1m_utm10_20250507_20250507.tif,200,True,,2026-08-29T19:30:16.905125+00:00
https://nrs.objectstore.gov.bc.ca/gdwuts/094/094p/2025/dem/bc_094p086_4_4_3_xli1m_utm10_20250507_20250507.tif,200,True,,2026-08-29T19:30:16.901126+00:00
https://nrs.objectstore.gov.bc.ca/gdwuts/094/094p/2025/dem/bc_094p086_4_4_4_xli1m_utm10_20250507_20250507.tif,200,True,,2026-08-29T19:30:16.954931+00:00
https://nrs.objectstore.gov.bc.ca/gdwuts/094/094p/2025/dem/bc_094p087_1_1_1_xli1m_utm10_20250507_20250507.tif,200,True,,2026-08-29T19:30:16.972119+00:00
https://nrs.objectstore.gov.bc.ca/gdwuts/094/094p/2025/dem/bc_094p087_1_1_2_xli1m_utm10_20250507_20250507.tif,200,True,,2026-08-29T19:30:16.951486+00:00
https://nrs.objectstore.gov.bc.ca/gdwuts/094/094p/2025/dem/bc_094p087_1_1_3_xli1m_utm10_20250507_20250507.tif,200,True,,2026-08-29T19:30:16.927138+00:00
https://nrs.objectstore.gov.bc.ca/gdwuts/094/094p/2025/dem/bc_094p087_1_1_4_xli1m_utm10_20250507_20250507.tif,200,True,,2026-08-29T19:30:16.947472+00:00
https://nrs.objectstore.gov.bc.ca/gdwuts/094/094p/2025/dem/bc_094p087_1_2_1_xli1m_utm10_20250506_20250507.tif,200,True,,2026-08-29T19:30:17.018853+00:00
https://nrs.objectstore.gov.bc.ca/gdwuts/094/094p/2025/dem/bc_094p087_1_2_2_xli1m_utm10_20250506_20250506.tif,200,True,,2026-08-29T19:30:17.016165+00:00
https://nrs.objectstore.gov.bc.ca/gdwuts/094/094p/2025/dem/bc_094p087_1_2_3_xli1m_utm10_20250506_20250507.tif,200,True,,2026-08-29T19:30:16.985132+00:00
https://nrs.objectstore.gov.bc.ca/gdwuts/094/094p/2025/dem/bc_094p087_1_2_4_xli1m_utm10_20250506_20250506.tif,200,True,,2026-08-29T19:30:17.013754+00:00
https://nrs.objectstore.gov.bc.ca/gdwuts/094/094p/2025/dem/bc_094p087_1_3_1_xli1m_utm10_20250507_20250507.tif,200,True,,2026-08-29T19:30:17.039146+00:00
https://nrs.objectstore.gov.bc.ca/gdwuts/094/094p/2025/dem/bc_094p087_1_3_2_xli1m_utm10_20250507_20250507.tif,200,True,,2026-08-29T19:30:17.031158+00:00
https://nrs.objectstore.gov.bc.ca/gdwuts/094/094p/2025/dem/bc_094p087_1_3_3_xli1m_utm10_20250507_20250507.tif,200,True,,2026-08-29T19:30:17.034357+00:00
https://nrs.objectstore.gov.bc.ca/gdwuts/094/094p/2025/dem/bc_094p087_1_3_4_xli1m_utm10_20250507_20250507.tif,200,True,,2026-08-29T19:30:17.048720+00:00
https://nrs.objectstore.gov.bc.ca/gdwuts/094/094p/2025/dem/bc_094p087_1_4_1_xli1m_utm10_20250506_20250507.tif,200,True,,2026-08-29T19:30:17.089213+00:00
https://nrs.objectstore.gov.bc.ca/gdwuts/094/094p/2025/dem/bc_094p087_1_4_2_xli1m_utm10_20250506_20250506.tif,200,True,,2026-08-29T19:30:17.089648+00:00
https://nrs.objectstore.gov.bc.ca/gdwuts/094/094p/2025/dem/bc_094p087_1_4_3_xli1m_utm10_20250506_20250507.tif,200,True,,2026-08-29T19:30:17.113049+00:00
https://nrs.objectstore.gov.bc.ca/gdwuts/094/094p/2025/dem/bc_094p087_1_4_4_xli1m_utm10_20250506_20250506.tif,200,True,,2026-08-29T19:30:17.105279+00:00
https://nrs.objectstore.gov.bc.ca/gdwuts/094/094p/2025/dem/bc_094p087_2_1_1_xli1m_utm10_20250506_20250506.tif,200,True,,2026-08-29T19:30:17.128974+00:00
https://nrs.objectstore.gov.bc.ca/gdwuts/094/094p/2025/dem/bc_094p087_2_1_2_xli1m_utm10_20250506_20250506.tif,200,True,,2026-08-29T19:30:17.137136+00:00
https://nrs.objectstore.gov.bc.ca/gdwuts/094/094p/2025/dem/bc_094p087_2_1_3_xli1m_utm10_20250506_20250506.tif,200,True,,2026-08-29T19:30:17.142812+00:00
https://nrs.objectstore.gov.bc.ca/gdwuts/094/094p/2025/dem/bc_094p087_2_1_4_xli1m_utm10_20250506_20250506.tif,200,True,,2026-08-29T19:30:17.168225+00:00
https://nrs.objectstore.gov.bc.ca/gdwuts/094/094p/2025/dem/bc_094p087_2_2_1_xli1m_utm10_20250506_20250506.tif,200,True,,2026-08-29T19:30:17.188183+00:00
https://nrs.objectstore.gov.bc.ca/gdwuts/094/094p/2025/dem/bc_094p087_2_2_2_xli1m_utm10_20250506_20250506.tif,200,True,,2026-08-29T19:30:17.210189+00:00
https://nrs.objectstore.gov.bc.ca/gdwuts/094/094p/2025/dem/bc_094p087_2_2_4_xli1m_utm10_20250506_20250506.tif,200,True,,2026-08-29T19:30:17.219543+00:00
https://nrs.objectstore.gov.bc.ca/gdwuts/094/094p/2025/dem/bc_094p087_2_3_1_xli1m_utm10_20250506_20250506.tif,200,True,,2026-08-29T19:30:17.251539+00:00
https://nrs.objectstore.gov.bc.ca/gdwuts/094/094p/2025/dem/bc_094p087_2_3_2_xli1m_utm10_20250506_20250506.tif,200,True,,2026-08-29T19:30:17.242165+00:00
https://nrs.objectstore.gov.bc.ca/gdwuts/094/094p/2025/dem/bc_094p087_2_3_3_xli1m_utm10_20250506_20250506.tif,200,True,,2026-08-29T19:30:17.248422+00:00
https://nrs.objectstore.gov.bc.ca/gdwuts/094/094p/2025/dem/bc_094p087_2_3_4_xli1m_utm10_20250506_20250506.tif,200,True,,2026-08-29T19:30:17.215141+00:00
https://nrs.objectstore.gov.bc.ca/gdwuts/094/094p/2025/dem/bc_094p087_2_4_1_xli1m_utm10_20250506_20250506.tif,200,True,,2026-08-29T19:30:17.236027+00:00
https://nrs.objectstore.gov.bc.ca/gdwuts/094/094p/2025/dem/bc_094p087_2_4_2_xli1m_utm10_20250506_20250506.tif,200,True,,2026-08-29T19:30:17.312323+00:00
https://nrs.objectstore.gov.bc.ca/gdwuts/094/094p/2025/dem/bc_094p087_2_4_3_xli1m_utm10_20250506_20250506.tif,200,True,,2026-08-29T19:30:17.342364+00:00
https://nrs.objectstore.gov.bc.ca/gdwuts/094/094p/2025/dem/bc_094p087_2_4_4_xli1m_utm10_20250506_20250506.tif,200,True,,2026-08-29T19:30:17.305255+00:00
https://nrs.objectstore.gov.bc.ca/gdwuts/094/094p/2025/dem/bc_094p087_3_1_1_xli1m_utm10_20250507_20250507.tif,200,True,,2026-08-29T19:30:17.310639+00:00
https://nrs.objectstore.gov.bc.ca/gdwuts/094/094p/2025/dem/bc_094p087_3_1_2_xli1m_utm10_20250507_20250507.tif,200,True,,2026-08-29T19:30:17.350365+00:00
https://nrs.objectstore.gov.bc.ca/gdwuts/094/094p/2025/dem/bc_094p087_3_1_3_xli1m_utm10_20250507_20250507.tif,200,True,,2026-08-29T19:30:17.329513+00:00
https://nrs.objectstore.gov.bc.ca/gdwuts/094/094p/2025/dem/bc_094p087_3_1_4_xli1m_utm10_20250507_20250507.tif,200,True,,2026-08-29T19:30:17.333146+00:00
https://nrs.objectstore.gov.bc.ca/gdwuts/094/094p/2025/dem/bc_094p087_3_2_1_xli1m_utm10_20250506_20250507.tif,200,True,,2026-08-29T19:30:17.344675+00:00
https://nrs.objectstore.gov.bc.ca/gdwuts/094/094p/2025/dem/bc_094p087_3_2_2_xli1m_utm10_20250506_20250507.tif,200,True,,2026-08-29T19:30:17.399149+00:00
https://nrs.objectstore.gov.bc.ca/gdwuts/094/094p/2025/dem/bc_094p087_3_2_3_xli1m_utm10_20250506_20250507.tif,200,True,,2026-08-29T19:30:17.391078+00:00
https://nrs.objectstore.gov.bc.ca/gdwuts/094/094p/2025/dem/bc_094p087_3_2_4_xli1m_utm10_20250506_20250507.tif,200,True,,2026-08-29T19:30:17.436392+00:00
https://nrs.objectstore.gov.bc.ca/gdwuts/094/094p/2025/dem/bc_094p087_3_3_1_xli1m_utm10_20250507_20250507.tif,200,True,,2026-08-29T19:30:17.412515+00:00
https://nrs.objectstore.gov.bc.ca/gdwuts/094/094p/2025/dem/bc_094p087_3_3_2_xli1m_utm10_20250507_20250507.tif,200,True,,2026-08-29T19:30:17.436869+00:00
https://nrs.objectstore.gov.bc.ca/gdwuts/094/094p/2025/dem/bc_094p087_3_3_3_xli1m_utm10_20250507_20250507.tif,200,True,,2026-08-29T19:30:17.464805+00:00
https://nrs.objectstore.gov.bc.ca/gdwuts/094/094p/2025/dem/bc_094p087_3_3_4_xli1m_utm10_20250507_20250507.tif,200,True,,2026-08-29T19:30:17.448166+00:00
https://nrs.objectstore.gov.bc.ca/gdwuts/094/094p/2025/dem/bc_094p087_3_4_1_xli1m_utm10_20250506_20250507.tif,200,True,,2026-08-29T19:30:17.431045+00:00
https://nrs.objectstore.gov.bc.ca/gdwuts/094/094p/2025/dem/bc_094p087_3_4_2_xli1m_utm10_20250506_20250507.tif,200,True,,2026-08-29T19:30:17.509221+00:00
https://nrs.objectstore.gov.bc.ca/gdwuts/094/094p/2025/dem/bc_094p087_3_4_3_xli1m_utm10_20250506_20250507.tif,200,True,,2026-08-29T19:30:17.509630+00:00
https://nrs.objectstore.gov.bc.ca/gdwuts/094/094p/2025/dem/bc_094p087_3_4_4_xli1m_utm10_20250506_20250507.tif,200,True,,2026-08-29T19:30:17.512080+00:00
https://nrs.objectstore.gov.bc.ca/gdwuts/094/094p/2025/dem/bc_094p087_4_1_1_xli1m_utm10_20250506_20250506.tif,200,True,,2026-08-29T19:30:17.531211+00:00
https://nrs.objectstore.gov.bc.ca/gdwuts/094/094p/2025/dem/bc_094p087_4_1_2_xli1m_utm10_20250506_20250506.tif,200,True,,2026-08-29T19:30:17.531639+00:00
https://nrs.objectstore.gov.bc.ca/gdwuts/094/094p/2025/dem/bc_094p087_4_1_3_xli1m_utm10_20250506_20250506.tif,200,True,,2026-08-29T19:30:17.533762+00:00
https://nrs.objectstore.gov.bc.ca/gdwuts/094/094p/2025/dem/bc_094p087_4_1_4_xli1m_utm10_20250506_20250506.tif,200,True,,2026-08-29T19:30:17.546292+00:00
https://nrs.objectstore.gov.bc.ca/gdwuts/094/094p/2025/dem/bc_094p087_4_2_1_xli1m_utm10_20250506_20250506.tif,200,True,,2026-08-29T19:30:17.538480+00:00
https://nrs.objectstore.gov.bc.ca/gdwuts/094/094p/2025/dem/bc_094p087_4_2_3_xli1m_utm10_20250506_20250506.tif,200,True,,2026-08-29T19:30:17.599176+00:00
https://nrs.objectstore.gov.bc.ca/gdwuts/094/094p/2025/dem/bc_094p087_4_2_4_xli1m_utm10_20250506_20250506.tif,200,True,,2026-08-29T19:30:17.580043+00:00
https://nrs.objectstore.gov.bc.ca/gdwuts/094/094p/2025/dem/bc_094p087_4_3_1_xli1m_utm10_20250506_20250506.tif,200,True,,2026-08-29T19:30:17.614835+00:00
https://nrs.objectstore.gov.bc.ca/gdwuts/094/094p/2025/dem/bc_094p087_4_3_3_xli1m_utm10_20250506_20250506.tif,200,True,,2026-08-29T19:30:17.674614+00:00
https://nrs.objectstore.gov.bc.ca/gdwuts/094/094p/2025/dem/bc_094p087_4_3_4_xli1m_utm10_20250506_20250506.tif,200,True,,2026-08-29T19:30:17.641366+00:00
https://nrs.objectstore.gov.bc.ca/gdwuts/094/094p/2025/dem/bc_094p087_4_4_1_xli1m_utm10_20250506_20250506.tif,200,True,,2026-08-29T19:30:17.628376+00:00
https://nrs.objectstore.gov.bc.ca/gdwuts/094/094p/2025/dem/bc_094p087_4_4_2_xli1m_utm10_20250506_20250506.tif,200,True,,2026-08-29T19:30:17.643959+00:00
https://nrs.objectstore.gov.bc.ca/gdwuts/094/094p/2025/dem/bc_094p087_4_4_3_xli1m_utm10_20250506_20250506.tif,200,True,,2026-08-29T19:30:17.655458+00:00
https://nrs.objectstore.gov.bc.ca/gdwuts/094/094p/2025/dem/bc_094p087_4_4_4_xli1m_utm10_20250506_20250506.tif,200,True,,2026-08-29T19:30:17.708979+00:00
https://nrs.objectstore.gov.bc.ca/gdwuts/094/094p/2025/dem/bc_094p088_1_1_1_xli1m_utm10_20250506_20250506.tif,200,True,,2026-08-29T19:30:17.702300+00:00
https://nrs.objectstore.gov.bc.ca/gdwuts/094/094p/2025/dem/bc_094p088_1_1_2_xli1m_utm10_20250506_20250506.tif,200,True,,2026-08-29T19:30:17.698421+00:00
https://nrs.objectstore.gov.bc.ca/gdwuts/094/094p/2025/dem/bc_094p088_1_1_3_xli1m_utm10_20250506_20250506.tif,200,True,,2026-08-29T19:30:17.717278+00:00
https://nrs.objectstore.gov.bc.ca/gdwuts/094/094p/2025/dem/bc_094p088_1_1_4_xli1m_utm10_20250506_20250506.tif,200,True,,2026-08-29T19:30:17.757157+00:00
https://nrs.objectstore.gov.bc.ca/gdwuts/094/094p/2025/dem/bc_094p088_1_3_1_xli1m_utm10_20250506_20250506.tif,200,True,,2026-08-29T19:30:17.738835+00:00
https://nrs.objectstore.gov.bc.ca/gdwuts/094/094p/2025/dem/bc_094p088_1_3_2_xli1m_utm10_20250506_20250506.tif,200,True,,2026-08-29T19:30:17.741374+00:00
https://nrs.objectstore.gov.bc.ca/gdwuts/094/094p/2025/dem/bc_094p088_1_3_3_xli1m_utm10_20250506_20250506.tif,200,True,,2026-08-29T19:30:17.746828+00:00
https://nrs.objectstore.gov.bc.ca/gdwuts/094/094p/2025/dem/bc_094p088_1_3_4_xli1m_utm10_20250506_20250506.tif,200,True,,2026-08-29T19:30:17.770132+00:00
https://nrs.objectstore.gov.bc.ca/gdwuts/094/094p/2025/dem/bc_094p088_3_1_1_xli1m_utm10_20250506_20250506.tif,200,True,,2026-08-29T19:30:17.782857+00:00
https://nrs.objectstore.gov.bc.ca/gdwuts/094/094p/2025/dem/bc_094p088_3_1_2_xli1m_utm10_20250506_20250506.tif,200,True,,2026-08-29T19:30:17.807181+00:00
https://nrs.objectstore.gov.bc.ca/gdwuts/094/094p/2025/dem/bc_094p088_3_1_3_xli1m_utm10_20250506_20250506.tif,200,True,,2026-08-29T19:30:17.888095+00:00
https://nrs.objectstore.gov.bc.ca/gdwuts/094/094p/2025/dem/bc_094p088_3_1_4_xli1m_utm10_20250506_20250506.tif,200,True,,2026-08-29T19:30:17.815129+00:00
https://nrs.objectstore.gov.bc.ca/gdwuts/094/094p/2025/dem/bc_094p088_3_3_1_xli1m_utm10_20250506_20250506.tif,200,True,,2026-08-29T19:30:17.857133+00:00
https://nrs.objectstore.gov.bc.ca/gdwuts/094/094p/2025/dem/bc_094p088_3_3_2_xli1m_utm10_20250506_20250506.tif,200,True,,2026-08-29T19:30:17.844190+00:00
https://nrs.objectstore.gov.bc.ca/gdwuts/094/094p/2025/dem/bc_094p088_3_3_3_xli1m_utm10_20250506_20250506.tif,200,True,,2026-08-29T19:30:17.861467+00:00
https://nrs.objectstore.gov.bc.ca/gdwuts/094/094p/2025/dem/bc_094p088_3_3_4_xli1m_utm10_20250506_20250506.tif,200,True,,2026-08-29T19:30:17.919020+00:00
https://nrs.objectstore.gov.bc.ca/gdwuts/102/102i/2023/dem/bc_102i060_1_1_1_xli1m_utm9_20231028_20231028.tif,200,True,,2026-08-29T19:30:17.879141+00:00
https://nrs.objectstore.gov.bc.ca/gdwuts/102/102i/2023/dem/bc_102i060_1_1_2_xli1m_utm9_20231028_20231028.tif,200,True,,2026-08-29T19:30:17.910608+00:00
https://nrs.objectstore.gov.bc.ca/gdwuts/102/102i/2023/dem/bc_102i060_1_1_3_xli1m_utm9_20231028_20231028.tif,200,True,,2026-08-29T19:30:17.908219+00:00
https://nrs.objectstore.gov.bc.ca/gdwuts/102/102i/2023/dem/bc_102i060_2_1_1_xli1m_utm9_20231028_20231030.tif,200,True,,2026-08-29T19:30:17.966580+00:00
https://nrs.objectstore.gov.bc.ca/gdwuts/102/102i/2023/dem/bc_102i060_2_1_2_xli1m_utm9_20231028_20231030.tif,200,True,,2026-08-29T19:30:17.974688+00:00
https://nrs.objectstore.gov.bc.ca/gdwuts/102/102i/2023/dem/bc_102i060_2_2_1_xli1m_utm9_20231028_20231030.tif,200,True,,2026-08-29T19:30:17.939222+00:00
https://nrs.objectstore.gov.bc.ca/gdwuts/102/102i/2023/dem/bc_102i060_2_4_2_xli1m_utm9_20231028_20231028.tif,200,True,,2026-08-29T19:30:17.994131+00:00
https://nrs.objectstore.gov.bc.ca/gdwuts/102/102i/2023/dem/bc_102i060_2_4_4_xli1m_utm9_20231028_20231028.tif,200,True,,2026-08-29T19:30:17.951251+00:00
https://nrs.objectstore.gov.bc.ca/gdwuts/102/102i/2023/dem/bc_102i060_3_3_1_xli1m_utm9_20231028_20231028.tif,200,True,,2026-08-29T19:30:18.002129+00:00
https://nrs.objectstore.gov.bc.ca/gdwuts/102/102i/2023/dem/bc_102i070_1_1_3_xli1m_utm9_20231028_20231028.tif,200,True,,2026-08-29T19:30:17.982083+00:00
https://nrs.objectstore.gov.bc.ca/gdwuts/102/102i/2023/dem/bc_102i070_1_3_1_xli1m_utm9_20231028_20231028.tif,200,True,,2026-08-29T19:30:18.011119+00:00
https://nrs.objectstore.gov.bc.ca/gdwuts/102/102i/2023/dem/bc_102i070_1_3_3_xli1m_utm9_20231028_20231030.tif,200,True,,2026-08-29T19:30:18.023351+00:00
https://nrs.objectstore.gov.bc.ca/gdwuts/102/102i/2023/dem/bc_102i070_3_1_1_xli1m_utm9_20231028_20231030.tif,200,True,,2026-08-29T19:30:18.038137+00:00
https://nrs.objectstore.gov.bc.ca/gdwuts/102/102i/2023/dem/bc_102i070_3_1_3_xli1m_utm9_20231028_20231030.tif,200,True,,2026-08-29T19:30:18.112828+00:00
https://nrs.objectstore.gov.bc.ca/gdwuts/102/102i/2023/dem/bc_102i070_3_3_1_xli1m_utm9_20231028_20231030.tif,200,True,,2026-08-29T19:30:18.055153+00:00
https://nrs.objectstore.gov.bc.ca/gdwuts/102/102i/2023/dem/bc_102i070_3_3_3_xli1m_utm9_20231028_20231030.tif,200,True,,2026-08-29T19:30:18.071938+00:00
https://nrs.objectstore.gov.bc.ca/gdwuts/102/102i/2023/dem/bc_102i077_3_3_1_xli1m_utm9_20231028_20231028.tif,200,True,,2026-08-29T19:30:18.102133+00:00
https://nrs.objectstore.gov.bc.ca/gdwuts/102/102i/2023/dem/bc_102i077_3_3_2_xli1m_utm9_20231028_20231028.tif,200,True,,2026-08-29T19:30:18.080143+00:00
https://nrs.objectstore.gov.bc.ca/gdwuts/102/102i/2023/dem/bc_102i077_3_3_3_xli1m_utm9_20231028_20231028.tif,200,True,,2026-08-29T19:30:18.107355+00:00
https://nrs.objectstore.gov.bc.ca/gdwuts/102/102i/2023/dem/bc_102i077_3_3_4_xli1m_utm9_20231028_20231028.tif,200,True,,2026-08-29T19:30:18.132105+00:00
https://nrs.objectstore.gov.bc.ca/gdwuts/102/102i/2023/dem/bc_102i077_3_4_4_xli1m_utm9_20231028_20231028.tif,200,True,,2026-08-29T19:30:18.138067+00:00
https://nrs.objectstore.gov.bc.ca/gdwuts/102/102i/2023/dem/bc_102i077_4_3_3_xli1m_utm9_20231028_20231028.tif,200,True,,2026-08-29T19:30:18.164800+00:00
https://nrs.objectstore.gov.bc.ca/gdwuts/102/102i/2023/dem/bc_102i077_4_3_4_xli1m_utm9_20231028_20231028.tif,200,True,,2026-08-29T19:30:18.149134+00:00
https://nrs.objectstore.gov.bc.ca/gdwuts/102/102i/2023/dem/bc_102i077_4_4_1_xli1m_utm9_20231028_20231028.tif,200,True,,2026-08-29T19:30:18.190671+00:00
https://nrs.objectstore.gov.bc.ca/gdwuts/102/102i/2023/dem/bc_102i077_4_4_2_xli1m_utm9_20231028_20231028.tif,200,True,,2026-08-29T19:30:18.182127+00:00
https://nrs.objectstore.gov.bc.ca/gdwuts/102/102i/2023/dem/bc_102i077_4_4_4_xli1m_utm9_20231028_20231028.tif,200,True,,2026-08-29T19:30:18.199124+00:00
https://nrs.objectstore.gov.bc.ca/gdwuts/102/102i/2023/dem/bc_102i079_1_1_1_xli1m_utm9_20231028_20231030.tif,200,True,,2026-08-29T19:30:18.208414+00:00
https://nrs.objectstore.gov.bc.ca/gdwuts/102/102i/2023/dem/bc_102i079_1_1_2_xli1m_utm9_20231028_20231030.tif,200,True,,2026-08-29T19:30:18.221251+00:00
https://nrs.objectstore.gov.bc.ca/gdwuts/102/102i/2023/dem/bc_102i079_1_1_3_xli1m_utm9_20231028_20231030.tif,200,True,,2026-08-29T19:30:18.221652+00:00
https://nrs.objectstore.gov.bc.ca/gdwuts/102/102i/2023/dem/bc_102i079_1_2_1_xli1m_utm9_20231028_20231030.tif,200,True,,2026-08-29T19:30:18.258834+00:00
https://nrs.objectstore.gov.bc.ca/gdwuts/102/102i/2023/dem/bc_102i079_1_2_2_xli1m_utm9_20231028_20231030.tif,200,True,,2026-08-29T19:30:18.269428+00:00
https://nrs.objectstore.gov.bc.ca/gdwuts/102/102i/2023/dem/bc_102i079_1_3_1_xli1m_utm9_20231028_20231030.tif,200,True,,2026-08-29T19:30:18.298142+00:00
https://nrs.objectstore.gov.bc.ca/gdwuts/102/102i/2023/dem/bc_102i079_1_3_3_xli1m_utm9_20231028_20231030.tif,200,True,,2026-08-29T19:30:18.318611+00:00
https://nrs.objectstore.gov.bc.ca/gdwuts/102/102i/2023/dem/bc_102i079_2_1_1_xli1m_utm9_20231028_20231028.tif,200,True,,2026-08-29T19:30:18.288372+00:00
https://nrs.objectstore.gov.bc.ca/gdwuts/102/102i/2023/dem/bc_102i079_2_1_2_xli1m_utm9_20231028_20231030.tif,200,True,,2026-08-29T19:30:18.293710+00:00
https://nrs.objectstore.gov.bc.ca/gdwuts/102/102i/2023/dem/bc_102i079_2_2_1_xli1m_utm9_20231028_20231030.tif,200,True,,2026-08-29T19:30:18.360748+00:00
https://nrs.objectstore.gov.bc.ca/gdwuts/102/102i/2023/dem/bc_102i079_2_2_2_xli1m_utm9_20231028_20231031.tif,200,True,,2026-08-29T19:30:18.340471+00:00
https://nrs.objectstore.gov.bc.ca/gdwuts/102/102i/2023/dem/bc_102i079_3_1_1_xli1m_utm9_20231028_20231031.tif,200,True,,2026-08-29T19:30:18.344140+00:00
https://nrs.objectstore.gov.bc.ca/gdwuts/102/102i/2023/dem/bc_102i079_3_1_3_xli1m_utm9_20231030_20231031.tif,200,True,,2026-08-29T19:30:18.363051+00:00
https://nrs.objectstore.gov.bc.ca/gdwuts/102/102i/2023/dem/bc_102i080_1_1_1_xli1m_utm9_20231030_20231031.tif,200,True,,2026-08-29T19:30:18.388151+00:00
https://nrs.objectstore.gov.bc.ca/gdwuts/102/102i/2023/dem/bc_102i080_4_4_4_xli1m_utm9_20231031_20240316.tif,200,True,,2026-08-29T19:30:18.373157+00:00
https://nrs.objectstore.gov.bc.ca/gdwuts/102/102i/2023/dem/bc_102i087_1_1_1_xli1m_utm9_20231028_20231028.tif,200,True,,2026-08-29T19:30:18.391128+00:00
https://nrs.objectstore.gov.bc.ca/gdwuts/102/102i/2023/dem/bc_102i087_1_1_2_xli1m_utm9_20231028_20231028.tif,200,True,,2026-08-29T19:30:18.418211+00:00
https://nrs.objectstore.gov.bc.ca/gdwuts/102/102i/2023/dem/bc_102i087_1_2_1_xli1m_utm9_20231028_20231028.tif,200,True,,2026-08-29T19:30:18.409138+00:00
https://nrs.objectstore.gov.bc.ca/gdwuts/102/102i/2023/dem/bc_102i087_1_2_2_xli1m_utm9_20231028_20231028.tif,200,True,,2026-08-29T19:30:18.412471+00:00
https://nrs.objectstore.gov.bc.ca/gdwuts/102/102i/2023/dem/bc_102i087_1_2_3_xli1m_utm9_20231028_20231028.tif,200,True,,2026-08-29T19:30:18.452181+00:00
https://nrs.objectstore.gov.bc.ca/gdwuts/102/102i/2023/dem/bc_102i087_1_2_4_xli1m_utm9_20231028_20231028.tif,200,True,,2026-08-29T19:30:18.463253+00:00
https://nrs.objectstore.gov.bc.ca/gdwuts/102/102i/2023/dem/bc_102i087_1_4_2_xli1m_utm9_20231028_20231028.tif,200,True,,2026-08-29T19:30:18.455201+00:00
https://nrs.objectstore.gov.bc.ca/gdwuts/102/102i/2023/dem/bc_102i087_1_4_4_xli1m_utm9_20231028_20231028.tif,200,True,,2026-08-29T19:30:18.485608+00:00
https://nrs.objectstore.gov.bc.ca/gdwuts/102/102i/2023/dem/bc_102i087_2_2_3_xli1m_utm9_20231028_20231028.tif,200,True,,2026-08-29T19:30:18.480162+00:00
https://nrs.objectstore.gov.bc.ca/gdwuts/102/102i/2023/dem/bc_102i087_2_2_4_xli1m_utm9_20231028_20231028.tif,200,True,,2026-08-29T19:30:18.494161+00:00
https://nrs.objectstore.gov.bc.ca/gdwuts/102/102i/2023/dem/bc_102i087_2_3_1_xli1m_utm9_20231028_20231028.tif,200,True,,2026-08-29T19:30:18.526157+00:00
https://nrs.objectstore.gov.bc.ca/gdwuts/102/102i/2023/dem/bc_102i087_2_3_2_xli1m_utm9_20231028_20231028.tif,200,True,,2026-08-29T19:30:18.549158+00:00
https://nrs.objectstore.gov.bc.ca/gdwuts/102/102i/2023/dem/bc_102i087_2_3_3_xli1m_utm9_20231028_20231028.tif,200,True,,2026-08-29T19:30:18.562007+00:00
https://nrs.objectstore.gov.bc.ca/gdwuts/102/102i/2023/dem/bc_102i087_2_4_1_xli1m_utm9_20231028_20231028.tif,200,True,,2026-08-29T19:30:18.567241+00:00
https://nrs.objectstore.gov.bc.ca/gdwuts/102/102i/2023/dem/bc_102i090_1_4_1_xli1m_utm9_20231031_20240316.tif,200,True,,2026-08-29T19:30:18.570932+00:00
https://nrs.objectstore.gov.bc.ca/gdwuts/102/102i/2023/dem/bc_102i090_1_4_2_xli1m_utm9_20231031_20240316.tif,200,True,,2026-08-29T19:30:18.585917+00:00
https://nrs.objectstore.gov.bc.ca/gdwuts/102/102i/2023/dem/bc_102i090_1_4_3_xli1m_utm9_20231031_20240316.tif,200,True,,2026-08-29T19:30:18.607166+00:00
https://nrs.objectstore.gov.bc.ca/gdwuts/102/102i/2023/dem/bc_102i090_2_1_2_xli1m_utm9_20231031_20240316.tif,200,True,,2026-08-29T19:30:18.617338+00:00
https://nrs.objectstore.gov.bc.ca/gdwuts/102/102i/2023/dem/bc_102i090_2_1_3_xli1m_utm9_20231031_20240316.tif,200,True,,2026-08-29T19:30:18.583146+00:00
https://nrs.objectstore.gov.bc.ca/gdwuts/102/102i/2023/dem/bc_102i090_2_1_4_xli1m_utm9_20231031_20240316.tif,200,True,,2026-08-29T19:30:18.630411+00:00
https://nrs.objectstore.gov.bc.ca/gdwuts/102/102i/2023/dem/bc_102i090_2_2_1_xli1m_utm9_20231031_20240316.tif,200,True,,2026-08-29T19:30:18.672522+00:00
https://nrs.objectstore.gov.bc.ca/gdwuts/102/102i/2023/dem/bc_102i090_3_1_1_xli1m_utm9_20231031_20231031.tif,200,True,,2026-08-29T19:30:18.670485+00:00
https://nrs.objectstore.gov.bc.ca/gdwuts/102/102i/2023/dem/bc_102i090_3_1_2_xli1m_utm9_20231031_20231031.tif,200,True,,2026-08-29T19:30:18.663735+00:00
https://nrs.objectstore.gov.bc.ca/gdwuts/102/102i/2023/dem/bc_102i090_3_2_1_xli1m_utm9_20231031_20231031.tif,200,True,,2026-08-29T19:30:18.683813+00:00
https://nrs.objectstore.gov.bc.ca/gdwuts/102/102i/2023/dem/bc_102i090_3_2_3_xli1m_utm9_20231031_20231031.tif,200,True,,2026-08-29T19:30:18.691601+00:00
https://nrs.objectstore.gov.bc.ca/gdwuts/102/102i/2023/dem/bc_102i090_3_4_1_xli1m_utm9_20231031_20231031.tif,200,True,,2026-08-29T19:30:18.694073+00:00
https://nrs.objectstore.gov.bc.ca/gdwuts/102/102i/2023/dem/bc_102i090_3_4_2_xli1m_utm9_20231031_20231031.tif,200,True,,2026-08-29T19:30:18.697046+00:00
https://nrs.objectstore.gov.bc.ca/gdwuts/102/102i/2023/dem/bc_102i090_4_1_3_xli1m_utm9_20231031_20231031.tif,200,True,,2026-08-29T19:30:18.733111+00:00
https://nrs.objectstore.gov.bc.ca/gdwuts/102/102i/2023/dem/bc_102i090_4_1_4_xli1m_utm9_20231031_20231031.tif,200,True,,2026-08-29T19:30:18.770247+00:00
https://nrs.objectstore.gov.bc.ca/gdwuts/102/102i/2023/dem/bc_102i090_4_2_2_xli1m_utm9_20231031_20231031.tif,200,True,,2026-08-29T19:30:18.765365+00:00
https://nrs.objectstore.gov.bc.ca/gdwuts/102/102i/2023/dem/bc_102i090_4_2_3_xli1m_utm9_20231031_20231031.tif,200,True,,2026-08-29T19:30:18.741708+00:00
https://nrs.objectstore.gov.bc.ca/gdwuts/102/102i/2023/dem/bc_102i090_4_2_4_xli1m_utm9_20231031_20231031.tif,200,True,,2026-08-29T19:30:18.791195+00:00
https://nrs.objectstore.gov.bc.ca/gdwuts/102/102i/2023/dem/bc_102i090_4_3_1_xli1m_utm9_20231031_20231031.tif,200,True,,2026-08-29T19:30:18.787418+00:00
https://nrs.objectstore.gov.bc.ca/gdwuts/102/102i/2023/dem/bc_102i090_4_3_2_xli1m_utm9_20231031_20231031.tif,200,True,,2026-08-29T19:30:18.806297+00:00
https://nrs.objectstore.gov.bc.ca/gdwuts/102/102i/2023/dem/bc_102i090_4_3_3_xli1m_utm9_20231031_20231031.tif,200,True,,2026-08-29T19:30:18.792349+00:00
https://nrs.objectstore.gov.bc.ca/gdwuts/102/102i/2023/dem/bc_102i090_4_3_4_xli1m_utm9_20231031_20231031.tif,200,True,,2026-08-29T19:30:18.802899+00:00
https://nrs.objectstore.gov.bc.ca/gdwuts/102/102i/2023/dem/bc_102i090_4_4_1_xli1m_utm9_20231031_20231031.tif,200,True,,2026-08-29T19:30:18.820951+00:00
https://nrs.objectstore.gov.bc.ca/gdwuts/102/102i/2023/dem/bc_102i090_4_4_2_xli1m_utm9_20231031_20231031.tif,200,True,,2026-08-29T19:30:18.824569+00:00
